# Type Ia supernovae from the Pantheon+ / SH0ES compilation, one row per SN.
# Source: Scolnic et al. 2022 (ApJ 938, 113) and Brout et al. 2022 (ApJ 938, 110),
#   file Pantheon+SH0ES.dat from the Pantheon+ Data Release
#   (https://github.com/PantheonPlusSH0ES/DataRelease). Downloaded 2026-08-17.
#
# 1543 unique supernovae (the release lists 1,701 light curves of 1,550
#   distinct events; a handful of names collide across surveys and collapse here
#   to the fit with the smallest peak-magnitude error). 43 sit in hosts with a Cepheid distance.
#
# z_hd is the Hubble-diagram redshift (CMB-frame, with a peculiar-velocity
#   correction). peak_mb, stretch_x1 and salt_color are the SALT2 light-curve
#   parameters: peak B magnitude, stretch, and colour. mu_sh0es is the
#   stretch-and-colour-corrected distance modulus whose zero point is set by
#   the SH0ES Cepheid hosts — the second rung, standing on the first.
# cepheid_mu is the geometric Cepheid modulus of the host when there is one,
#   blank otherwise. is_calibrator is 1 for those hosts.
# mu_sh0es_err is the diagonal of the covariance, for plotting only; cosmology
#   fits must use the full matrix, which is not committed here.
name,z_hd,z_hd_err,peak_mb,peak_mb_err,stretch_x1,stretch_x1_err,salt_color,mu_sh0es,mu_sh0es_err,is_calibrator,cepheid_mu,ra_deg,dec_deg
000006,0.23041,0.00143,21.3997,0.0452383,-0.009105,0.43902,0.12905,40.3062,0.260109,0,,53.3665,-28.3715
000010,0.24585,0.00144,21.1628,0.0364886,0.29723,0.28779,0.013287,40.4318,0.167359,0,,149.749,3.1575
000011,0.38153,0.00153,22.8895,0.0444649,-2.14572,0.60143,0.11588,41.6775,0.218983,0,,149.976,2.4119
000014,0.13614,0.00138,19.3954,0.0448413,0.47577,0.57882,-0.111842,38.9771,0.206627,0,,35.878,-4.6363
000034,0.2533,0.00145,20.7079,0.0332041,1.00288,0.37069,-0.119666,40.3688,0.15705,0,,36.0664,-3.1865
000038,0.1505,0.00139,19.711,0.0348121,0.71049,0.19695,-0.028408,39.1058,0.170038,0,,35.0957,-4.6725
000137,0.11901,0.00137,19.6281,0.0369313,-0.710055,0.17565,0.081772,38.5629,0.212381,0,,161.159,57.8111
000142,0.43683,0.00156,22.7283,0.0357877,-0.769832,0.4262,-0.030455,42.0051,0.1818,0,,162.309,58.4672
000174,0.24511,0.00144,21.4145,0.0360011,-0.731508,0.21605,0.08696,40.3336,0.209543,0,,162.029,56.8502
000190,0.10221,0.00136,19.2136,0.0339766,0.084611,0.098045,0.003738,38.4085,0.187412,0,,148.988,2.2635
000196,0.35059,0.00151,21.8019,0.0300284,0.45123,0.24223,-0.050007,41.2342,0.163121,0,,150.115,2.694
000199,0.37153,0.00152,21.7392,0.0286802,0.89801,0.2289,-0.110945,41.3842,0.116639,0,,151.231,2.5909
000202,0.61983,0.00168,23.0598,0.0360488,0.61215,0.52292,-0.168582,42.7557,0.154862,0,,150.539,1.8992
000215,0.46654,0.00158,22.455,0.03326,0.97228,0.31456,-0.09831,42.048,0.135922,0,,150.81,3.1442
000220,0.21972,0.00143,20.606,0.0340948,-0.700887,0.14475,-0.129253,40.0616,0.124319,0,,150.537,2.7186
000236,0.19616,0.00141,20.2976,0.033471,-0.201493,0.14232,-0.084432,39.7288,0.124812,0,,131.58,44.0731
000420,0.31144,0.00148,21.6639,0.0340529,-0.749021,0.17802,-0.081778,41.0123,0.141744,0,,149.82,1.6135
010010,0.0995,0.00096,19.1455,0.033575,0.9091,0.15659,0.010397,38.4377,0.194713,0,,150.859,1.0294
010026,0.03236,0.00086,16.4521,0.0382227,-0.409321,0.082041,-0.031578,35.6746,0.20211,0,,160.674,58.8438
020027,0.11001,0.00136,19.3621,0.0335753,0.29665,0.15075,0.036283,38.5701,0.179741,0,,186.336,46.0152
020090,0.41004,0.00154,22.3072,0.056404,0.32073,0.90738,-0.013278,41.6836,0.279968,0,,212.879,53.5796
020096,0.22578,0.00143,20.6652,0.0393925,-0.69326,0.21577,-0.076474,39.9865,0.175963,0,,161.314,58.1927
020176,0.26062,0.00145,20.9283,0.0310197,0.89957,0.32218,-0.088821,40.5033,0.171288,0,,211.862,53.3429
030006,0.50285,0.0016,22.5287,0.12211,0.47249,0.9973,-0.090771,42.0703,0.312874,0,,162.525,58.7774
030066,0.22542,0.00143,20.4108,0.042548,1.38181,0.37115,-0.133984,40.1491,0.174035,0,,150.183,3.404
03D1au,0.50316,0.00135,22.7383,0.0259461,1.26007,0.15011,-0.017318,42.1444,0.228687,0,,36.0432,-4.0375
03D1aw,0.5808,0.00517,23.3065,0.0275148,0.99829,0.27584,-0.029281,42.7061,0.239821,0,,36.0616,-4.5172
03D1ax,0.49579,0.00126,22.6967,0.026141,-0.734029,0.10212,-0.105749,42.0817,0.153945,0,,36.0972,-4.7207
03D1bp,0.34602,0.0015,22.1331,0.0303872,-1.15321,0.11161,-0.048694,41.3318,0.136683,0,,36.6572,-4.8388
03D1co,0.67773,0.00172,23.8105,0.0445752,0.67911,0.40655,-0.039608,43.2251,0.311797,0,,36.5677,-4.9351
03D1fc,0.33103,0.00149,21.6006,0.0290511,0.65439,0.11829,-0.023031,41.0098,0.137116,0,,36.4316,-4.1441
03D1fq,0.79863,0.01011,24.2232,0.0447665,-1.02335,0.42081,-0.041492,43.4338,0.288144,0,,36.7319,-4.3022
03D4at,0.63225,0.00169,23.4716,0.0334611,0.21129,0.32719,-0.056573,42.8493,0.323662,0,,333.6,-17.7767
03D4au,0.46643,0.00158,23.5316,0.0351029,0.35918,0.33294,0.1162,42.3424,0.396492,0,,334.041,-18.0776
03D4cz,0.69318,0.00173,23.7601,0.0468212,-1.76537,0.36781,-0.068748,42.9162,0.318024,0,,334.174,-17.9263
03D4dh,0.62525,0.00141,23.1117,0.0266788,1.13855,0.17837,-0.076925,42.6577,0.215148,0,,334.379,-17.6297
03D4dy,0.60827,0.01009,22.978,0.0277249,1.17176,0.18431,-0.10218,42.5904,0.228388,0,,333.711,-17.9565
03D4fd,0.78907,0.0018,23.9382,0.0405168,0.82118,0.48128,-0.036025,43.3837,0.271177,0,,334.06,-17.3956
03D4gf,0.5783,0.01009,23.0588,0.0275465,0.52452,0.31579,-0.036908,42.4174,0.24485,0,,333.596,-17.734
03D4gg,0.59029,0.00166,23.1652,0.0350651,0.99441,0.43532,0.013796,42.5156,0.248253,0,,334.168,-18.1645
040137,0.44764,0.00157,22.5333,0.0585134,1.08695,0.53781,0.023926,41.8552,0.223954,0,,214.46,52.801
040150,0.38185,0.00153,22.2007,0.0549233,-0.249703,0.5281,-0.047299,41.5615,0.198898,0,,162.098,57.1482
040166,0.44013,0.00156,22.4934,0.1194,0.30821,1.4804,-0.148968,42.1401,0.441915,0,,214.12,54.0536
040201,0.27995,0.00146,21.0656,0.0388957,0.395,0.21215,-0.08678,40.5664,0.153331,0,,184.46,47.4468
040780,0.23082,0.00143,21.6669,0.0448949,-0.910841,0.47222,0.27933,40.0717,0.296847,0,,243.62,54.7258
040782,0.33751,0.0015,22.1611,0.0509092,-0.572393,0.43259,0.15267,41.0098,0.23724,0,,242.077,54.9081
04D1aj,0.71969,0.0101,23.6216,0.0349846,0.3801,0.35878,-0.027696,42.97,0.342226,0,,36.4748,-4.9946
04D1de,0.76666,0.00178,23.853,0.0343587,0.90425,0.24322,-0.12298,43.4224,0.250162,0,,36.6496,-4.4226
04D1hd,0.36799,0.00152,21.8953,0.0263619,0.78582,0.067924,-0.097547,41.4699,0.158375,0,,36.5368,-4.1096
04D1hx,0.55882,0.00164,23.4386,0.0275874,0.27611,0.19087,0.11205,42.2975,0.356215,0,,36.1771,-4.7903
04D1jg,0.58301,0.00141,23.0079,0.027304,0.26232,0.15731,-0.106769,42.5408,0.168029,0,,36.5523,-4.1348
04D1kj,0.58382,0.00166,23.0717,0.0249334,0.21618,0.126,-0.06898,42.4765,0.198486,0,,36.9694,-4.1803
04D1ks,0.79662,0.01011,23.8463,0.0365345,0.68862,0.26157,0.1049,42.9026,0.372096,0,,36.0396,-4.9787
04D1oh,0.58879,0.01009,23.1335,0.0303924,-0.077305,0.20659,-0.071824,42.5021,0.220032,0,,36.2598,-4.2362
04D1pc,0.76865,0.00178,24.2636,0.0357991,-0.434616,0.33791,0.091841,43.2929,0.311675,0,,36.6037,-4.3994
04D1pg,0.51387,0.00161,23.3138,0.0319164,0.98811,0.1972,0.10301,42.2567,0.35966,0,,36.7673,-4.1753
04D1pp,0.73368,0.00176,23.7069,0.0302505,-1.38223,0.21307,-0.114244,42.9845,0.195902,0,,36.302,-4.7016
04D1pu,0.63777,0.00169,23.7472,0.0516864,-1.59949,0.37149,0.096759,42.5298,0.442879,0,,36.8686,-4.7449
04D1qd,0.76566,0.00178,23.9664,0.0335252,0.17992,0.27421,0.016494,43.2369,0.225434,0,,36.6378,-4.1072
04D1rh,0.43494,0.00156,22.293,0.0263641,0.80878,0.21002,-0.064072,41.7828,0.183674,0,,36.9464,-4.2538
04D1sa,0.58382,0.00166,23.3004,0.0314857,-0.445335,0.28823,-0.069032,42.6489,0.184752,0,,36.984,-4.1761
04D1si,0.7007,0.00174,23.583,0.0323915,0.1376,0.29792,-0.012145,42.917,0.223194,0,,36.2033,-4.569
04D1sk,0.66213,0.00147,23.8042,0.0320015,0.45278,0.37908,0.083271,42.9793,0.279772,0,,36.0949,-4.3536
04D2an,0.62183,0.01009,23.3052,0.0313838,-0.307084,0.56418,-0.049355,42.5894,0.275623,0,,150.218,2.0412
04D2cf,0.37052,0.00152,22.196,0.0492896,-0.854231,0.2151,-0.021378,41.3759,0.163241,0,,150.484,1.8795
04D2fp,0.41657,0.00155,22.2787,0.0266956,0.37739,0.12792,-0.056956,41.7295,0.149208,0,,149.867,2.321
04D2fs,0.3585,0.00151,22.1572,0.0269833,0.10146,0.10203,0.051992,41.1484,0.288995,0,,150.092,1.7654
04D2gb,0.45162,0.01007,22.635,0.0285378,-1.60336,0.17186,0.022769,41.5892,0.225346,0,,150.594,1.8942
04D2gc,0.52271,0.00162,23.0586,0.0273755,1.1143,0.20565,0.009597,42.3496,0.273927,0,,150.414,1.8831
04D2gp,0.73395,0.00176,23.9298,0.0507248,-1.35262,0.41314,-0.136739,43.22,0.388289,0,,149.835,2.5089
04D2iu,0.70192,0.0101,23.9487,0.0458328,-1.92656,0.42093,0.035143,42.8962,0.462713,0,,150.305,2.415
04D2ja,0.74196,0.00176,23.8111,0.051737,0.36095,0.40224,-0.203948,43.4813,0.32514,0,,149.702,1.7717
04D2kr,0.74607,0.00154,23.5727,0.0322762,0.80413,0.31487,-0.034175,42.9817,0.25474,0,,150.156,1.7119
04D2mc,0.34949,0.00151,22.2453,0.0355133,-1.78672,0.1152,0.07825,41.005,0.226318,0,,150.148,1.7842
04D2mh,0.59179,0.01009,23.1148,0.0272519,1.58203,0.17325,0.007242,42.4508,0.255828,0,,149.941,2.141
04D2mj,0.51469,0.00161,23.5089,0.0317268,1.50549,0.2247,0.14883,42.3259,0.402924,0,,150.152,2.5771
04D3co,0.6207,0.01009,23.5122,0.033128,-0.663056,0.19497,-0.026444,42.6988,0.268136,0,,214.458,52.9636
04D3cy,0.64371,0.0017,23.5098,0.0350406,-0.189327,0.20437,-0.039643,42.7992,0.309841,0,,214.552,52.6583
04D3do,0.61071,0.01009,23.2859,0.0255704,-0.815949,0.14548,-0.114016,42.6686,0.184238,0,,214.442,52.2676
04D3ez,0.2636,0.00117,21.4006,0.027039,-1.08753,0.082423,0.027152,40.3997,0.177345,0,,214.783,53.072
04D3fk,0.35842,0.00133,22.2446,0.0257409,-0.394488,0.081185,0.070978,41.2423,0.215992,0,,214.609,52.5285
04D3fq,0.74276,0.00176,23.8075,0.0364385,-0.408963,0.35531,-0.039225,43.0825,0.327179,0,,214.241,52.3795
04D3gt,0.45163,0.00157,22.9759,0.0267923,-0.238989,0.11205,0.18447,41.7162,0.305385,0,,215.636,52.6469
04D3hn,0.55267,0.00164,23.2161,0.0270555,-0.56836,0.12108,0.074746,42.1938,0.244151,0,,215.529,52.2286
04D3kr,0.33762,0.0015,21.692,0.025328,1.22584,0.082171,-0.028528,41.1477,0.176101,0,,214.15,52.4789
04D3ks,0.75074,0.01011,23.5209,0.0417541,0.54287,0.31152,-0.035144,42.9012,0.318716,0,,215.64,52.1852
04D3nh,0.34061,0.0015,21.8647,0.0251195,0.60401,0.087276,-0.012868,41.1737,0.192422,0,,215.611,52.3334
04D4an,0.61127,0.00167,23.7482,0.0397049,-0.328424,0.40784,0.019593,42.9049,0.247686,0,,333.988,-17.6955
04D4bq,0.54834,0.01008,23.0747,0.0333988,0.65889,0.25839,0.094616,42.0235,0.363222,0,,333.706,-17.8276
04D4fx,0.62725,0.00169,23.2576,0.0287034,0.96367,0.19305,-0.002771,42.585,0.244041,0,,334.159,-18.0664
04D4gg,0.42247,0.00155,22.4626,0.0302294,1.2311,0.13835,0.073059,41.6483,0.231707,0,,334.039,-17.2944
04D4hu,0.70117,0.00174,23.6426,0.0327382,0.03972,0.23414,-0.107437,43.0968,0.261582,0,,333.901,-17.8389
04D4ib,0.69718,0.00173,23.3147,0.0296044,0.9689,0.21666,-0.138525,42.9692,0.212738,0,,334.174,-18.1051
04D4ic,0.68519,0.00172,23.8497,0.0435894,-0.878255,0.38451,-0.015862,43.0166,0.366173,0,,333.591,-17.9435
04D4id,0.76709,0.00178,23.9164,0.045008,0.66935,0.4435,-0.170684,43.5587,0.25715,0,,334.089,-17.229
04D4im,0.74911,0.00177,23.5586,0.0348869,1.1487,0.25303,0.014048,42.9396,0.262488,0,,333.754,-17.396
04D4in,0.51437,0.00136,22.616,0.0274454,1.52402,0.14696,-0.076453,42.2259,0.196162,0,,333.786,-17.261
04D4jr,0.46842,0.01007,22.3726,0.0252557,1.53692,0.12203,-0.068908,41.9733,0.206146,0,,333.56,-17.3502
04D4ju,0.47042,0.00158,23.5027,0.0291455,0.43812,0.22493,0.15107,42.2151,0.404516,0,,334.261,-17.3328
050003,0.427,0.00155,22.4264,0.057131,1.07494,0.74091,-0.00449,41.813,0.229539,0,,242.219,55.0048
050005,0.52859,0.00162,22.6439,0.0523555,1.39309,0.707,-0.007128,42.0855,0.188829,0,,211.812,53.9976
050201,0.55021,0.00163,22.7988,0.0546527,0.30618,0.65545,-0.072334,42.3253,0.19588,0,,241.703,54.9809
050203,0.57619,0.00165,22.8564,0.06781,1.01825,0.73675,-0.118083,42.4887,0.202103,0,,242.793,55.1223
050251,0.38781,0.00153,22.2227,0.0614547,0.71518,0.95549,-0.007223,41.6302,0.283892,0,,214.327,53.9783
050291,0.32548,0.00149,21.9183,0.047217,0.33582,0.38842,0.007324,41.2273,0.193265,0,,244.566,55.3847
050293,0.36017,0.00151,21.8188,0.0360418,0.43068,0.40913,-0.023063,41.187,0.191161,0,,244.449,55.3023
050296,0.35099,0.00151,21.741,0.0470053,0.81669,0.48131,-0.053551,41.2532,0.161378,0,,243.451,55.6085
050301,0.34717,0.0015,22.0891,0.0458444,0.84013,0.49257,0.15505,41.1174,0.244272,0,,244.724,55.7829
050303,0.32842,0.00149,22.3705,0.062456,0.6411,0.73945,0.18093,41.3079,0.308428,0,,241.437,56.0744
050580,0.45068,0.00157,22.4005,0.0427534,-0.410302,0.46861,0.020054,41.6446,0.157686,0,,212.991,52.0718
050607,0.43935,0.00156,22.6491,0.046893,0.10818,0.50736,0.060541,41.8262,0.202784,0,,213.514,53.3622
05D1cb,0.63077,0.00169,23.4339,0.0294256,-0.292514,0.20646,-0.001731,42.6632,0.202856,0,,36.7377,-4.1176
05D1cc,0.56283,0.00164,23.244,0.029393,-0.150829,0.15119,-0.010986,42.4296,0.234712,0,,36.6299,-4.1648
05D1ck,0.61577,0.00168,23.8117,0.0328768,-0.021534,0.2594,0.1044,42.7085,0.347272,0,,36.1035,-4.7128
05D1dn,0.56481,0.00164,23.0214,0.0274761,1.23413,0.22423,-0.022819,42.4873,0.19275,0,,36.111,-4.9916
05D1dx,0.57882,0.01009,23.0147,0.0249165,0.64671,0.1202,-0.050113,42.4272,0.214391,0,,36.9458,-4.0325
05D1ee,0.55782,0.00164,23.2614,0.0298932,-0.603782,0.18439,-0.006298,42.4389,0.195189,0,,36.1948,-4.0005
05D1eo,0.73568,0.00176,24.0224,0.0366808,-1.52666,0.29399,-0.051033,43.1807,0.25711,0,,36.3464,-4.6427
05D1hm,0.58582,0.00166,23.8257,0.0349852,1.08259,0.28503,0.14468,42.707,0.37297,0,,36.9426,-4.7173
05D1if,0.76165,0.00178,23.7596,0.0348049,0.16435,0.25395,-0.054731,43.131,0.239872,0,,36.1239,-4.5703
05D1ix,0.48888,0.01008,22.6058,0.0276089,0.54116,0.13867,-0.076919,42.0842,0.199732,0,,36.0832,-4.67
05D1ke,0.68872,0.0101,23.3282,0.0268484,0.21014,0.2579,-0.111381,42.8137,0.226508,0,,36.6929,-4.8625
05D1kl,0.55882,0.00164,23.8877,0.0369417,0.66353,0.2988,0.13383,42.7331,0.3833,0,,36.1397,-4.319
05D2ab,0.32446,0.00149,21.7252,0.0270228,-0.156457,0.083746,-0.046011,41.0699,0.126468,0,,150.462,2.1063
05D2ac,0.48065,0.00159,22.4005,0.0250143,1.12022,0.11153,-0.064525,41.9748,0.139221,0,,149.747,2.4895
05D2bt,0.6819,0.0101,23.2239,0.0327689,0.51418,0.25606,-0.16162,42.8376,0.239367,0,,150.418,2.5662
05D2bv,0.47565,0.00159,22.4458,0.0256358,-0.010367,0.12199,-0.114695,41.938,0.177112,0,,150.571,2.2406
05D2cb,0.42859,0.00156,23.1319,0.0323026,0.8842,0.19161,0.15153,41.8825,0.403543,0,,149.852,2.3282
05D2ci,0.63183,0.00169,23.33,0.0446844,-0.938128,0.246,0.073098,42.3111,0.32695,0,,150.008,2.2159
05D2ck,0.69992,0.00173,24.1799,0.0391362,-2.64608,0.45867,-0.008135,43.1147,0.29538,0,,150.188,2.5729
05D2ct,0.73596,0.00176,24.104,0.0548247,0.36808,0.46935,0.089997,43.1675,0.425639,0,,150.426,2.1238
05D2dt,0.57577,0.00165,23.3826,0.0324809,0.18619,0.27233,0.026828,42.5915,0.213158,0,,150.35,1.8577
05D2dw,0.41857,0.00155,22.2005,0.0280547,1.14278,0.16297,-0.022405,41.6174,0.202099,0,,149.634,2.0322
05D2dy,0.51169,0.01008,22.6287,0.0262443,1.58953,0.28578,-0.132852,42.3885,0.227281,0,,150.242,2.1831
05D2eb,0.53572,0.00162,22.7238,0.0335204,0.93473,0.28868,-0.061048,42.2134,0.209507,0,,150.061,2.4074
05D2ec,0.64185,0.0017,23.4018,0.0327391,-0.196789,0.21155,-0.1167,42.8476,0.256941,0,,149.859,2.0136
05D2fq,0.73495,0.00176,23.7185,0.0335926,0.82938,0.31632,-0.082309,43.2537,0.224615,0,,149.785,2.602
05D2hc,0.35149,0.01006,22.4164,0.0269649,-0.672411,0.16441,0.030983,41.4798,0.209505,0,,150.019,1.886
05D2he,0.60981,0.00167,23.6539,0.0305981,0.15684,0.37523,0.058316,42.6876,0.321483,0,,150.361,2.3177
05D2ie,0.34949,0.00151,21.9629,0.0283506,-0.072317,0.14775,-0.082964,41.3756,0.171432,0,,150.262,2.6581
05D2le,0.70192,0.00174,23.6779,0.0354881,0.49593,0.30652,-0.026044,43.0433,0.252753,0,,150.479,2.0929
05D2mp,0.35519,0.0012,22.1208,0.032665,1.30429,0.18887,0.005725,41.4647,0.223042,0,,149.786,2.204
05D2nt,0.75899,0.00178,23.8227,0.0314531,1.53089,0.31135,-0.017957,43.2469,0.233153,0,,150.243,2.3727
05D3ax,0.64371,0.0017,23.3347,0.0458039,0.60257,0.42003,-0.070931,42.8034,0.316528,0,,214.823,52.6875
05D3cf,0.41965,0.00155,22.668,0.0273966,-0.262506,0.17416,0.000776,41.7981,0.235757,0,,214.223,52.3451
05D3dd,0.48064,0.01008,22.6755,0.025565,-0.215323,0.12525,-0.043171,42.0041,0.160362,0,,215.627,52.6068
05D3gp,0.58067,0.01009,23.242,0.0468936,-0.501929,0.38712,-0.082226,42.573,0.262496,0,,215.676,52.7247
05D3gv,0.71571,0.00175,23.7089,0.0371653,-0.842722,0.28607,-0.065358,42.9944,0.245932,0,,215.247,53.1789
05D3hh,0.76674,0.00178,24.0069,0.0503362,0.53015,0.42108,-0.002753,43.3623,0.27025,0,,214.792,52.9593
05D3hs,0.6647,0.00171,23.2305,0.0341108,0.58036,0.20646,-0.175117,42.8698,0.233989,0,,215.307,52.9038
05D3jb,0.74573,0.00177,23.6361,0.0301626,0.93826,0.23307,-0.072819,43.1675,0.195179,0,,215.542,52.8781
05D3jh,0.71874,0.00175,23.4418,0.0319483,-0.634411,0.181,-0.144845,42.8739,0.18843,0,,214.356,52.6188
05D3jk,0.73675,0.00176,23.4048,0.0265153,0.78444,0.18044,-0.135768,42.992,0.21489,0,,214.198,52.5925
05D3jq,0.57967,0.00165,23.0197,0.0235113,1.50416,0.20008,-0.004422,42.3923,0.23116,0,,215.439,53.0299
05D3jr,0.37062,0.01007,22.3578,0.0263611,-0.897467,0.12171,0.040328,41.273,0.282407,0,,214.87,52.8648
05D3kt,0.6487,0.0017,23.6943,0.0305931,-0.430921,0.19501,0.051673,42.7335,0.310678,0,,214.974,52.743
05D3lb,0.6477,0.0017,23.6204,0.0282332,0.30349,0.18291,0.024403,42.819,0.288435,0,,214.382,53.1679
05D3lc,0.46164,0.00158,22.7026,0.0242748,-0.744735,0.10714,-0.055792,41.9839,0.138441,0,,215.596,52.4789
05D3lr,0.60067,0.01009,23.5748,0.0381162,0.19268,0.35206,0.09938,42.6116,0.278838,0,,215.551,53.1843
05D3mh,0.67072,0.0101,23.7896,0.0376619,0.65852,0.4762,0.048163,43.0677,0.274795,0,,214.749,52.6676
05D3mn,0.76076,0.00178,23.741,0.0280056,-0.223091,0.2914,-0.040765,43.0667,0.201161,0,,214.689,52.3231
05D3mq,0.2466,0.00144,21.2325,0.0288841,-0.703263,0.16543,-0.009672,40.3907,0.15515,0,,214.752,52.3851
05D3mx,0.47065,0.01007,22.7669,0.0272552,-1.38814,0.10565,-0.086917,42.0135,0.180637,0,,215.538,52.2192
05D4af,0.49739,0.0016,22.8409,0.0284347,0.11363,0.23312,-0.029528,42.1268,0.225856,0,,334.138,-18.0049
05D4ag,0.63824,0.01009,23.6216,0.0455643,0.49764,0.47275,0.086044,42.6594,0.367516,0,,333.448,-18.1653
05D4av,0.50739,0.00161,23.3015,0.0290916,0.87099,0.1779,0.16478,42.2419,0.288822,0,,333.544,-17.9119
05D4be,0.53534,0.00162,22.6065,0.0257978,0.90843,0.12929,-0.158608,42.3205,0.204703,0,,334.222,-17.2361
05D4bf,0.5873,0.00166,23.3478,0.0312758,0.081442,0.22996,-0.005325,42.6241,0.203038,0,,334.11,-18.2321
05D4bi,0.77309,0.00178,23.7652,0.0390982,0.97441,0.38297,-0.130707,43.3568,0.295081,0,,333.986,-17.9861
05D4bj,0.69918,0.00173,23.8349,0.0344688,0.19285,0.29626,0.064232,42.9402,0.338462,0,,333.749,-18.1334
05D4bm,0.37053,0.00152,21.9481,0.0274347,0.2366,0.070196,-0.072812,41.3833,0.160025,0,,334.269,-17.6776
05D4cn,0.7611,0.00178,23.7882,0.0318574,1.1215,0.24147,0.00798,43.1767,0.236628,0,,333.381,-17.2888
05D4cq,0.69918,0.00173,23.4618,0.031648,0.63738,0.26364,-0.134624,43.0691,0.215345,0,,333.54,-18.2267
05D4cs,0.78807,0.01011,23.6961,0.0306974,1.39711,0.21328,-0.118113,43.3042,0.232049,0,,334.324,-17.8802
05D4cw,0.37353,0.00152,21.8814,0.0278351,-0.841889,0.10283,-0.133616,41.3114,0.133039,0,,333.709,-17.7388
05D4dt,0.4055,0.00154,22.5406,0.0271623,-0.984383,0.10459,-0.054287,41.7807,0.135518,0,,333.608,-17.6711
05D4ef,0.60328,0.00167,23.5699,0.0325797,-1.55174,0.20642,-0.069996,42.7503,0.2001,0,,333.497,-18.2123
05D4ej,0.5833,0.00166,23.4494,0.0294753,0.22167,0.17316,-0.025054,42.7974,0.186201,0,,333.969,-18.1957
05D4ek,0.53435,0.00162,23.0343,0.0307607,0.26236,0.17641,0.066832,42.1433,0.225295,0,,334.115,-17.7363
05D4ev,0.72015,0.00175,23.9649,0.041084,-1.12101,0.28246,-0.038183,43.1612,0.243162,0,,333.377,-17.7008
05D4ff,0.4005,0.00154,22.3291,0.0297076,-0.724544,0.12088,-0.007026,41.4918,0.158339,0,,334.084,-18.0426
05D4fo,0.37153,0.00152,22.1759,0.0263748,-0.704725,0.086949,-0.058701,41.4289,0.165418,0,,333.837,-17.2681
06D2bk,0.50067,0.0016,23.0085,0.0286714,0.48238,0.28201,-0.001945,42.257,0.253816,0,,149.679,2.172
06D2ca,0.53271,0.00162,23.0438,0.0292068,1.32981,0.34964,0.039001,42.2472,0.294354,0,,149.79,2.3025
06D2cc,0.53372,0.00162,23.1846,0.0423276,-0.578375,0.32797,0.072469,42.1649,0.273819,0,,149.862,2.4514
06D2ck,0.55375,0.00164,23.1401,0.0336833,0.012264,0.39297,-0.040071,42.49,0.207133,0,,150.367,1.8636
06D2gb,0.44361,0.00157,22.7329,0.0350395,-1.56881,0.19505,-0.016097,41.793,0.182219,0,,150.198,1.9854
06D3bz,0.72774,0.00175,23.6608,0.0430552,-0.788686,0.40839,-0.103106,43.008,0.257091,0,,214.292,53.0248
06D3cc,0.68372,0.00172,23.7752,0.0733842,0.71634,0.61991,-0.004655,43.1716,0.407734,0,,214.382,52.9125
06D3df,0.44263,0.00156,22.3909,0.0243032,1.15088,0.16437,-0.036948,41.9039,0.139699,0,,215.572,52.9577
06D3do,0.72674,0.00175,23.611,0.0320576,0.6191,0.4785,-0.076495,43.0811,0.248363,0,,214.247,52.8825
06D3dt,0.28266,0.00107,21.8821,0.0265369,0.069882,0.092551,0.084183,40.744,0.297355,0,,214.34,52.4528
06D3ed,0.40463,0.00154,22.3311,0.0239744,-0.391332,0.080522,-0.076405,41.6747,0.166047,0,,214.699,52.7566
06D3el,0.51968,0.00161,22.6078,0.0247768,0.82228,0.11466,-0.149118,42.2905,0.196455,0,,214.255,52.2324
06D3em,0.69072,0.0101,24.1014,0.0359401,-0.146668,0.3571,0.17067,42.9143,0.425857,0,,214.848,53.023
06D3et,0.57668,0.00165,23.1817,0.0262712,-1.34778,0.14554,-0.087622,42.4263,0.166843,0,,215.52,52.3384
06D3fp,0.2686,0.00146,21.4409,0.0265318,-0.071459,0.053442,0.041409,40.4553,0.240404,0,,215.077,52.8972
06D3gh,0.72074,0.00175,23.6292,0.0417313,0.24347,0.3413,-0.074608,43.0459,0.305174,0,,214.631,52.4429
06D4ba,0.69818,0.0101,23.4527,0.0495926,0.6784,0.41089,-0.093002,42.9671,0.342807,0,,333.899,-18.2291
06D4bo,0.55033,0.00163,22.9526,0.0266586,0.76066,0.17904,-0.046447,42.3728,0.208456,0,,333.867,-17.4092
06D4bw,0.73014,0.00176,23.6274,0.0366216,0.65989,0.25975,0.013322,42.9186,0.321961,0,,333.766,-17.8835
06D4co,0.43546,0.00156,22.2642,0.0256696,-0.394047,0.095163,-0.049905,41.5839,0.13365,0,,333.861,-17.8692
06D4cq,0.40949,0.00154,22.2952,0.0258727,0.42847,0.094911,-0.04525,41.6784,0.172193,0,,334.231,-17.712
070955,0.34932,0.00151,21.6394,0.0353609,1.42331,0.33951,-0.040489,41.1406,0.157954,0,,241.475,55.1978
080646,0.31822,0.00149,21.6907,0.0537109,-1.04365,0.27178,-0.089682,41.0199,0.153489,0,,334.622,0.9415
080723,0.4302,0.00156,22.1808,0.0445129,0.16631,0.34079,-0.15907,41.8354,0.165783,0,,34.9864,-3.9606
090201,0.50825,0.00161,22.5059,0.0483735,0.031072,0.50307,-0.090519,42.0193,0.184312,0,,353.328,-0.9507
090275,0.13955,0.00138,19.834,0.0412607,-1.10837,0.17326,-0.037598,39.0213,0.145767,0,,54.0721,-28.0515
091869,0.28854,0.00147,21.302,0.0497655,1.3387,0.32952,-0.008426,40.7458,0.165419,0,,351.908,-1.7625
100090,0.17297,0.0014,20.818,0.0396975,-1.0254,0.33279,0.038294,39.7263,0.252568,0,,131.828,43.4081
100101,0.42976,0.00156,22.5616,0.048876,-0.773417,0.48103,-0.071454,41.9219,0.19807,0,,132.141,43.9852
100163,0.31782,0.00149,21.5823,0.0846105,0.29458,0.46377,-0.075806,41.0738,0.195921,0,,35.4423,-5.1516
100206,0.2165,0.00142,20.3453,0.0351703,0.25057,0.28167,-0.075171,39.8253,0.141535,0,,52.5182,-28.2567
100213,0.27509,0.00146,21.5059,0.057758,0.84021,0.42495,0.015308,40.7769,0.239421,0,,53.0671,-27.1943
100358,0.36623,0.00152,21.7789,0.13122,-0.430147,0.67219,-0.057445,41.136,0.226225,0,,352.444,0.5905
100405,0.10294,0.00136,19.1817,0.0842433,-0.941741,0.36448,0.044595,38.1815,0.18625,0,,53.6285,-27.3206
1032,0.12921,0.00094,20.1088,0.0563934,-2.5393,0.20428,0.052555,38.8403,0.212795,0,,46.7957,1.1196
10550,0.29933,0.00108,21.7702,0.12808,1.64631,1.37807,0.078107,41.0113,0.341681,0,,349.675,-1.2049
110033,0.20483,0.00142,20.333,0.0896787,1.3148,0.39394,-0.03324,39.8427,0.202322,0,,34.9031,-3.5292
110425,0.38092,0.00153,22.2253,0.0473911,-0.198455,0.42094,0.007796,41.4511,0.201434,0,,132.012,44.4493
110426,0.54097,0.00163,22.9901,0.0710859,0.55454,0.72701,0.093641,42.2791,0.233447,0,,130.013,44.8943
110430,0.42094,0.00155,22.5292,0.052703,-0.895791,0.57244,0.011272,41.728,0.250117,0,,132.249,44.8657
110460,0.19953,0.00141,20.74,0.0423559,-0.122892,0.25992,0.018744,39.8511,0.254227,0,,53.8448,-27.8403
110478,0.2646,0.00145,21.0597,0.0408003,0.92592,0.32135,-0.04266,40.5153,0.197965,0,,53.5803,-27.5689
110484,0.51095,0.00161,22.8038,0.0656248,-0.357928,0.56594,0.061935,42.0583,0.239085,0,,129.186,44.5547
110536,0.23472,0.00144,21.3288,0.0637788,0.55137,0.51316,0.17614,40.1912,0.32799,0,,54.3325,-26.9017
110542,0.42703,0.00155,22.3735,0.043671,0.56071,0.50218,-0.040908,41.8348,0.198324,0,,131.82,45.2976
110567,0.2144,0.00142,21.3161,0.060316,-1.01331,0.47263,0.14984,40.0179,0.298904,0,,52.7131,-26.46
110716,0.31588,0.00148,22.1345,0.0564954,-1.49092,0.43902,0.00051,41.2033,0.233304,0,,128.986,43.4945
110719,0.42793,0.00155,22.8073,0.0571488,0.54092,0.61831,-0.045089,42.2757,0.23861,0,,129.923,43.9644
110721,0.57831,0.00165,22.9702,0.0691516,0.48285,0.69268,-0.022903,42.4512,0.241176,0,,130.216,44.1143
110734,0.40221,0.00154,21.9668,0.0571267,0.4872,0.60542,-0.065938,41.4795,0.199524,0,,131.069,45.3442
1112,0.2562,0.00105,21.2946,0.0662766,-0.608145,0.72044,-0.017906,40.5593,0.271675,0,,339.018,-0.3752
1119,0.29647,0.00108,21.3613,0.0775706,0.8034,1.414,-0.131525,40.9938,0.366054,0,,320.414,0.8947
120044,0.48164,0.00159,22.6398,0.054358,0.78104,0.6378,-0.146093,42.3055,0.210887,0,,148.792,1.7302
120085,0.32206,0.00149,21.8639,0.0500295,-2.28164,0.32831,0.042623,40.7271,0.199265,0,,150.471,2.0426
120086,0.39255,0.00153,22.3766,0.0528146,0.28158,0.49714,0.10879,41.4742,0.237288,0,,150.789,2.1434
120094,0.45162,0.00157,22.2376,0.0393173,1.0436,0.43271,-0.168766,41.9923,0.154715,0,,150.526,2.0878
120143,0.17378,0.0014,19.9753,0.0323463,-0.260387,0.14831,-0.073187,39.3493,0.151501,0,,163.682,58.6266
120225,0.10713,0.00136,19.4712,0.051837,-0.829043,0.88822,-0.070405,38.7801,0.468541,0,,150.818,3.4749
120336,0.16122,0.00139,20.311,0.037327,-0.240589,0.17756,0.046132,39.3106,0.246322,0,,149.082,1.4095
120369,0.33047,0.00149,21.7044,0.0451712,-0.223776,0.32789,-0.127324,41.2306,0.131607,0,,150.995,2.2624
120400,0.35149,0.00151,21.7731,0.0560993,0.18728,0.39986,-0.121334,41.3343,0.138963,0,,149.628,2.8718
120444,0.29945,0.00147,21.315,0.18324,0.2774,0.83788,-0.185897,41.0213,0.195981,0,,51.682,-27.9362
120585,0.24909,0.00144,20.6749,0.0397863,0.22308,0.30908,-0.155379,40.3167,0.167358,0,,35.7735,-3.6103
1241,0.0887,0.00091,18.8841,0.0428187,-0.551806,0.078987,0.055246,37.7772,0.253181,0,,337.672,-0.7766
1248677,0.35015,0.00123,21.5389,0.0275466,0.89971,0.10732,-0.118885,41.1867,0.147015,0,,53.6462,-28.127
1249851,0.21507,0.00113,20.9666,0.12754,-2.07449,0.72983,0.011385,39.8825,0.477887,0,,55.218,-29.4
1250017,0.18231,0.00111,20.0536,0.0427889,0.9614,0.15311,-0.110221,39.6885,0.152439,0,,43.1937,-0.1275
1253,0.26175,0.00105,20.9813,0.0581922,-0.927163,0.47517,-0.11692,40.392,0.226027,0,,323.799,0.1631
1253039,0.45346,0.00514,22.3229,0.0311452,0.30168,0.2629,-0.107621,41.8863,0.14411,0,,54.4186,-27.5274
1253101,0.45328,0.00131,22.4364,0.0405919,1.37354,0.36476,0.004591,41.7953,0.207786,0,,7.4651,-43.1378
1253920,0.19553,0.00112,20.3543,0.034155,-0.740056,0.13473,-0.099286,39.7111,0.156617,0,,54.6293,-27.0428
1255502,0.14834,0.00108,19.3979,0.0728304,1.05148,0.2891,-0.089005,39.0239,0.142683,0,,33.9046,-4.2092
1257366,0.21134,0.00113,21.1973,0.0534325,-0.160088,0.44299,0.1039,40.1415,0.266119,0,,53.8996,-26.9693
1257695,0.18375,0.00111,20.0903,0.0317708,0.37884,0.090941,-0.128418,39.68,0.151568,0,,7.6016,-42.2982
1258906,0.34912,0.00123,22.0697,0.0490532,-0.019797,0.30966,-0.001271,41.282,0.206036,0,,10.262,-44.3941
1258940,0.42602,0.00129,22.2338,0.0558252,-0.153105,0.38355,-0.117124,41.7517,0.175449,0,,42.7148,-0.5251
1259412,0.30486,0.0012,21.4025,0.0309482,0.87031,0.14364,-0.048355,40.9018,0.140115,0,,36.3454,-5.3241
1261579,0.32223,0.00121,21.6195,0.0309311,-0.170571,0.11094,-0.008658,40.8774,0.138773,0,,36.1196,-4.9673
1262214,0.68936,0.00519,23.4718,0.0322941,0.23704,0.2808,-0.139531,43.0444,0.271991,0,,53.5027,-28.6602
1262715,0.68935,0.00519,23.2916,0.0315682,1.02416,0.32528,-0.075709,42.8535,0.15677,0,,53.37,-28.4427
1263369,0.31262,0.0012,21.4467,0.0458533,0.17184,0.27034,-0.096007,40.9565,0.149709,0,,43.2295,-0.5418
1263715,0.29196,0.00119,21.3008,0.0416248,0.40336,0.27922,-0.072516,40.7653,0.172199,0,,41.6099,-1.5799
1266657,0.32118,0.00512,22.1132,0.0616143,0.35082,0.71521,0.052518,41.1921,0.293444,0,,43.2731,0.5575
1273127,0.18929,0.00111,20.944,0.0716548,-1.6241,0.59488,0.005635,39.9359,0.228953,0,,8.5563,-43.2759
1275946,0.23205,0.00114,20.5828,0.032307,1.51449,0.15704,-0.078688,40.2045,0.159507,0,,10.404,-43.6378
12779,0.07906,0.0009,18.9489,0.0670245,-0.63006,0.2493,0.10798,37.7843,0.238199,0,,309.472,1.2211
12781,0.08309,0.00092,19.1417,0.0401816,-1.83569,0.18894,0.041548,37.9939,0.195118,0,,5.4066,-1.01
1279500,0.23481,0.00114,20.8838,0.0315324,0.64663,0.15794,-0.035266,40.2784,0.167703,0,,36.9257,-4.3149
1280217,0.35909,0.00513,22.0476,0.0448215,1.80122,0.55141,0.088909,41.1532,0.305677,0,,40.8943,-1.5184
1281668,0.30691,0.0012,21.3831,0.036457,0.1972,0.2781,-0.125321,40.9573,0.150058,0,,9.4105,-43.9203
1281886,0.38402,0.00126,22.0276,0.0615099,1.20074,0.41982,-0.043944,41.5182,0.20184,0,,41.7252,-1.0099
1282736,0.37805,0.00125,22.3808,0.0600398,-0.759674,0.41234,0.069898,41.3598,0.223183,0,,35.8093,-6.2681
1283373,0.20751,0.00112,20.8276,0.044264,-1.05273,0.23744,-0.059928,40.0725,0.148972,0,,54.9467,-26.7304
1283878,0.31296,0.0012,21.819,0.0738255,-0.844202,0.47435,-0.026058,41.0195,0.203499,0,,37.1332,-4.0413
1283936,0.36857,0.00125,22.8268,0.0814255,0.08645,0.58781,0.19216,41.463,0.345551,0,,8.8776,-44.3713
12841,0.29215,0.00108,21.3079,0.19263,-0.727968,1.12843,-0.109903,40.7505,0.483728,0,,321.347,-1.0337
12843,0.16606,0.00097,20.1697,0.0528482,-1.02597,0.3042,0.040491,39.1817,0.193496,0,,323.878,-0.9803
1285160,0.7493,0.00521,23.6139,0.0358725,-0.31553,0.2756,-0.170737,43.1772,0.163225,0,,52.3989,-28.6476
12853,0.16828,0.00109,19.9658,0.0670782,-0.57422,0.35156,-0.056428,39.2757,0.165826,0,,316.766,0.7231
1285317,0.56437,0.0014,22.959,0.0527507,0.1508,0.58335,-0.065663,42.3928,0.221111,0,,9.4725,-43.3145
12856,0.17042,0.00098,19.8925,0.0357342,0.86254,0.20363,-0.087386,39.4742,0.132684,0,,332.866,0.756
12860,0.12058,0.00093,19.9801,0.0473025,-0.302934,0.20236,0.14487,38.7926,0.252257,0,,323.694,1.1759
1287626,0.30404,0.00512,21.4427,0.0361608,0.15425,0.4296,-0.017824,40.719,0.22209,0,,35.9318,-5.9612
12881,0.23685,0.00103,20.8478,0.0493118,0.86995,0.54007,0.029203,40.119,0.236651,0,,10.1623,-0.0736
12883,0.30526,0.0012,21.3615,0.10635,-2.03834,0.89323,-0.05435,40.5924,0.306711,0,,312.626,0.3987
1289288,0.28995,0.00119,21.8612,0.0511195,-0.973027,0.49839,0.08957,40.7393,0.271437,0,,10.1789,-43.9483
1289555,0.56181,0.0014,22.7082,0.0503511,0.14733,0.44201,-0.144062,42.2937,0.227829,0,,40.7331,-1.3929
1289600,0.4196,0.00129,22.6288,0.0322152,1.26529,0.26197,0.039665,41.8662,0.224621,0,,52.0477,-27.8629
1289656,0.53942,0.00516,22.9771,0.0632876,0.026628,0.57117,-0.041138,42.3338,0.244476,0,,54.3017,-27.3554
1289664,0.25919,0.00511,21.0619,0.0352716,-1.03114,0.17928,-0.060941,40.2879,0.178603,0,,40.8968,-1.1299
12898,0.08282,0.0009,18.776,0.0314793,-0.063567,0.08575,0.068219,37.6774,0.265638,0,,26.7931,-0.147
1290127,0.45218,0.00131,22.3911,0.10179,1.29535,0.76479,-0.089959,41.9959,0.320076,0,,6.6908,-43.434
1290779,0.38949,0.00513,22.2768,0.0371629,-0.738145,0.38318,-0.049076,41.544,0.192176,0,,54.7233,-27.9051
1290816,0.21845,0.00113,20.8461,0.032123,1.26334,0.22358,-0.003033,40.2216,0.204417,0,,54.1725,-27.84
1291080,0.44391,0.00514,22.7045,0.0688263,-1.28981,0.66747,0.003853,41.8069,0.290347,0,,35.6846,-6.0636
1291090,0.29193,0.00119,21.1412,0.0401912,1.17465,0.22563,-0.09328,40.7606,0.177707,0,,9.4631,-43.7215
1291794,0.3951,0.00127,22.1814,0.0455223,-0.12531,0.4642,-0.013841,41.4677,0.203648,0,,55.1693,-28.7119
1291957,0.37138,0.00125,21.9058,0.0473205,0.50769,0.25782,-0.051093,41.334,0.168104,0,,7.2,-43.5623
1292145,0.49244,0.00134,23.2836,0.0719116,0.57864,0.66578,0.11219,42.2783,0.335403,0,,53.6305,-29.6489
1292332,0.27276,0.00117,20.9656,0.0411864,0.33299,0.24326,-0.116241,40.5415,0.173203,0,,41.1435,-1.2851
1292336,0.23367,0.00114,21.1276,0.0436063,-0.180402,0.23479,0.031155,40.1857,0.255059,0,,40.9988,-0.9061
1292560,0.22493,0.00114,20.5352,0.0353535,0.28942,0.1557,-0.130518,40.1126,0.160616,0,,35.0558,-5.3611
12927,0.18906,0.00099,20.0765,0.0524109,0.094624,0.35257,-0.033861,39.4384,0.149571,0,,41.7861,0.7751
12928,0.13875,0.00107,19.6791,0.0665387,-0.5426,0.37869,-0.061299,38.9999,0.176022,0,,305.009,-0.9757
1293319,0.29695,0.00119,21.301,0.0396253,1.83152,0.27047,-0.011937,40.7505,0.210501,0,,36.0024,-6.4977
1293758,0.14803,0.00108,20.023,0.0353926,-1.32993,0.17215,-0.061076,39.2285,0.184985,0,,8.4839,-43.3497
1294014,0.3628,0.00124,21.7957,0.058423,0.50455,0.38794,-0.059163,41.2452,0.209997,0,,42.8035,-0.6691
1294743,0.31267,0.0012,22.3384,0.0574973,-0.270168,0.36056,0.20479,41.0352,0.279475,0,,36.1025,-4.6749
12950,0.08167,0.0009,18.6972,0.0352445,-0.396496,0.083121,0.027176,37.7215,0.219648,0,,351.667,-0.8403
1295027,0.42568,0.00129,22.3682,0.0696088,-0.250086,0.48646,-0.041385,41.7039,0.195468,0,,35.4327,-6.9406
1295256,0.44245,0.00514,22.379,0.0359315,-0.148795,0.34917,-0.1027,41.8523,0.172891,0,,53.7194,-27.8328
1295305,0.61177,0.00518,23.1969,0.0474464,-0.291213,0.32301,-0.120769,42.701,0.16444,0,,36.2434,-4.2509
1295921,0.524,0.00516,23.0681,0.10278,1.00794,0.96011,0.086881,42.1774,0.369236,0,,42.6149,-0.8718
1296273,0.39706,0.00513,21.7504,0.034763,-0.156976,0.25023,-0.119061,41.259,0.168535,0,,41.0798,-0.4504
1296321,0.18458,0.00111,20.9425,0.0387321,0.47012,0.20132,0.071635,39.9384,0.282465,0,,40.9169,-0.7619
1296657,0.14638,0.00108,19.8604,0.0659156,0.78851,0.35746,-0.00667,39.1857,0.207408,0,,36.2552,-6.2786
1297026,0.25865,0.00116,21.2455,0.0358113,-0.717921,0.20545,-0.047872,40.51,0.149785,0,,35.821,-5.1821
12971,0.23395,0.00103,20.532,0.0402143,1.14243,0.59192,-0.091091,40.1389,0.214099,0,,6.6485,-0.3021
12972,0.25948,0.00116,21.0518,0.0647072,0.17528,0.7025,-0.081037,40.5238,0.233841,0,,7.9586,-0.383
1297465,0.27782,0.00118,21.5916,0.0316352,1.14771,0.13315,0.032117,40.9187,0.17803,0,,51.7953,-27.8221
12977,0.24656,0.00104,20.8926,0.0397664,0.052323,0.50515,-0.049106,40.2829,0.214739,0,,13.6956,-0.2509
1298281,0.2352,0.0051,21.3421,0.0399644,-1.56651,0.22185,0.041887,40.1629,0.275154,0,,40.2679,-0.9553
12983,0.26408,0.00105,21.2999,0.0700035,-0.043308,1.02815,-0.014762,40.6342,0.381046,0,,16.4588,0.1448
1298893,0.19627,0.00112,20.8344,0.0733602,-2.05976,0.66103,-0.022972,39.8397,0.254651,0,,35.724,-6.2568
1299643,0.37676,0.00125,21.866,0.0393658,0.65034,0.25657,-0.091935,41.4155,0.15471,0,,55.1026,-26.7221
1299775,0.16004,0.00109,20.3483,0.0476786,-0.41485,0.19733,0.18093,39.0428,0.270648,0,,53.4389,-29.6767
1299785,0.38129,0.00126,22.2987,0.0562492,0.037742,0.40977,0.046016,41.4549,0.20413,0,,53.9115,-28.3193
1300516,0.31052,0.0012,21.7803,0.0386814,0.89671,0.28608,0.14708,40.6197,0.336421,0,,34.5464,-5.0101
1300912,0.33778,0.00122,22.1488,0.0325846,-0.467569,0.14381,0.045312,41.1537,0.233862,0,,52.0379,-27.5329
1301933,0.32968,0.00122,21.5731,0.0291503,-0.224925,0.087576,-0.132959,41.1031,0.114803,0,,36.6637,-4.9708
1302058,0.19782,0.00112,20.2132,0.0329827,0.37169,0.12819,-0.011742,39.492,0.189171,0,,53.3964,-29.1906
1302141,0.60876,0.00518,23.1882,0.0707117,0.27286,0.73249,0.033005,42.4282,0.350327,0,,7.8305,-42.5014
1302187,0.21941,0.00113,20.9568,0.0527242,-0.86272,0.33241,0.028592,40.0048,0.208962,0,,52.1619,-27.1421
13025,0.22299,0.00102,21.0498,0.0875481,0.8684,0.84064,0.046274,40.3257,0.281229,0,,341.567,0.4159
1302523,0.42399,0.00129,22.3471,0.0378066,0.30297,0.26502,-0.025892,41.7264,0.13417,0,,36.3176,-4.6598
1302648,0.23164,0.00114,21.2113,0.0372311,-0.687451,0.21993,0.10124,40.0875,0.237265,0,,10.0026,-44.0541
1303004,0.29504,0.00512,21.2475,0.0321868,0.81245,0.15999,-0.069058,40.762,0.173778,0,,35.2946,-6.4631
130308,0.08245,0.0009,18.9741,0.0420266,-1.01914,0.17563,0.091493,37.8192,0.217606,0,,213.238,52.7437
1303279,0.1727,0.0011,19.6519,0.0434057,0.95265,0.3288,-0.091507,39.2676,0.152344,0,,54.9068,-27.813
1303496,0.17975,0.0011,20.5435,0.0442194,-0.40919,0.34364,0.050812,39.5962,0.208929,0,,53.8482,-29.5918
13038,0.10507,0.00508,18.9637,0.0370706,1.43036,0.14627,-0.02399,38.4295,0.236183,0,,347.827,0.5046
1303883,0.25904,0.00511,21.0661,0.0369137,0.6089,0.21484,-0.053138,40.5418,0.163699,0,,8.8633,-44.9171
1303952,0.56269,0.0014,22.8823,0.0706989,0.58233,0.54647,-0.199565,42.6016,0.265242,0,,35.8718,-6.9219
1304127,0.72866,0.0052,23.3515,0.065291,0.43716,0.75795,-0.24375,43.005,0.283498,0,,35.1805,-6.9511
13044,0.12472,0.00094,19.3395,0.0361454,-0.017798,0.12882,-0.070705,38.7616,0.12587,0,,332.543,0.5033
1304442,0.22449,0.0051,20.6259,0.0530027,0.2037,0.2924,-0.10266,40.1293,0.19721,0,,52.1631,-28.1083
13045,0.17931,0.00098,20.4371,0.0570323,-0.084895,0.5295,0.06112,39.5355,0.229828,0,,345.025,0.5377
1304678,0.21881,0.00113,20.9377,0.12728,-1.54068,0.6026,-0.073011,40.1416,0.247596,0,,54.8701,-27.6439
1305504,0.49566,0.00134,22.7287,0.0297535,-0.463147,0.16276,-0.089378,42.1453,0.120919,0,,36.0584,-5.1646
1305626,0.32581,0.00121,21.5944,0.0291966,-0.3176,0.10002,-0.109591,41.0478,0.141716,0,,35.6546,-4.1333
1306029,0.42903,0.00514,22.5603,0.0466385,0.99322,0.51888,0.025447,41.8266,0.250757,0,,40.8416,-1.9578
1306073,0.32868,0.00122,21.9336,0.0383104,-1.32563,0.19951,-0.041371,41.1,0.144172,0,,36.8506,-3.7494
1306141,0.33237,0.00122,21.5778,0.0346599,-0.133034,0.21732,-0.076219,40.977,0.159233,0,,54.8978,-28.9108
1306360,0.45477,0.00131,22.6832,0.0603125,-0.608733,0.73219,-0.003673,41.8839,0.284149,0,,53.6767,-26.487
1306390,0.4092,0.00128,22.851,0.0846061,0.011752,0.91245,0.15735,41.7405,0.363654,0,,43.3164,-0.0301
1306537,0.47946,0.00515,22.4286,0.0533129,1.12072,0.45788,-0.086369,42.0107,0.198987,0,,55.041,-27.5592
1306626,0.42088,0.00129,22.1111,0.0433732,0.22138,0.36234,-0.098018,41.6178,0.17643,0,,54.8773,-27.239
1306785,0.57542,0.00141,22.9818,0.096198,-0.953102,1.37835,-0.003464,42.1912,0.452867,0,,33.7937,-4.5222
1306980,0.54881,0.00516,23.0994,0.0855806,-1.00983,0.77693,0.0502,42.1695,0.378555,0,,7.0361,-43.2916
1306991,0.42195,0.00129,22.1925,0.0935867,-0.599282,0.69131,-0.064849,41.5336,0.270821,0,,8.4681,-42.0948
13070,0.19733,0.001,20.0895,0.0423722,0.96631,0.27438,-0.147151,39.8018,0.14158,0,,357.785,-0.7463
13072,0.22928,0.00103,20.8633,0.0660644,0.40235,0.40484,-0.008181,40.2229,0.202405,0,,334.96,0.0244
1307277,0.41123,0.00128,22.5756,0.0781798,-0.210951,0.81507,0.061551,41.662,0.318089,0,,41.7388,-0.2355
130755,0.29298,0.00147,21.3454,0.0417968,-0.039606,0.41737,-0.103213,40.8268,0.203556,0,,183.732,46.5759
1307830,0.35946,0.00513,22.1839,0.0327261,-1.7601,0.20045,-0.099031,41.4213,0.15447,0,,53.2945,-27.9578
1308314,0.40646,0.00514,22.3186,0.0344198,-0.022674,0.27399,-0.056722,41.6914,0.168815,0,,53.4156,-28.9407
1308326,0.32632,0.00121,21.4709,0.038834,0.41024,0.19847,-0.120744,41.0504,0.157201,0,,42.2701,0.5823
1308568,0.64311,0.00146,23.2478,0.12174,-0.03255,1.02339,0.10291,42.3609,0.407842,0,,33.8732,-5.0525
1308582,0.36713,0.00124,21.8332,0.0463346,-0.443849,0.33281,-0.074861,41.2088,0.151911,0,,37.1372,-4.3728
130862,0.33298,0.0015,21.7749,0.0474332,0.67028,0.38179,-0.091964,41.3299,0.201675,0,,184.002,47.9204
1308957,0.61875,0.00518,23.1863,0.11986,-0.259603,0.88973,-0.14065,42.7164,0.388756,0,,35.1339,-6.624
1309288,0.26791,0.00117,20.9187,0.0634291,0.51536,0.4417,-0.111056,40.5103,0.202065,0,,54.6449,-29.1944
1309492,0.3335,0.00122,21.5295,0.0271318,0.16952,0.089563,-0.088758,41.0025,0.141896,0,,53.3008,-28.0249
1309749,0.78928,0.00522,23.5979,0.0334804,0.62967,0.32915,-0.131927,43.1995,0.165559,0,,52.5384,-27.3174
13099,0.26463,0.00105,21.2878,0.0538935,0.29704,0.82434,-0.01842,40.6719,0.256474,0,,359.819,-1.2504
1310338,0.4389,0.00514,22.3242,0.0344267,-0.406788,0.31494,0.012551,41.4679,0.211194,0,,35.042,-6.3767
1310395,0.28907,0.00511,21.7995,0.0385256,-0.883251,0.26999,0.056702,40.702,0.277224,0,,36.5343,-6.76
1312274,0.42459,0.00129,22.4835,0.0513361,-1.43009,0.54183,-0.086966,41.7483,0.195831,0,,42.611,-0.3617
13135,0.10361,0.00092,19.1203,0.0299303,-1.34728,0.10068,-0.067243,38.3338,0.12638,0,,4.1723,-0.4245
1313594,0.28844,0.00118,21.1686,0.0331244,0.5164,0.15939,-0.105518,40.749,0.137848,0,,34.8329,-5.7894
13136,0.37057,0.00114,22.0453,0.0745525,0.72897,0.91339,-0.104564,41.6395,0.256631,0,,6.1407,-0.2791
1314897,0.33671,0.00122,21.6894,0.0436963,0.91215,0.30022,0.014712,41.0367,0.18424,0,,36.6066,-4.1552
1315192,0.22726,0.0051,20.8769,0.0561111,1.05724,0.29517,0.066929,40.097,0.228488,0,,42.9859,-0.5231
13152,0.20231,0.001,20.4067,0.0351525,0.28737,0.25244,0.016007,39.6184,0.198124,0,,7.0521,0.118
1315259,0.22818,0.00114,21.1188,0.0362028,-0.491116,0.17411,0.028559,40.2236,0.183395,0,,40.8641,-1.6036
1315296,0.41266,0.00128,22.7104,0.0561378,-0.059558,1.05102,0.045007,41.7893,0.330128,0,,40.3016,-0.7644
1316,0.21578,0.00101,20.6589,0.0750052,0.68739,0.68654,-0.098723,40.2253,0.258716,0,,334.864,0.4945
1316385,0.14737,0.00108,19.5986,0.0458282,1.29208,0.25339,-0.011258,39.0154,0.197495,0,,53.526,-27.6321
1316431,0.19828,0.0051,20.254,0.0387095,1.29871,0.1308,-0.092458,39.8879,0.174409,0,,42.2394,-0.4084
1316437,0.47204,0.00515,22.8945,0.0590306,-0.00518,0.6056,0.030698,42.0374,0.25691,0,,42.5626,-0.745
1316465,0.32907,0.00122,21.7083,0.0283374,0.43224,0.10403,-0.027196,41.0566,0.165152,0,,52.7975,-27.9593
1317277,0.23721,0.00115,21.2497,0.0407503,-1.40015,0.3176,0.026504,40.2245,0.203948,0,,35.9031,-5.4815
1317286,0.28207,0.00511,21.0224,0.031726,0.72832,0.15847,-0.100205,40.5986,0.166629,0,,36.0079,-6.8106
1317454,0.56879,0.00517,23.099,0.0465839,-0.270974,0.56796,0.046238,42.2407,0.262337,0,,8.0244,-42.6662
1317666,0.14134,0.00107,20.1943,0.0415679,-0.139994,0.10639,0.067004,39.1237,0.260864,0,,36.7711,-5.0031
1319366,0.23494,0.00114,20.6835,0.0349923,1.38593,0.20107,-0.029217,40.158,0.183242,0,,41.4955,-1.0881
1319821,0.30878,0.0012,21.5823,0.0378362,-0.495911,0.2234,-0.097956,40.9954,0.152417,0,,53.3579,-29.4719
1320166,0.44891,0.00514,22.6239,0.0483769,0.36335,0.48433,-0.032993,41.9875,0.215648,0,,9.3464,-43.8719
1322229,0.5262,0.00137,22.8197,0.0387566,1.17957,0.58579,0.007527,42.1702,0.223271,0,,35.9264,-4.0189
1322979,0.52937,0.00516,22.8123,0.0263923,0.062978,0.22362,-0.09353,42.2913,0.141023,0,,52.0693,-28.0637
1324542,0.54152,0.00138,23.0556,0.045449,0.39642,0.61571,-0.073277,42.53,0.24247,0,,53.8952,-29.048
1325358,0.77929,0.00522,23.6798,0.0446282,0.16641,0.68853,0.005263,43.0395,0.311092,0,,52.2841,-28.9516
13254,0.18004,0.00098,20.9102,0.0596756,0.52413,0.58859,0.099535,39.9979,0.268081,0,,42.0587,-0.347
1327978,0.20691,0.00112,20.7895,0.0506351,0.02184,0.57854,0.045412,39.9225,0.279831,0,,8.28,-44.1402
1328066,0.44886,0.00514,22.2319,0.0557564,0.76252,0.4469,-0.133767,41.8853,0.221814,0,,7.3173,-42.0522
1328105,0.44149,0.0013,22.2623,0.0494321,0.11357,0.42447,-0.05447,41.6823,0.183572,0,,8.1871,-43.5769
1329166,0.73161,0.00153,23.751,0.0416583,0.12272,0.35613,-0.051109,43.1799,0.196424,0,,52.3035,-28.9116
1329196,0.76932,0.00521,23.7114,0.0327729,0.49328,0.28255,-0.072879,43.2168,0.162741,0,,53.0758,-28.9065
1329312,0.34487,0.00123,22.0259,0.0444529,-1.42584,0.33327,-0.063723,41.2333,0.171671,0,,36.2633,-5.5418
1329615,0.40368,0.00127,22.3792,0.0535749,-0.472817,0.55457,-0.013501,41.616,0.213828,0,,35.4427,-5.6398
1330426,0.25952,0.00511,20.7837,0.0300759,1.27608,0.11907,-0.103946,40.442,0.169977,0,,53.9704,-28.6924
13305,0.2135,0.00101,20.6031,0.0449017,1.02285,0.30517,-0.007886,40.0218,0.16528,0,,331.1,0.6912
1330642,0.63399,0.00145,23.0164,0.0399171,1.05101,0.31482,-0.094591,42.5972,0.147609,0,,37.0406,-4.0471
1330903,0.56437,0.0014,23.0791,0.0574092,-0.091575,0.60804,-0.057212,42.4881,0.207587,0,,41.1163,-0.645
1331123,0.2215,0.00113,21.1651,0.0368231,-1.59703,0.20042,-0.005601,40.1937,0.166162,0,,8.0363,-42.5542
1331993,0.71968,0.00152,23.6412,0.045755,0.40279,0.40316,-0.092282,43.1638,0.204549,0,,35.9718,-4.4593
1332059,0.57891,0.00517,22.9102,0.0563532,0.20553,0.48811,-0.171461,42.5317,0.231686,0,,40.8651,-1.2774
1332413,0.60878,0.00518,22.9775,0.0530208,1.20129,0.50416,-0.123224,42.6179,0.230751,0,,36.2749,-5.853
1333246,0.43783,0.0013,22.7864,0.10266,1.74637,0.87162,0.1309,41.882,0.356877,0,,41.384,-0.0616
1333438,0.39944,0.00127,22.6147,0.0628337,0.53931,0.4807,0.096328,41.7119,0.28782,0,,52.3525,-28.9967
1334084,0.13366,0.00107,20.0142,0.0845193,-0.905296,0.35417,0.071312,38.8266,0.283718,0,,41.734,-0.6906
1334087,0.2664,0.00117,20.9072,0.0522476,0.68288,0.36944,-0.010845,40.2901,0.264978,0,,41.0084,-0.4674
1334302,0.45458,0.00131,22.5819,0.0476445,-1.04445,0.52465,-0.032485,41.7873,0.209236,0,,7.3673,-43.3882
1334423,0.358,0.00124,22.037,0.0462512,0.8681,0.37997,0.003317,41.3539,0.215252,0,,42.2137,-0.1522
1334470,0.51883,0.00516,22.8363,0.0527323,0.99517,0.57667,-0.001176,42.1949,0.250421,0,,35.0537,-4.9472
1334597,0.28905,0.00511,21.2315,0.031045,0.55025,0.10004,-0.057558,40.6763,0.168052,0,,35.8313,-4.0678
1334620,0.19635,0.00112,21.2618,0.0467482,-0.463394,0.3145,0.20559,39.8927,0.29342,0,,35.7529,-6.2642
1334644,0.28814,0.00118,21.5644,0.0384541,-1.76264,0.36792,-0.05984,40.7075,0.188011,0,,35.1072,-5.7725
1334645,0.24711,0.00115,20.8906,0.0352919,-0.863268,0.17486,-0.07693,40.1983,0.137434,0,,36.3796,-5.879
1334707,0.64962,0.00146,23.1583,0.0343458,0.49395,0.2515,-0.174674,42.7805,0.149571,0,,51.7764,-28.6278
1334879,0.63934,0.00518,23.67,0.0389265,-0.028619,0.26341,0.095583,42.79,0.171844,0,,52.4089,-28.2164
13354,0.15671,0.00096,20.0523,0.036293,1.04984,0.16569,0.091214,39.2087,0.210288,0,,27.5648,-0.8873
1335472,0.50593,0.00135,22.6946,0.0376049,-0.073679,0.35859,-0.047022,42.079,0.166703,0,,9.5553,-44.0495
1335564,0.60626,0.00143,23.1958,0.0694293,0.39047,0.64123,-0.043662,42.6158,0.275076,0,,35.1281,-6.4465
1335694,0.25923,0.00511,20.9447,0.042554,0.99679,0.2252,-0.034521,40.4255,0.162943,0,,42.845,-0.6485
1335717,0.30476,0.0012,21.9775,0.0300332,-0.073607,0.1224,0.039785,41.0411,0.242802,0,,52.8599,-28.3531
1335718,0.69932,0.0052,23.489,0.0330346,0.62483,0.26448,-0.146394,43.1107,0.155898,0,,52.3094,-28.3854
1335868,0.61941,0.00518,23.2034,0.0692005,1.51396,0.61272,-0.043508,42.6948,0.2753,0,,55.0891,-26.5127
1336008,0.4376,0.0013,22.1347,0.0366996,0.6708,0.32047,-0.066592,41.6253,0.16614,0,,10.3212,-43.8862
1336009,0.34169,0.00123,22.5127,0.0446453,-0.448635,0.34606,0.14044,41.2122,0.321008,0,,8.9162,-44.8937
1336453,0.18506,0.00111,20.1867,0.0375032,0.9767,0.13872,-0.078472,39.7435,0.159325,0,,40.9697,-1.2293
1336480,0.25616,0.00116,21.3864,0.0451712,-0.142041,0.30306,-0.009798,40.6458,0.194176,0,,41.7246,-1.1646
1336687,0.23391,0.00114,21.217,0.0369147,0.39192,0.1628,0.079524,40.1788,0.292139,0,,35.6058,-6.1499
13370,0.19861,0.00112,20.7934,0.0768038,0.98859,0.75263,-0.068335,40.3246,0.238597,0,,27.1515,0.3282
1337117,0.55384,0.00139,22.5608,0.0348614,0.51154,0.32638,-0.090656,42.0827,0.177409,0,,10.1815,-43.6449
1337228,0.57737,0.00141,23.282,0.0897137,-0.747352,0.7569,-0.075282,42.645,0.290949,0,,7.5248,-43.0341
1337272,0.50282,0.00135,22.8089,0.0606886,-0.986243,0.5674,-0.081994,42.161,0.218549,0,,34.1284,-5.6806
1337325,0.63873,0.00518,23.155,0.0628838,0.080251,0.59352,-0.226047,42.7804,0.261646,0,,35.135,-4.6525
1337649,0.26162,0.00116,21.1343,0.0498778,1.04854,0.18798,0.016902,40.4182,0.225542,0,,43.4044,0.5102
1337687,0.32868,0.00122,21.3855,0.030126,0.95058,0.15094,-0.135438,41.0716,0.150485,0,,55.0471,-26.9756
1337703,0.53225,0.00137,22.6167,0.0542258,-1.03663,0.46508,-0.102143,41.9821,0.221979,0,,54.8836,-26.7243
1337838,0.31203,0.0012,21.4809,0.0331779,0.99511,0.20136,-0.044098,40.9503,0.160446,0,,35.496,-6.4982
1338128,0.31179,0.0012,21.8798,0.0443346,-0.710594,0.33205,-0.015518,41.0377,0.210925,0,,8.0837,-43.7408
1338170,0.38672,0.00126,22.3452,0.0598337,-0.428011,0.64872,0.04348,41.3791,0.270807,0,,6.6699,-42.9641
1338233,0.60155,0.00143,23.4217,0.096894,-1.44643,0.92656,-0.115658,42.7562,0.394779,0,,35.1227,-5.5293
1338266,0.64852,0.00146,23.5476,0.0584045,-0.297222,0.60589,-0.114432,43.0397,0.272369,0,,34.905,-5.8691
1338278,0.56437,0.0014,23.0214,0.0577629,1.56836,0.7982,0.002736,42.3969,0.296515,0,,34.43,-4.976
1338387,0.5839,0.00517,22.8694,0.0465013,1.46332,0.50873,-0.072811,42.4199,0.199369,0,,40.4513,-0.3686
1338430,0.51726,0.00136,22.5398,0.0482806,0.46904,0.46725,-0.095133,42.0932,0.190441,0,,40.6393,-1.2547
1338471,0.53124,0.00137,23.2549,0.10761,-0.955679,1.20489,-0.047113,42.5253,0.38093,0,,41.2916,-1.5649
1338675,0.33056,0.00122,22.0275,0.0342322,0.019909,0.19015,0.022464,41.1674,0.214426,0,,36.7437,-4.9677
1339002,0.30304,0.0012,21.9936,0.0474617,-1.23765,0.38786,0.096184,40.8204,0.274703,0,,35.8305,-6.5263
1339149,0.46887,0.00132,22.6088,0.0533843,-0.263078,0.50505,0.01603,41.7631,0.234035,0,,35.555,-5.8717
1339392,0.18145,0.0011,20.0776,0.0979503,-0.480363,0.60515,-0.055085,39.3953,0.235174,0,,54.1245,-28.5698
1339450,0.55046,0.00139,23.3913,0.0822791,-0.977931,1.1025,0.078639,42.4104,0.376261,0,,53.621,-29.169
1340454,0.41995,0.00129,22.4404,0.0523321,1.40686,0.48058,0.11821,41.4394,0.294415,0,,54.7539,-27.8432
1341370,0.40895,0.00514,22.3959,0.0552182,1.09764,0.56368,0.016428,41.7002,0.240024,0,,8.9639,-44.6767
1341894,0.31303,0.0012,21.655,0.043512,-0.246054,0.36792,-0.052451,41.0061,0.176794,0,,35.3025,-4.6502
1342255,0.21899,0.00113,20.4589,0.0337705,0.4683,0.25592,-0.104301,40.0296,0.130815,0,,40.7435,-0.2674
1343208,0.49499,0.00134,22.786,0.0345673,-0.102443,0.36593,-0.010445,42.0821,0.165011,0,,52.8465,-28.5442
1343337,0.33897,0.00122,22.2332,0.0528453,0.77205,0.66735,0.15165,41.0555,0.356511,0,,54.5592,-28.7099
1343401,0.38291,0.00126,21.8298,0.0450771,0.92736,0.70522,-0.061217,41.3678,0.206585,0,,34.5721,-5.6549
1343533,0.36839,0.00125,22.3804,0.0787681,-0.892535,1.16824,-0.012944,41.5479,0.336428,0,,7.3584,-42.2673
1343759,0.50615,0.00135,22.5755,0.0283431,0.43001,0.34742,-0.096698,42.1043,0.151709,0,,51.979,-28.5644
1343871,0.63794,0.00145,23.1886,0.0700884,1.30773,1.08187,-0.197246,42.8637,0.31082,0,,43.5025,-0.3703
1345553,0.31804,0.00121,21.4564,0.0387708,0.15139,0.48452,-0.150532,41.0772,0.167213,0,,35.3447,-4.668
1345582,0.45885,0.00515,22.3713,0.0547271,0.83591,1.42695,-0.104345,41.9679,0.252185,0,,33.7065,-4.6747
1345594,0.42249,0.00129,22.0767,0.0640235,-0.033141,1.1442,-0.150611,41.6796,0.275449,0,,33.8987,-5.5998
1346137,0.36325,0.00124,22.0484,0.0458145,0.79069,0.61831,0.022532,41.364,0.215101,0,,53.2592,-26.8541
1346387,0.34446,0.00512,22.2799,0.0343326,-2.12696,0.33367,-0.031981,41.3081,0.152468,0,,52.695,-28.6493
1346956,0.3335,0.00122,21.4855,0.0443374,0.98387,0.37505,-0.073226,41.0366,0.176123,0,,54.3435,-28.8264
1346966,0.3351,0.00122,21.4482,0.0377145,0.58377,0.40161,-0.107057,41.0242,0.177927,0,,55.3407,-29.1493
1347120,0.17952,0.0051,20.6052,0.0391287,-0.438722,0.13426,0.052455,39.5509,0.280575,0,,52.8899,-28.9121
13506,0.24354,0.00104,21.5518,0.0588721,-0.152066,0.65956,0.14006,40.538,0.306318,0,,25.2433,-0.7278
13511,0.23664,0.00103,21.208,0.0478236,-1.55732,0.46524,-0.092387,40.4674,0.193131,0,,40.6124,-0.7941
13610,0.29692,0.00108,21.1458,0.0520729,0.13994,0.56351,-0.091453,40.6595,0.202621,0,,326.015,0.7263
13641,0.21794,0.00113,20.5195,0.0419258,1.023,0.28669,-0.045648,39.9942,0.174837,0,,345.219,-0.9811
13655,0.26184,0.00105,21.683,0.053023,-1.28381,0.63336,0.075467,40.6935,0.249126,0,,39.0202,-0.9942
13689,0.25043,0.00104,20.7089,0.0432549,1.16931,0.38939,-0.148856,40.4145,0.179616,0,,4.0161,0.8076
1371,0.11818,0.00093,18.8049,0.0352394,0.79096,0.096667,-0.102471,38.4157,0.127058,0,,349.374,0.4294
13727,0.22543,0.00102,20.6407,0.0589594,1.32135,0.34788,-0.041908,40.1329,0.188923,0,,317.588,0.9326
13736,0.14898,0.00096,19.7422,0.0429844,1.11597,0.16716,-0.022762,39.1606,0.17494,0,,336.833,1.031
13796,0.14747,0.00096,19.5934,0.0330593,0.79596,0.11786,-0.021491,38.9672,0.171803,0,,350.692,0.5329
13830,0.32995,0.00111,21.3955,0.0802788,1.23542,0.64992,-0.0186,40.8444,0.209813,0,,351.562,-0.3823
13835,0.24617,0.00104,20.8156,0.0373772,0.63307,0.25333,-0.077608,40.3473,0.149416,0,,6.0596,-0.2483
13894,0.12377,0.00106,20.088,0.047853,0.71922,0.16833,0.16435,38.8009,0.333367,0,,1.6906,-0.0368
13934,0.32941,0.00111,21.966,0.0925152,-0.654623,0.8847,-0.088457,41.4109,0.310571,0,,342.111,-0.4353
13956,0.26303,0.00511,22.2713,0.0932298,-1.19961,1.29038,0.089996,41.2641,0.514634,0,,20.9418,0.8167
140152,0.20879,0.00142,20.207,0.0319931,1.42408,0.16457,-0.097862,39.8798,0.15965,0,,162.393,57.6157
140181,0.10246,0.00092,18.995,0.0358725,0.78345,0.11352,0.017158,38.2511,0.199553,0,,183.738,46.845
14019,0.21521,0.00113,21.2112,0.0669858,-0.305757,0.41656,-0.015316,40.4641,0.22943,0,,316.642,-0.648
14024,0.14771,0.00096,20.2606,0.0666102,-1.92744,0.20112,0.041117,39.134,0.188785,0,,318.199,0.9163
14108,0.13477,0.00509,19.9593,0.0756887,0.24103,0.14792,0.00401,39.2366,0.199357,0,,53.5946,-1.1232
14157,0.21095,0.00113,20.2769,0.0642975,1.16426,0.27455,-0.050221,39.806,0.155718,0,,51.1367,1.0224
14212,0.2032,0.001,20.6722,0.0437269,-0.315612,0.1792,-0.026315,39.9658,0.146626,0,,330.47,1.045
14261,0.28446,0.00107,21.1194,0.0673244,0.67229,0.48056,-0.033232,40.5431,0.186562,0,,328.24,0.2538
14284,0.1805,0.00099,19.9845,0.0402184,-0.286147,0.17397,-0.06891,39.3688,0.13762,0,,49.0493,-0.6009
14298,0.26887,0.00117,21.0325,0.0544745,1.39048,0.40865,-0.083627,40.6039,0.217156,0,,314.895,1.2233
14331,0.2199,0.00102,20.9916,0.0437417,0.18256,0.30591,0.005681,40.2387,0.220195,0,,7.8887,-0.1358
14421,0.17417,0.00098,20.2,0.0321105,-0.675014,0.18883,-0.093204,39.5734,0.137128,0,,31.8299,1.2521
14437,0.14806,0.00096,19.4874,0.0524002,0.61897,0.12404,-0.097744,39.0382,0.157931,0,,332.081,-1.1964
14451,0.17737,0.0011,19.9351,0.053785,0.31635,0.17316,-0.101925,39.4771,0.138264,0,,308.195,0.9271
14456,0.32804,0.00111,21.6012,0.0716826,-0.04895,0.57986,-0.01995,41.0002,0.171833,0,,343.551,1.0507
14481,0.2422,0.00104,21.1208,0.0623283,-1.04131,0.39678,-0.153684,40.564,0.221356,0,,2.6817,0.2013
14735,0.29947,0.00108,21.4604,0.0505904,0.008509,0.43378,0.035333,40.7335,0.186464,0,,35.158,0.3484
14782,0.15931,0.00109,19.7034,0.0523867,-0.318108,0.13528,-0.014442,38.9503,0.143914,0,,314.234,-0.279
14846,0.22349,0.00102,20.6841,0.0414969,0.65798,0.29488,-0.043993,40.1511,0.167278,0,,7.6632,0.1416
14871,0.1272,0.00106,19.2189,0.0492218,1.26484,0.11312,-0.053521,38.7429,0.159508,0,,54.2771,0.0094
14979,0.17666,0.0011,19.9557,0.0504316,0.2335,0.14186,-0.115795,39.5164,0.135467,0,,54.9464,0.9928
14984,0.19557,0.00112,20.637,0.0575348,0.97928,0.33681,0.049454,39.9082,0.195934,0,,313.834,-0.0928
150254,0.27516,0.00146,21.5476,0.0345452,-0.048666,0.17131,0.069821,40.5286,0.241865,0,,183.211,47.1458
150457,0.30352,0.00148,21.3581,0.0375329,0.54176,0.28736,-0.092491,40.9204,0.142521,0,,161.353,57.2179
150509,0.29293,0.00147,21.0971,0.0436488,0.20797,0.36413,-0.154845,40.7458,0.174302,0,,241.234,54.8781
151034,0.13281,0.00138,19.128,0.0330575,0.31621,0.097702,-0.147882,38.7841,0.122177,0,,185.137,46.6661
15129,0.19621,0.001,20.4459,0.0442964,-0.68294,0.23328,-0.06814,39.7747,0.157962,0,,318.902,-0.3214
15132,0.15318,0.00096,19.5181,0.0341543,1.06523,0.15016,-0.132017,39.2175,0.127754,0,,329.7,0.1977
15161,0.24865,0.00104,20.9511,0.046844,-0.242653,0.32146,-0.05098,40.3256,0.178325,0,,35.8429,0.819
15171,0.13826,0.00107,19.4545,0.0577537,0.67029,0.14725,-0.072561,38.9503,0.15974,0,,304.793,-1.0645
15201,0.20748,0.00101,21.6221,0.0698576,-1.87784,0.79719,0.15242,40.316,0.333666,0,,337.519,0.0036
15203,0.20329,0.00101,20.4804,0.0400064,1.12434,0.2761,0.003346,39.8822,0.166845,0,,15.7347,0.1831
15213,0.31061,0.0012,21.5097,0.0775135,-0.072398,0.62448,-0.086288,40.9962,0.221391,0,,53.0191,-0.1001
15219,0.2465,0.00104,20.8027,0.0395711,-0.144574,0.38619,-0.15285,40.378,0.17135,0,,34.6111,0.2267
15222,0.19817,0.001,20.697,0.0404047,-1.31897,0.28823,0.012668,39.7561,0.182544,0,,2.8534,0.7027
15229,0.22551,0.00114,20.7712,0.04017,0.71495,0.29292,-0.034412,40.1856,0.197444,0,,4.832,1.0907
15234,0.13535,0.00095,20.2128,0.0356759,0.89204,0.20739,0.13004,39.0775,0.31333,0,,16.9583,0.8282
15259,0.2087,0.00101,20.5606,0.0469005,0.48151,0.27825,-0.004374,39.8639,0.197696,0,,337.544,-0.4078
15287,0.23639,0.00103,20.8754,0.0398002,1.111,0.3046,-0.044342,40.3805,0.155735,0,,323.96,-1.0574
15354,0.22083,0.00113,21.2664,0.0523245,-2.15343,0.50723,0.091001,40.0798,0.266821,0,,6.7737,-0.126
15356,0.27351,0.00107,21.204,0.0537294,-0.662822,0.50693,-0.017309,40.4721,0.208686,0,,335.053,0.4099
15365,0.18667,0.00099,20.2533,0.0358595,0.80934,0.23406,-0.053912,39.7559,0.144508,0,,354.557,1.2491
15369,0.23282,0.0051,20.3988,0.0384141,0.69214,0.24295,-0.042881,39.8341,0.180906,0,,348.833,-0.5626
15383,0.31506,0.0011,21.5967,0.0577825,0.13985,0.74016,-0.034455,41.0194,0.227804,0,,34.1495,-0.1552
15421,0.18459,0.00099,20.3878,0.0339364,0.20985,0.26484,-0.044165,39.7891,0.142656,0,,33.7416,0.6025
15425,0.15948,0.00097,19.6973,0.0525426,0.98515,0.1694,-0.00034,39.0908,0.143045,0,,55.5611,0.4783
15433,0.2195,0.00102,20.6886,0.039375,-0.028294,0.2707,-0.063961,40.1098,0.160031,0,,14.8796,-0.2565
15440,0.26141,0.00105,21.3311,0.0484391,-0.545934,0.53452,0.062545,40.447,0.207526,0,,39.7207,0.0901
15443,0.18136,0.00099,19.9583,0.0409523,1.58154,0.18332,-0.038573,39.4868,0.134057,0,,49.8674,-0.318
15453,0.18252,0.00111,20.3085,0.0433593,1.14628,0.25571,-0.038192,39.7821,0.177319,0,,319.668,-1.0243
15459,0.1256,0.00094,20.2955,0.0462356,0.37953,0.22191,0.11269,39.1417,0.298944,0,,340.701,-0.9018
15461,0.18493,0.00099,20.1265,0.0449205,-0.163539,0.21188,-0.109307,39.613,0.134864,0,,326.848,-0.4947
15466,0.24444,0.00104,21.1176,0.0734316,-1.06261,0.41476,0.036027,40.2064,0.221704,0,,317.645,-0.1232
15467,0.20856,0.00101,20.3503,0.0473706,0.82038,0.26734,-0.063565,39.8758,0.146778,0,,320.02,-0.1774
15508,0.13372,0.00095,19.3537,0.0302434,0.88393,0.10636,-0.059426,38.8434,0.157696,0,,27.169,-0.5766
15583,0.17443,0.0011,20.488,0.0372842,-0.19462,0.24103,0.036757,39.5546,0.230974,0,,37.7311,0.9463
15584,0.28344,0.00107,21.2141,0.057022,0.38221,0.42287,-0.04344,40.6596,0.184378,0,,43.4955,0.987
15648,0.17392,0.00098,20.8221,0.0739099,-1.3803,0.38453,0.11997,39.5986,0.318528,0,,313.718,-0.1948
15674,0.19568,0.00112,20.7804,0.0558084,-0.328952,0.31076,0.003206,39.958,0.212325,0,,340.829,0.2629
15704,0.36962,0.00114,21.8137,0.06901,0.085321,0.75488,-0.172779,41.4498,0.244353,0,,40.2107,0.6588
15776,0.31593,0.0011,21.5933,0.0550977,-2.2304,0.60327,-0.134286,40.933,0.227638,0,,32.8294,-0.9983
1580,0.18229,0.00099,20.0675,0.065852,0.89187,0.2367,-0.031183,39.5259,0.149858,0,,45.3231,-0.6441
15868,0.24986,0.00104,20.7568,0.0415629,0.32497,0.26818,-0.150652,40.3915,0.163714,0,,38.0998,-0.7136
15872,0.20562,0.00101,20.3019,0.0456764,0.76107,0.30875,-0.070773,39.8126,0.174944,0,,36.7225,-0.3278
15897,0.17374,0.00098,20.6321,0.0427796,-2.41302,0.25514,0.009375,39.5403,0.18318,0,,11.6814,-1.0329
15901,0.20382,0.00102,20.5196,0.041606,0.059763,0.26159,-0.055445,39.9041,0.171481,0,,31.9763,-0.5354
160039,0.27094,0.00146,21.2318,0.0349428,-1.16728,0.25745,-0.074508,40.4887,0.166124,0,,184.975,48.1403
160066,0.53111,0.00162,22.9837,0.0674021,2.34125,1.41714,-0.056896,42.5109,0.289268,0,,186.588,46.5959
160070,0.35909,0.00151,21.8695,0.0353194,1.1236,0.3543,-0.066643,41.4429,0.171109,0,,243.192,54.8737
160099,0.10165,0.00092,18.9294,0.0415475,0.63877,0.12725,-0.023302,38.2982,0.165557,0,,214.667,54.1831
160126,0.36034,0.00151,21.8693,0.0526934,-0.615294,0.77045,-0.000515,41.0791,0.230289,0,,163.283,57.2013
160197,0.35372,0.00151,22.0422,0.0416624,-0.217029,0.35304,-0.027099,41.3657,0.191944,0,,241.617,53.8718
160198,0.3491,0.00151,21.7405,0.044883,0.21655,0.29789,-0.095267,41.2499,0.158604,0,,242.905,53.9703
160200,0.4236,0.00155,22.8712,0.0764405,-0.195418,0.91668,0.15761,41.8403,0.400817,0,,242.608,54.1496
16021,0.12357,0.00094,19.3661,0.0320816,-0.33583,0.12847,-0.036819,38.6164,0.162163,0,,13.8437,-0.3888
16032,0.20331,0.00112,20.5278,0.0476505,-0.740612,0.23563,-0.103496,39.9277,0.173799,0,,44.0692,-0.4108
16069,0.12706,0.00094,19.8717,0.0432431,0.89709,0.22289,0.16215,38.8125,0.259679,0,,341.246,-1.0066
16072,0.28446,0.00107,21.285,0.0711094,0.25329,0.65465,-0.028769,40.6919,0.20709,0,,3.1244,-0.9773
16073,0.15357,0.00096,19.9937,0.0304166,0.73651,0.19081,-0.022417,39.3639,0.175468,0,,8.1078,-1.054
16093,0.3345,0.00111,21.6069,0.0780356,1.02797,0.76833,-0.055892,41.1204,0.23572,0,,350.362,1.1325
16100,0.18908,0.00111,20.8192,0.0496126,-0.349949,0.36937,0.064558,39.8089,0.256269,0,,30.4363,-1.0324
16106,0.24983,0.00116,20.8044,0.0671444,-0.557487,0.39614,-0.140879,40.2961,0.206796,0,,332.089,-1.1488
16116,0.15526,0.00096,19.7176,0.0328198,0.53168,0.30128,-0.106952,39.278,0.157843,0,,355.302,-1.1058
16165,0.1742,0.0011,19.881,0.0323402,0.35241,0.23467,-0.071679,39.3317,0.154309,0,,30.7331,-0.5339
16206,0.15856,0.00097,20.1411,0.0376729,-2.62037,0.57762,-0.0204,39.0794,0.163715,0,,5.7882,-0.0536
16211,0.30949,0.00109,21.8823,0.0979625,-1.95275,0.79923,0.017108,41.0177,0.300429,0,,348.164,0.2669
16213,0.2509,0.00511,20.8704,0.0406023,0.28207,0.44257,-0.099283,40.3873,0.202604,0,,8.9711,0.2584
16232,0.37436,0.00115,21.9013,0.0880741,-0.021827,0.88417,-0.119822,41.4722,0.234786,0,,17.2054,-0.9896
16259,0.11792,0.00093,19.7957,0.0370156,-1.4998,0.22217,0.078972,38.6088,0.214419,0,,352.03,0.8564
16276,0.19413,0.0051,20.4877,0.0390767,0.003506,0.57707,-0.029701,39.7983,0.218857,0,,20.5787,1.0106
16281,0.18522,0.00099,20.2211,0.0393127,-0.815183,0.54911,-0.077207,39.5427,0.172189,0,,352.942,-0.6681
16350,0.23693,0.00103,20.8949,0.0472588,-0.956479,0.59643,-0.086052,40.2279,0.210237,0,,323.639,-0.8858
16482,0.20948,0.00101,20.8143,0.0560926,-2.22105,1.17739,-0.022826,39.8413,0.262138,0,,328.71,0.9337
1688,0.35774,0.00113,21.9161,0.0939356,0.38041,1.33535,-0.014913,41.3574,0.291964,0,,321.358,0.3245
170078,0.32096,0.00149,21.886,0.0539106,-1.1083,0.5436,-0.100745,41.2315,0.207296,0,,186.183,47.6681
170428,0.3002,0.00147,21.8186,0.0432867,-0.985644,0.23041,-0.02004,40.9837,0.198158,0,,243.619,54.003
17168,0.18389,0.00099,20.3566,0.0449635,0.54542,0.3148,-0.038296,39.752,0.19743,0,,339.724,-1.1671
17186,0.07875,0.0009,18.9969,0.0381544,0.62903,0.14817,0.11553,38.0154,0.239252,0,,31.6128,-0.8995
17208,0.14104,0.00509,19.7308,0.0532498,0.86472,0.38887,-0.071594,39.2835,0.203514,0,,1.4916,1.1031
17215,0.18092,0.00099,20.3638,0.0671704,0.29117,0.42536,0.020215,39.6213,0.207991,0,,54.9264,1.0923
17218,0.17713,0.00098,20.1764,0.0402039,-0.7975,0.41307,-0.082569,39.5095,0.175623,0,,356.172,-0.0301
17220,0.17786,0.00098,20.2949,0.0393505,1.85173,0.28852,0.13563,39.3394,0.257355,0,,9.7015,-0.1792
17223,0.24164,0.00115,20.614,0.0517472,1.05435,0.69431,-0.080664,40.172,0.261675,0,,26.3614,-0.0194
17332,0.18217,0.00099,20.4513,0.053515,-0.208196,0.27495,0.040663,39.5863,0.201062,0,,43.7735,-0.1474
17340,0.25637,0.00105,21.0665,0.0522809,-0.045383,0.44798,-0.003459,40.3729,0.207312,0,,41.2121,0.3648
17366,0.13822,0.00095,19.3343,0.0470795,0.56478,0.16833,-0.091214,38.8857,0.128482,0,,315.787,-1.0292
17389,0.16971,0.00098,20.5418,0.0459346,1.11247,0.3806,0.066589,39.6721,0.274897,0,,323.295,-0.9601
17391,0.1836,0.00111,20.4262,0.0693015,0.34173,0.659,0.024238,39.5995,0.294191,0,,347.552,-0.9314
17435,0.21689,0.00113,20.4548,0.0404613,0.91406,0.25984,-0.107985,40.0672,0.190384,0,,20.3446,-0.0148
17464,0.25358,0.00116,20.8385,0.0426154,0.20597,0.62314,0.046591,40.0303,0.262822,0,,6.6408,0.042
17497,0.14404,0.00095,19.7966,0.0323655,0.90707,0.12522,0.038584,39.0756,0.170594,0,,37.1366,-1.0421
17552,0.25199,0.00104,21.0632,0.0493491,1.31187,0.42257,0.000905,40.4698,0.207347,0,,322.321,-1.0032
17568,0.14345,0.00108,20.9235,0.0775457,0.5715,0.41661,0.21811,39.5154,0.37065,0,,313.103,0.2777
17605,0.14542,0.00096,19.8441,0.0658628,0.80389,0.45281,0.023015,39.1518,0.210163,0,,309.203,0.0984
17629,0.13658,0.00095,19.8089,0.0370283,-0.34633,0.1476,0.061157,38.8475,0.195569,0,,30.6364,-1.0892
17791,0.28478,0.00118,21.4867,0.0865618,0.23323,0.72548,-0.189959,41.1135,0.351325,0,,332.373,0.7379
17801,0.20523,0.00112,20.9491,0.0824741,-0.656693,0.50591,-0.013866,40.1661,0.227714,0,,316.093,-0.898
17809,0.28758,0.00107,21.1963,0.0665115,1.7352,0.57792,0.026192,40.5379,0.238886,0,,6.3646,-0.8396
17811,0.212,0.00113,20.2386,0.0424726,1.08099,0.30058,-0.130649,39.9136,0.194498,0,,12.8787,-0.9474
17825,0.16236,0.00509,20.1566,0.0346927,-0.136652,0.16135,0.003422,39.3252,0.224064,0,,32.9471,-0.9124
17875,0.23125,0.00103,20.7748,0.0425424,1.16427,0.31837,-0.057488,40.3169,0.189753,0,,20.9834,1.255
17884,0.23789,0.00103,20.6,0.0420054,0.7009,0.28536,-0.123607,40.2317,0.172272,0,,27.5998,1.1721
1794,0.14082,0.00095,19.8715,0.0527408,1.15712,0.32796,0.038687,39.1775,0.184019,0,,317.837,-0.4453
180166,0.14778,0.00138,19.9028,0.0312554,0.60099,0.11034,0.035097,39.161,0.170177,0,,242.843,55.0642
18030,0.15536,0.00096,20.1367,0.0499084,-0.586144,0.25052,-0.048067,39.3994,0.175858,0,,4.933,-0.4001
180313,0.51016,0.00161,22.6209,0.036252,0.41004,0.41031,-0.05022,42.0945,0.144405,0,,244.319,55.3794
180561,0.22865,0.00143,21.4335,0.044018,0.0111,0.21475,0.13764,40.1604,0.308241,0,,334.462,1.4684
18091,0.36987,0.00114,21.6275,0.0866072,-0.623954,0.6937,-0.188739,41.2185,0.255045,0,,23.3675,0.5247
18323,0.15291,0.00096,19.9903,0.0417736,0.1555,0.22778,-0.038108,39.3239,0.173198,0,,3.4286,0.6522
18325,0.25736,0.00105,21.0216,0.0539152,0.40554,0.38149,-0.058339,40.4941,0.193606,0,,8.9057,0.37
18415,0.12958,0.00094,19.6372,0.0503966,-1.6309,0.17234,-0.083735,38.8429,0.142748,0,,337.478,1.0586
18463,0.267,0.00106,21.0646,0.0539664,0.94365,0.41767,-0.041716,40.5463,0.204902,0,,17.566,0.472
18466,0.21978,0.00113,20.8748,0.0561481,-0.104958,0.25146,0.024035,40.0882,0.173376,0,,48.4185,0.63
18485,0.28132,0.00118,21.0396,0.0517895,1.35117,0.42088,-0.088411,40.6224,0.174763,0,,47.9591,-0.6924
18486,0.23981,0.0012,20.5227,0.0544012,1.07573,0.26743,-0.101265,40.13,0.180786,0,,55.18,1.0031
18602,0.13713,0.00095,19.8656,0.0506298,0.90996,0.18668,0.063535,38.9616,0.259136,0,,338.984,0.6092
18604,0.17498,0.00098,20.6868,0.0510086,-2.13552,0.35414,-0.04209,39.7434,0.182014,0,,340.921,0.4214
18612,0.11388,0.00093,19.4256,0.0302881,-0.737167,0.13214,0.064074,38.3876,0.194923,0,,12.2879,0.597
18617,0.3258,0.00111,21.7607,0.0697394,-0.183659,0.93194,-0.026384,41.1639,0.271274,0,,345.762,0.8492
18650,0.11259,0.00093,19.1929,0.0523154,0.88484,0.11778,-0.037948,38.6214,0.163201,0,,328.447,0.0151
18697,0.10661,0.00092,18.9675,0.0277229,0.73545,0.12052,-0.002417,38.2611,0.195537,0,,11.2239,-0.9971
18740,0.15336,0.00096,19.9253,0.0300036,-0.040405,0.12731,0.029946,39.0991,0.159928,0,,16.8553,1.0437
18749,0.18948,0.00099,20.8189,0.0374358,-1.40939,0.39534,0.062014,39.7413,0.209197,0,,12.5473,0.6754
18768,0.19908,0.0051,20.744,0.0500306,-0.395911,0.3013,-0.03385,40.0216,0.217638,0,,17.2167,1.1979
18787,0.18929,0.00099,20.9515,0.0393668,0.18431,0.44922,0.043902,40.1408,0.200523,0,,29.7298,-1.0271
18804,0.19741,0.001,20.1689,0.0320827,0.92166,0.19946,-0.058195,39.6932,0.130873,0,,25.2656,-0.4484
18807,0.18728,0.00111,20.3609,0.048586,0.46489,0.24678,-0.031875,39.7694,0.13671,0,,46.6409,0.7933
18809,0.13169,0.00094,19.5473,0.0620036,-1.16804,0.18228,-0.072678,38.802,0.134576,0,,50.8813,0.6666
18835,0.12278,0.00094,19.3059,0.0618819,0.75966,0.11148,-0.007491,38.6853,0.144584,0,,53.6851,0.3555
18855,0.12732,0.00094,19.4888,0.0545208,0.24873,0.14548,-0.022638,38.7841,0.176913,0,,48.6323,0.2698
18927,0.21225,0.00113,21.0129,0.0570616,-0.578624,0.38977,0.11949,39.9374,0.243726,0,,46.6825,-0.754
18940,0.21114,0.00101,20.7236,0.0428541,-0.841378,0.26141,-0.031446,39.9552,0.163264,0,,10.349,0.412
18945,0.262,0.00117,21.3399,0.0465893,0.18686,0.50529,-0.036814,40.7216,0.216893,0,,10.0784,-1.0374
18965,0.20469,0.001,20.463,0.0396034,-0.612498,0.22995,-0.107766,39.8809,0.160012,0,,13.5091,1.069
19002,0.27021,0.00106,20.9688,0.0479335,0.34724,0.32256,-0.097817,40.5089,0.164866,0,,42.6154,-0.5512
19008,0.23086,0.00114,20.8639,0.0635632,1.08198,0.39794,0.06689,40.1049,0.204707,0,,331.963,-1.0699
190209,0.36656,0.00152,21.7085,0.0458927,0.5017,0.34374,-0.074744,41.2327,0.155657,0,,333.082,1.0359
19023,0.2441,0.00511,20.6065,0.0749791,1.61576,0.50206,-0.12542,40.2956,0.242814,0,,307.117,0.0062
190230,0.1388,0.00138,19.8198,0.04197,-1.41317,0.13557,-0.074607,39.0467,0.130742,0,,333.937,0.4225
190260,0.14359,0.00138,19.5762,0.0643465,0.98142,0.12321,-0.052167,39.1135,0.129494,0,,333.967,-0.8252
19027,0.29123,0.00108,21.1431,0.067105,0.5424,0.56497,0.006058,40.484,0.219145,0,,328.884,-0.372
190340,0.1384,0.00138,19.5213,0.0445877,0.50784,0.086677,-0.06629,39.0229,0.12425,0,,334.134,0.4733
19051,0.27631,0.00106,21.1235,0.0464579,0.73313,0.45036,-0.083775,40.6749,0.180061,0,,351.375,0.4231
19101,0.20077,0.00112,20.5028,0.0395303,-0.229311,0.21397,0.006447,39.6837,0.194976,0,,7.9727,0.1383
19128,0.28775,0.00511,21.3394,0.0498533,1.34109,0.61004,-0.066086,40.8753,0.227224,0,,354.204,-0.7822
19149,0.21037,0.00101,20.1342,0.0373926,1.04946,0.19839,0.009912,39.4543,0.186032,0,,31.46,-0.3319
19174,0.16375,0.00109,20.2688,0.0408817,-0.75334,0.21748,0.055899,39.2807,0.200998,0,,25.6597,1.0304
19207,0.25731,0.00116,21.2481,0.0699473,0.49449,0.59402,0.013695,40.5776,0.249962,0,,333.464,-0.9203
19230,0.22017,0.00113,21.0395,0.0543585,-1.64141,0.42746,0.083174,39.9228,0.242946,0,,332.891,0.7648
19282,0.17256,0.0011,20.041,0.0354105,1.24309,0.24272,-0.03095,39.5021,0.177409,0,,359.072,-0.5059
19341,0.23556,0.00103,21.1923,0.0508154,-1.526,0.3786,0.024006,40.2336,0.214202,0,,15.8603,0.3314
19353,0.15341,0.00096,19.9805,0.0487043,0.90998,0.20982,0.040687,39.2564,0.179373,0,,43.1144,0.2518
19543,0.12405,0.00509,19.6998,0.0341885,-0.83315,0.13952,-0.022316,38.835,0.221531,0,,357.908,0.2798
19596,0.29045,0.00119,21.3343,0.070827,0.87616,0.62098,-0.037472,40.7861,0.23085,0,,53.8843,0.7034
19616,0.16471,0.00097,19.9871,0.03602,0.13877,0.19507,-0.02465,39.3293,0.139452,0,,37.1011,0.1847
19632,0.31387,0.0011,21.5684,0.0667498,0.13675,0.55748,-0.052097,41.0228,0.214434,0,,40.2865,0.1444
19658,0.19878,0.00112,20.4511,0.0422868,0.00802,0.26469,-0.083706,39.889,0.174502,0,,8.9032,-0.2327
19702,0.26173,0.00116,21.3761,0.0705051,-1.08884,0.47749,-0.056784,40.681,0.233293,0,,47.7548,0.3568
19775,0.137,0.00095,20.0509,0.0545326,-0.212482,0.20423,0.098699,39.0095,0.224296,0,,318.956,0.6513
19794,0.2958,0.00108,21.9944,0.0809192,-2.38106,0.89829,0.054401,41.0209,0.307913,0,,359.319,0.2494
1980N,0.00482,0.00084,12.1471,0.0329384,-1.1428,0.11783,-0.010995,31.2476,0.558603,0,,50.7513,-37.2139
19818,0.30406,0.00109,21.2415,0.0609962,1.13593,0.56459,-0.029144,40.7052,0.182517,0,,35.2667,0.4964
1981B,0.00317,0.00084,11.6644,0.0335715,-0.445048,0.16526,-0.005137,30.7946,0.614535,1,30.8338,188.623,2.1998
1981D,0.00616,0.00084,12.2753,0.0598886,-1.15194,0.36241,0.1611,30.9079,0.524992,0,,50.6599,-37.2327
1990N,0.00359,0.00084,12.4026,0.0336097,0.62892,0.066107,-0.00619,31.6969,0.550993,1,31.8115,190.736,13.2565
1990O,0.03091,0.00087,15.9911,0.0639354,0.51757,0.1821,-0.069695,35.4926,0.166476,0,,258.901,16.322
1990af,0.04934,0.00089,17.5016,0.037839,-2.16797,0.14105,-0.06932,36.5997,0.202684,0,,323.747,-62.7371
19913,0.20249,0.00112,20.5944,0.0526552,0.11554,0.34885,-0.047441,39.9949,0.159703,0,,333.763,-0.3413
1991M,0.00821,0.00084,14.2234,0.11945,-1.09686,0.26919,0.008581,33.2138,0.462834,0,,239.645,17.458
1992A,0.00483,0.00085,12.2736,0.0297443,-1.67481,0.037983,-0.029989,31.34,0.562589,0,,54.1142,-34.9587
1992G,0.00692,0.00084,13.2809,0.0779876,-0.216055,0.10475,0.020575,32.4405,0.439634,0,,159.077,37.3212
1992P,0.02736,0.00086,15.7953,0.0358796,0.15615,0.27557,-0.104397,35.313,0.220137,0,,190.704,10.3601
1992ae,0.0744,0.0009,18.1864,0.0477242,-0.748829,0.1501,-0.036856,37.4346,0.222054,0,,322.075,-61.5504
1992ag,0.02585,0.00087,16.1351,0.0697101,-0.676962,0.10882,0.20097,34.7664,0.344692,0,,201.041,-23.8788
1992al,0.01388,0.00085,14.2,0.0359939,-0.284092,0.082956,-0.130405,33.6968,0.233531,0,,311.485,-51.3944
1992bc,0.02006,0.00086,14.8441,0.0317265,0.85559,0.071696,-0.138261,34.5121,0.199486,0,,46.3169,-39.5596
1992bg,0.03515,0.00088,16.5793,0.10989,-0.452709,0.12174,-0.052286,35.8937,0.211664,0,,115.486,-62.5194
1992bh,0.0444,0.00218,17.3486,0.0377084,-0.008455,0.14974,0.023653,36.551,0.270525,0,,74.8628,-58.8304
1992bl,0.04222,0.00089,17.0492,0.0417672,-1.72194,0.084356,-0.069318,36.2101,0.208042,0,,348.805,-44.7433
1992bo,0.01808,0.00086,15.5074,0.0347845,-2.00428,0.063529,-0.063684,34.6078,0.20147,0,,20.4925,-34.212
1992bs,0.06372,0.0009,18.0085,0.0409461,-0.254896,0.12543,-0.046839,37.3517,0.206518,0,,52.3749,-37.2718
1993B,0.07023,0.0009,18.2099,0.0664935,-0.323197,0.16341,0.034078,37.2944,0.277681,0,,158.717,-34.4417
1993H,0.02428,0.00086,16.4144,0.0481458,-2.04912,0.059063,0.067637,35.1803,0.232251,0,,208.209,-30.7079
1993O,0.05194,0.00091,17.3769,0.0444011,-0.650657,0.10008,-0.102247,36.7759,0.228182,0,,202.785,-33.2152
1993ag,0.04985,0.00089,17.6141,0.0700589,-0.828686,0.13624,0.047309,36.6402,0.244395,0,,150.894,-35.4626
1993ah,0.02888,0.00088,16.6311,0.26628,-2.20166,0.82871,0.10992,35.2763,0.655117,0,,357.959,-27.9618
19940,0.15601,0.00125,19.5573,0.0476145,1.05584,0.21423,-0.022894,38.9704,0.179204,0,,315.393,-0.2685
1994DRichmond,0.00299,0.00084,11.5334,0.0322548,-1.61803,0.049543,-0.111684,30.7757,0.881212,0,,188.51,7.7016
1994M,0.02464,0.00085,16.0309,0.0368391,-1.42754,0.090378,0.042876,34.9528,0.213795,0,,187.786,0.6054
1994S,0.01588,0.00085,14.4968,0.0355067,0.30392,0.1827,-0.101615,34.0287,0.224824,0,,187.841,29.1344
1994T,0.03583,0.00086,16.9856,0.0460261,-1.51339,0.15186,0.031814,35.9325,0.204232,0,,200.378,-2.149
1994ae,0.00588,0.00084,12.6957,0.0345957,0.43761,0.055223,-0.072951,32.1822,0.339643,1,32.1194,161.758,17.2752
19953,0.12207,0.00094,18.9546,0.0360525,0.72853,0.18419,-0.130952,38.5945,0.157915,0,,332.931,0.5791
1995D,0.00818,0.00084,12.9639,0.044647,0.72785,0.084066,-0.066488,32.484,0.342662,0,,145.228,5.1406
1995ac,0.0486,0.00087,16.8089,0.0374671,0.7562,0.087741,-0.061435,36.3303,0.135835,0,,341.392,-8.7513
1995ak,0.02203,0.00085,15.776,0.0490502,-1.0611,0.11929,0.071673,34.6739,0.247785,0,,41.4535,3.2306
1995al,0.00673,0.00084,13.0285,0.0306431,1.20311,0.12078,0.036406,32.3593,0.359446,1,32.4626,147.733,33.5526
19969,0.17444,0.00098,20.2579,0.0351576,0.063822,0.25331,0.018037,39.4849,0.162645,0,,31.9105,-0.324
1996C,0.02913,0.00086,16.3611,0.0352173,0.66261,0.13046,0.042514,35.5152,0.250819,0,,207.702,49.3186
1996X,0.00676,0.00085,12.7358,0.0495976,-1.07643,0.037787,-0.076722,31.9733,0.415464,0,,199.505,-26.8459
1996Z,0.00817,0.00085,14.0375,0.0684802,-0.347761,0.77915,0.20665,32.4455,0.490787,0,,144.187,-21.1476
1996bl,0.03459,0.00087,16.4495,0.063819,-0.152679,0.10963,-0.019262,35.7348,0.155656,0,,9.0749,11.3946
1996bv,0.01699,0.00085,15.1119,0.0703948,0.70324,0.20474,0.14673,34.0755,0.297815,0,,94.0542,57.0525
1997E,0.01376,0.00085,14.9015,0.0782587,-1.75207,0.090864,0.016054,33.7649,0.288791,0,,101.909,74.4975
1997Y,0.01705,0.00085,15.0764,0.0317453,-1.06703,0.13548,-0.013591,34.1973,0.214463,0,,191.381,54.7381
1997bp,0.00864,0.00085,13.6576,0.0415332,-0.05696,0.055661,0.11503,32.4198,0.425219,1,32.5982,191.724,-11.6425
1997bq,0.01079,0.00084,14.1473,0.0368439,-0.609001,0.086077,0.085938,33.0683,0.324016,1,33.0131,154.272,73.3839
1997br,0.00665,0.00085,13.3299,0.0759995,0.33528,0.064342,0.23825,31.7321,0.531169,0,,200.177,-22.0367
1997dg,0.02996,0.00086,16.6295,0.053366,-0.316156,0.17535,-0.027815,35.861,0.192522,0,,355.059,26.2033
1997do,0.01073,0.00084,14.1396,0.0469247,0.39341,0.11191,0.077583,33.1081,0.364668,0,,111.677,47.0933
1998V,0.01752,0.00085,14.946,0.11674,-0.229945,0.064377,0.005479,34.1465,0.231417,0,,275.656,15.7021
1998ab,0.02873,0.00086,15.8787,0.0328133,0.22754,0.074312,0.08478,34.9487,0.227749,0,,192.197,41.9245
1998aq,0.00349,0.00084,12.0503,0.0298815,-0.45159,0.036414,-0.118814,31.4967,0.545492,1,31.7216,179.108,55.1287
1998dh,0.00814,0.00084,13.5979,0.0497281,-0.603336,0.036032,0.013961,32.7164,0.317031,1,32.4996,348.668,4.5373
1998dm,0.00631,0.00085,14.3994,0.0423926,0.56097,0.053113,0.22921,32.8333,0.562902,0,,21.5582,-6.1039
1998dx,0.05018,0.00088,17.3128,0.0458945,-1.59626,0.29474,-0.106585,36.5693,0.155812,0,,272.8,49.8613
1998ef,0.0169,0.00085,14.5923,0.0529124,-1.01696,0.057899,-0.063568,33.841,0.289311,0,,15.862,32.2368
1998eg,0.02401,0.00085,15.9238,0.0748247,-0.498481,0.2824,-0.000898,35.1018,0.195014,0,,339.876,8.6059
1998es,0.00966,0.00086,13.5746,0.0344859,1.23442,0.067556,0.038991,32.8029,0.35789,0,,24.3233,5.8807
19990,0.24896,0.00104,21.1276,0.0508405,-1.31072,0.33362,-0.090965,40.427,0.180619,0,,34.8064,-0.3848
19992,0.22645,0.00114,20.8941,0.0614057,0.26487,0.55787,-0.081993,40.3912,0.201078,0,,357.104,-1.185
1999aa,0.0159,0.00085,14.4579,0.0359707,1.17396,0.034266,-0.106794,34.1323,0.209471,0,,126.925,21.4874
1999ac,0.01017,0.00084,13.8961,0.0384704,0.16103,0.032646,0.038135,32.9674,0.341878,0,,241.812,7.9723
1999aw,0.0391,0.00132,16.5274,0.0331789,2.26683,0.084175,-0.057719,36.2125,0.18352,0,,165.402,-6.1088
1999cc,0.03116,0.00086,16.5114,0.0311547,-1.60696,0.074875,-0.027281,35.5877,0.169094,0,,240.675,37.3596
1999cp,0.00954,0.00086,13.6687,0.0322457,0.28727,0.082822,-0.108916,33.2135,0.253629,1,33.1156,211.63,-5.4469
1999dg,0.02197,0.00086,15.6634,0.0412709,-1.76017,0.16216,-0.101113,34.8589,0.246447,0,,227.868,13.4849
1999dk,0.01389,0.00085,14.6098,0.0417218,0.54421,0.11017,0.019292,33.8053,0.288803,0,,22.8622,14.2849
1999dq,0.01312,0.00085,14.0767,0.0686182,0.82043,0.039779,-0.028732,33.52,0.273536,1,33.7082,38.4987,20.9751
1999ej,0.0155,0.00085,15.127,0.0519392,-1.85693,0.069527,-0.067445,34.2581,0.272528,0,,20.7391,33.4661
1999gp,0.02691,0.00086,15.8052,0.0417555,1.66138,0.038532,0.015337,35.2688,0.183373,0,,37.9131,39.3812
2000bh,0.02412,0.00087,15.6912,0.0440967,-0.112692,0.071024,-0.004958,34.8782,0.224067,0,,185.313,-21.9988
2000ca,0.02391,0.00088,15.3237,0.0486377,0.52115,0.071322,-0.11565,34.8993,0.190331,0,,203.846,-34.1603
2000cf,0.03707,0.00087,16.7894,0.0386271,-0.520479,0.083082,-0.047118,36.0475,0.166339,0,,238.234,65.9369
2000cn,0.02298,0.00085,16.3011,0.0441177,-2.56473,0.15877,0.075158,34.9712,0.237284,0,,269.418,27.8328
2000cu,0.01866,0.00086,15.6832,0.0611495,-1.85209,0.13201,-0.006091,34.6066,0.277471,0,,291.087,-25.9846
2000cw,0.02949,0.00086,16.4358,0.0519131,-0.841401,0.11901,-0.034882,35.6079,0.224233,0,,356.855,28.3877
2000dg,0.03697,0.00087,16.7545,0.0877128,-1.33287,0.42754,-0.128394,36.0748,0.289284,0,,1.5575,8.8882
2000dk,0.0173,0.00085,15.1207,0.0496363,-2.03848,0.07781,-0.036961,34.1517,0.257136,0,,16.848,32.4064
2000dm,0.01484,0.00085,14.8412,0.10769,-2.12328,0.11874,-0.114348,34.0109,0.270222,0,,274.746,16.2482
2000dn,0.03148,0.00089,16.3301,0.0431834,-0.301281,0.12132,-0.082751,35.707,0.22057,0,,346.274,-3.2003
2000dr,0.0179,0.00086,15.6965,0.0350442,-2.72877,0.10384,0.048082,34.2975,0.318912,0,,15.4335,-15.5692
2000fa,0.0224,0.00085,15.6505,0.049014,0.48583,0.083589,0.033432,34.7997,0.25527,0,,108.874,23.4284
200132,0.20868,0.01005,20.7462,0.0531945,0.39874,0.20429,-0.034298,40.1034,0.239508,0,,334.494,-0.6969
2001V,0.01557,0.00124,14.2942,0.0304065,0.86688,0.041652,-0.054393,33.8072,0.290395,0,,179.354,25.2025
2001ah,0.05886,0.00088,17.3618,0.0455553,1.74513,0.40731,-0.115505,37.146,0.252804,0,,167.624,55.1608
2001az,0.04101,0.00087,16.7018,0.0480562,1.11507,0.40795,-0.081271,36.3153,0.150794,0,,248.615,76.0297
2001ba,0.03096,0.00087,15.9327,0.0469911,0.16331,0.091746,-0.198625,35.6481,0.206672,0,,174.507,-32.3308
2001bf,0.01581,0.00086,14.4061,0.0627286,0.88145,0.051903,-0.086914,33.9926,0.239289,0,,270.392,26.2506
2001bg,0.00855,0.00084,13.7677,0.0397805,-0.375732,0.090642,0.097961,32.6928,0.359218,1,32.6114,128.829,28.4683
2001br,0.0209,0.00087,15.9826,0.0498636,-1.49568,0.13731,0.040127,34.8118,0.300223,0,,277.607,34.1036
2001bt,0.01279,0.00086,15.0276,0.0480659,-0.922972,0.052743,0.14144,33.7492,0.416658,0,,288.445,-59.2897
2001cj,0.02494,0.00085,15.5679,0.0319093,0.71544,0.10931,-0.128297,35.1973,0.228493,0,,200.437,31.2468
2001ck,0.03616,0.00093,16.4577,0.0340582,0.012403,0.15725,-0.070943,35.8586,0.223482,0,,219.459,30.4839
2001cn,0.01515,0.00086,15.0393,0.0454082,-0.553543,0.039626,0.11801,33.8877,0.294985,0,,281.574,-65.7616
2001cp,0.02198,0.00085,15.4518,0.0926207,1.00995,0.086629,-0.045292,34.9654,0.216973,0,,257.761,5.8411
2001cz,0.01213,0.00086,14.8246,0.0598407,0.12432,0.062028,0.041271,33.8783,0.346381,0,,191.876,-39.58
2001da,0.01718,0.00085,15.2016,0.0494315,-0.685997,0.075297,0.12145,34.022,0.308995,0,,358.387,8.1174
2001dl,0.02049,0.00085,16.5718,0.0418086,0.32293,0.10836,0.20428,35.1263,0.375783,0,,320.257,9.1807
2001eh,0.03725,0.00088,16.3815,0.0434015,1.78553,0.091747,-0.042863,36.0067,0.135213,0,,24.5504,41.6552
2001el,0.00333,0.00084,12.4717,0.0305106,-0.131083,0.026693,0.074105,31.5011,0.591006,1,31.2859,56.1275,-44.6398
2001en,0.0155,0.00085,14.7785,0.0418443,-0.766449,0.044789,-0.050739,33.9994,0.28632,0,,21.3454,34.0251
2001ep,0.01283,0.00086,14.5927,0.040033,-0.894852,0.03886,0.000829,33.6365,0.287379,0,,74.2511,-4.7612
2001fe,0.01467,0.00085,14.4295,0.0319507,0.7426,0.096685,-0.055329,33.8916,0.240694,0,,144.488,25.4948
2002G,0.03702,0.00086,17.3659,0.0339505,-1.4815,0.24187,0.24238,35.8056,0.308166,0,,196.98,34.0851
2002bf,0.02525,0.00085,16.0595,0.048654,-0.318008,0.13092,0.13662,34.9063,0.269066,0,,153.926,55.6685
2002cr,0.00954,0.00086,13.9092,0.02462,-0.602515,0.025982,-0.067624,33.2309,0.251906,1,33.1156,211.657,-5.4394
2002cs,0.0159,0.00085,14.8111,0.0713799,0.52807,0.037505,0.012312,34.0329,0.272511,0,,281.75,45.7055
2002cu,0.02236,0.00085,15.8649,0.045559,-1.8507,0.064268,-0.003168,34.7814,0.224663,0,,272.71,31.109
2002de,0.0295,0.00086,16.4092,0.0228616,0.32358,0.066219,0.086425,35.3638,0.283742,0,,244.127,35.7084
2002dj,0.00957,0.00087,13.652,0.0608135,-0.284682,0.059779,-0.017189,32.901,0.309548,0,,198.251,-19.519
2002dp,0.01061,0.00084,14.199,0.0361259,-0.883313,0.034548,0.006885,33.2931,0.27457,1,33.1859,352.127,22.4289
2002eb,0.02731,0.00091,15.7518,0.0400898,0.78251,0.038435,-0.07121,35.2673,0.172357,0,,334.772,24.5944
2002ef,0.02273,0.00087,16.3785,0.027675,-0.546957,0.077221,0.25356,34.6849,0.358325,0,,357.873,-13.3796
2002el,0.02849,0.00087,15.8932,0.0552185,-1.27001,0.07898,-0.076772,35.1049,0.181734,0,,314.125,-18.5595
2002er,0.00906,0.00084,13.9045,0.0936692,-0.928371,0.035467,0.044488,32.799,0.368859,0,,257.875,7.9958
2002eu,0.0379,0.00093,17.1311,0.0404586,-2.0681,0.11,0.005897,36.0624,0.163008,0,,27.4317,32.6286
2002fk,0.00719,0.00085,12.9122,0.0305443,0.062106,0.025592,-0.13675,32.4642,0.300269,1,32.5404,50.5238,-15.4009
2002ha,0.01258,0.00085,14.4697,0.0624508,-1.46565,0.033922,-0.09141,33.708,0.24076,0,,311.827,0.3127
2002he,0.02519,0.00086,15.9658,0.0309983,-1.65619,0.058796,-0.061326,35.1139,0.15531,0,,124.995,62.8203
2002hu,0.03705,0.00132,16.3971,0.0373428,0.52295,0.093247,-0.099791,35.9637,0.166565,0,,34.5836,37.4663
2002jy,0.02024,0.00085,15.5135,0.0426421,0.94186,0.10233,-0.037793,34.9988,0.187715,0,,20.3178,40.4987
2002kf,0.02001,0.00085,15.452,0.0726188,-0.988522,0.075949,-0.067617,34.6854,0.204275,0,,99.3138,49.8528
20039,0.24553,0.00104,21.121,0.046647,0.79173,0.49675,0.063072,40.3582,0.219468,0,,9.8786,1.0243
2003U,0.02833,0.00086,16.2342,0.0411235,-2.12399,0.32173,-0.041435,35.2665,0.177545,0,,260.69,62.164
2003W,0.02082,0.00085,15.603,0.0355912,-0.008507,0.04343,0.068384,34.674,0.230899,0,,146.706,16.0438
2003ch,0.02919,0.00087,16.4689,0.0496324,-1.30843,0.15207,-0.033307,35.6024,0.169987,0,,109.491,9.693
2003cq,0.03378,0.00086,16.9267,0.0608434,-0.735787,0.15753,0.09667,35.8276,0.259126,0,,179.059,60.522
2003du,0.00747,0.00084,13.1974,0.0226127,0.25827,0.039296,-0.141147,32.7943,0.289134,1,32.8472,218.649,59.3344
2003fa,0.04056,0.00088,16.3639,0.0351339,1.18712,0.056014,-0.094287,36.0167,0.143473,0,,266.032,40.881
2003gn,0.03375,0.00086,17.1435,0.0390999,-1.09542,0.10076,0.048082,36.0229,0.243018,0,,338.465,20.8024
2003gt,0.01462,0.00085,14.6689,0.0667047,-0.19694,0.0318,-0.032005,33.9253,0.243928,0,,308.246,9.872
2003he,0.02491,0.00087,15.9552,0.0303613,0.33862,0.046096,0.032819,35.0862,0.240547,0,,359.738,-2.2481
2003ic,0.05126,0.00088,17.3861,0.0588925,-1.69928,0.25104,-0.023174,36.393,0.201448,0,,10.4593,-9.3053
2003it,0.0251,0.00085,16.1328,0.0517252,-1.5665,0.16037,0.026245,35.079,0.205996,0,,1.452,27.4527
2003iv,0.03491,0.00088,16.7921,0.0811932,-2.07235,0.18828,-0.076635,35.9118,0.165632,0,,42.5302,12.8462
2003kc,0.03479,0.00086,16.8423,0.0565346,-0.627251,0.17134,0.058669,35.8566,0.205773,0,,146.643,30.6553
2003kf,0.00795,0.00084,13.3116,0.17038,0.52479,0.065705,-0.021355,32.6418,0.362719,0,,91.1476,-12.6286
20040,0.28665,0.00108,21.0241,0.0559245,1.11566,0.73541,-0.105522,40.6389,0.217509,0,,328.879,0.8151
20048,0.18402,0.00099,20.6727,0.0559655,-0.676762,0.52153,0.019531,39.796,0.218377,0,,339.308,0.7364
2004L,0.03373,0.00086,17.1121,0.044689,-1.03269,0.24302,0.15241,35.829,0.273673,0,,156.767,16.0187
2004S,0.01042,0.00084,13.9494,0.0681338,-0.181708,0.05568,-0.00638,33.1236,0.317227,0,,101.431,-31.2312
2004as,0.03296,0.00086,16.6528,0.0226211,-0.251932,0.087269,0.027296,35.7324,0.22019,0,,171.413,22.8304
2004at,0.02321,0.00085,15.4314,0.0260364,-0.046048,0.052886,-0.113423,34.9168,0.178524,0,,164.688,59.4867
2004bg,0.02234,0.00085,15.1791,0.0312379,0.19286,0.067197,-0.148768,34.7727,0.199004,0,,170.256,21.3398
2004bk,0.02352,0.00085,15.5119,0.0354353,0.47024,0.0686,-0.022127,34.8391,0.21588,0,,204.37,4.1031
2004br,0.02464,0.00085,15.1748,0.0306952,1.00327,0.077989,-0.107568,34.807,0.18246,0,,187.783,0.6132
2004bw,0.02116,0.00087,15.5818,0.0832894,-1.18794,0.065286,-0.082778,34.8194,0.196425,0,,225.945,-3.3046
2004ef,0.03012,0.00086,16.5796,0.0365877,-1.42181,0.022895,0.052068,35.4838,0.199296,0,,340.542,19.9946
2004eo,0.0146,0.00085,14.7594,0.0636833,-1.23185,0.020946,-0.042029,33.8826,0.249316,0,,308.226,9.9285
2004fz,0.01743,0.00085,14.6565,0.0430729,-1.27514,0.058552,-0.044214,33.7799,0.330633,0,,30.2767,31.8789
2004gs,0.02857,0.00086,16.8819,0.0277336,-1.88149,0.031957,0.099105,35.5996,0.235009,0,,129.597,17.6277
2004gu,0.04664,0.00087,17.1781,0.0256439,1.42917,0.059303,0.069815,36.4713,0.19409,0,,191.603,11.9489
2005M,0.02598,0.00086,15.6789,0.0265838,1.27672,0.030701,-0.016115,35.1081,0.198242,0,,144.385,23.2007
2005W,0.00855,0.00084,13.9074,0.0462308,-0.431319,0.054625,0.08768,32.852,0.318032,1,32.8293,27.6906,21.7599
2005ag,0.08009,0.0009,18.1867,0.0292482,0.28209,0.050407,-0.074453,37.6668,0.119289,0,,224.182,9.3285
2005al,0.01578,0.00085,14.6096,0.0383817,-1.25264,0.031141,-0.149074,33.9986,0.219937,0,,207.501,-30.5762
2005am,0.00863,0.00085,13.3723,0.0381972,-1.86653,0.032074,-0.022537,32.3945,0.331296,0,,139.052,-16.3044
2005bg,0.02434,0.00085,15.5864,0.0279705,0.38747,0.057364,-0.060615,35.0102,0.201948,0,,184.322,16.3716
2005bo,0.01463,0.00085,15.3797,0.0346688,-1.12409,0.11789,0.19426,33.7553,0.390506,0,,192.421,-11.0965
2005cf,0.0071,0.00084,12.9947,0.0582748,-0.060167,0.022551,-0.050515,32.3193,0.325586,1,32.3624,230.384,-7.4132
2005de,0.01519,0.00085,15.1241,0.0611976,-0.493131,0.032844,0.01664,34.1793,0.26677,0,,270.597,26.0521
2005df,0.00407,0.00084,12.0155,0.0362388,-0.103725,0.079745,-0.059471,31.3933,0.476404,1,31.4903,64.4077,-62.7693
2005df_ANU,0.00407,0.00084,11.9807,0.0341158,-0.01756,0.054078,-0.076884,31.3779,0.479276,1,31.4903,64.4077,-62.7693
2005el,0.01499,0.00086,14.6267,0.0694679,-1.31973,0.048762,-0.141785,33.974,0.229564,0,,77.953,5.1943
2005eq,0.02823,0.00086,16.0393,0.0464354,1.43934,0.054209,-0.018126,35.5563,0.160218,0,,47.2055,-7.0332
2005eu,0.03516,0.00507,16.1294,0.0781868,0.098192,0.069362,-0.189571,35.8012,0.48333,0,,36.9303,28.1768
2005hc,0.04575,0.00087,17.0338,0.0272435,0.7928,0.038244,-0.058108,36.5139,0.151933,0,,29.1998,-0.2137
2005hj,0.05708,0.00088,17.4717,0.0297356,1.61884,0.10542,-0.02589,36.9903,0.171451,0,,21.7017,-1.2381
2005iq,0.03341,0.00087,16.4917,0.0241147,-1.16049,0.04371,-0.126797,35.8516,0.143619,0,,359.635,-18.7092
2005ir,0.0752,0.0009,18.1593,0.0263767,0.72205,0.12811,-0.025823,37.5656,0.154994,0,,19.1825,0.7946
2005kc,0.01442,0.00085,15.2457,0.0779636,-0.756322,0.037381,0.13431,34.0187,0.307194,0,,338.531,5.5684
2005ki,0.02035,0.00085,15.2853,0.0278073,-1.45192,0.030987,-0.10876,34.5656,0.177716,0,,160.118,9.2023
2005ku,0.04439,0.00087,17.3103,0.0377587,-0.1945,0.14602,0.06224,36.2916,0.249078,0,,344.927,-0.0137
2005lz,0.04643,0.00088,17.3971,0.058725,-1.22727,0.12822,0.0596,36.3247,0.195021,0,,32.7073,34.9828
2005mc,0.02626,0.00086,17.003,0.0400369,-2.6789,0.12122,0.2078,35.3429,0.323231,0,,126.776,21.646
2005ms,0.02669,0.00086,15.8904,0.0351219,0.43692,0.077026,-0.055584,35.308,0.179587,0,,132.31,36.13
2005na,0.02748,0.00086,15.6486,0.0474874,-0.435652,0.030748,-0.130216,35.113,0.172724,0,,105.403,14.1333
20064,0.10374,0.00092,19.0064,0.0329894,0.81627,0.18168,0.057464,38.2079,0.196456,0,,358.586,-0.9176
2006D,0.00925,0.00084,13.8683,0.0344978,-1.58877,0.030509,-0.028804,32.8973,0.282867,1,32.9183,193.141,-9.7752
2006N,0.01446,0.00085,14.8549,0.0622722,-2.01175,0.065246,-0.059252,33.9078,0.240515,0,,92.1302,64.7236
2006S,0.03393,0.00086,16.5789,0.0297753,0.8864,0.067147,0.023002,35.9089,0.177213,0,,191.413,35.0868
2006ac,0.02432,0.00085,15.8825,0.0306084,-0.998087,0.066287,0.010966,34.953,0.198064,0,,190.437,35.0686
2006al,0.06886,0.00089,18.122,0.0560424,-1.43923,0.28126,-0.120727,37.4213,0.159324,0,,159.868,5.1834
2006ax,0.01747,0.00086,14.7505,0.0344419,0.16897,0.023629,-0.127493,34.3133,0.19782,0,,171.014,-12.2914
2006az,0.03201,0.00086,16.2089,0.0296513,-1.42383,0.044635,-0.106375,35.4896,0.148675,0,,183.061,56.1794
2006bh,0.01028,0.00086,14.0639,0.0266515,-1.68127,0.037673,-0.095147,33.2788,0.247952,1,33.245,340.067,-66.4851
2006bq,0.0227,0.00086,15.9408,0.0455047,-1.67036,0.069881,0.026805,34.8693,0.2033,0,,279.995,39.9824
2006bt,0.03121,0.00086,16.6678,0.035106,0.22867,0.042043,0.083887,35.7428,0.226764,0,,239.127,20.046
2006bw,0.03132,0.00086,17.2252,0.060152,-1.75496,0.1733,0.24188,35.6231,0.320886,0,,218.486,3.7988
2006cf,0.04268,0.00087,16.792,0.0404032,-0.261406,0.20558,-0.125206,36.2931,0.151018,0,,163.511,46.0267
2006cp,0.02239,0.00085,15.6143,0.0324353,0.042377,0.095119,-0.01644,34.8603,0.24312,0,,184.812,22.4273
2006cq,0.04944,0.00088,17.3241,0.0315457,-0.16718,0.5083,-0.006857,36.5828,0.168097,0,,201.105,30.9563
2006cz,0.04268,0.0009,16.8023,0.0581776,1.55722,0.44265,0.14909,35.9138,0.29449,0,,222.153,-4.7419
2006dd,0.00616,0.00084,12.0382,0.0316509,-0.285563,0.044371,0.021185,31.1857,0.452235,0,,50.6734,-37.2036
2006dm,0.02228,0.00087,15.7631,0.0371616,-1.90086,0.068507,-0.032922,34.8059,0.18018,0,,355.449,-3.669
2006ef,0.01734,0.00085,15.2474,0.0314984,-1.56473,0.067618,-0.05665,34.361,0.220285,0,,31.0813,-8.7284
2006ej,0.02023,0.00085,15.4508,0.0330842,-1.52252,0.046025,-0.043913,34.576,0.189903,0,,9.749,-9.0157
2006en,0.03162,0.00086,16.5072,0.0484629,-0.171952,0.14609,0.03606,35.6474,0.19424,0,,347.521,30.2233
2006et,0.02183,0.00086,15.6977,0.0237242,0.74714,0.033465,0.1084,34.7742,0.253646,0,,10.6909,-23.5584
2006ev,0.0281,0.00086,16.7945,0.0584629,-1.33707,0.074622,0.065619,35.6739,0.216353,0,,322.747,13.9892
2006gj,0.02803,0.00086,17.3773,0.0526857,-2.10847,0.077437,0.23987,35.7258,0.321699,0,,49.3992,-1.6917
2006gr,0.03428,0.00086,16.7436,0.0552809,0.80323,0.068742,0.071739,35.9378,0.211316,0,,338.095,30.8287
2006gt,0.04464,0.00087,17.9183,0.0300189,-2.07243,0.073024,0.090384,36.5114,0.286272,0,,14.0721,-1.6294
2006hx,0.04487,0.00087,17.2424,0.0292776,-0.133588,0.073683,0.011652,36.4565,0.162334,0,,18.4888,0.3717
2006kf,0.01947,0.00085,15.6542,0.13453,-2.07155,0.056755,-0.078569,34.7747,0.195403,0,,55.4603,8.1569
2006lu,0.05346,0.00088,17.2516,0.0667191,0.26916,0.066536,-0.139525,36.8631,0.133817,0,,138.824,-25.6001
2006mo,0.03702,0.00088,17.1662,0.0440029,-2.1933,0.11243,0.009815,36.0695,0.175025,0,,11.6606,36.3327
2006oa,0.06153,0.00089,17.6386,0.0378925,1.27481,0.23874,-0.016435,37.0747,0.183316,0,,320.929,-0.8435
2006ob,0.05824,0.00088,17.9386,0.0284244,-2.16098,0.10318,-0.044057,36.9821,0.138149,0,,27.9506,0.2633
2006on,0.07089,0.00089,18.2534,0.0900152,0.95018,0.705,0.088566,37.4543,0.24781,0,,328.994,-1.0702
2006os,0.03294,0.00088,17.3448,0.0837713,-0.668765,0.060653,0.27902,35.7992,0.326022,0,,43.7542,16.0097
2006ot,0.05202,0.00089,17.7273,0.0254217,0.82077,0.091625,0.099567,36.8679,0.208308,0,,33.7702,-20.7662
2006py,0.05653,0.00088,17.6261,0.0393726,0.1865,0.20803,-0.014706,36.9098,0.185051,0,,340.425,-0.1369
2006qo,0.02898,0.00086,16.5815,0.0374923,0.38443,0.059838,0.16289,35.4779,0.275376,0,,120.035,56.3688
2006sr,0.02388,0.00085,15.9144,0.0609277,-1.36612,0.117,-0.015239,34.9949,0.180801,0,,0.8959,23.1962
2006td,0.0145,0.00085,15.4968,0.0590855,-1.37917,0.10972,0.090675,34.1727,0.365029,0,,29.5657,36.3494
2006te,0.0329,0.00086,16.2935,0.0452019,-0.090751,0.098736,-0.08068,35.7248,0.15355,0,,122.929,41.5547
2007A,0.01682,0.00085,15.4419,0.0473284,0.56889,0.10298,0.11732,34.4649,0.358327,1,34.526,6.3194,12.8868
2007F,0.02417,0.00085,15.6167,0.0298228,0.53061,0.040745,-0.068213,35.084,0.183555,0,,195.813,50.6188
2007O,0.03818,0.00087,16.4877,0.0326883,-0.124259,0.20085,-0.068868,35.8938,0.151724,0,,224.022,45.4047
2007ae,0.06533,0.00096,17.5401,0.0444305,1.75915,0.28665,-0.012542,37.0851,0.153034,0,,255.467,79.0318
2007af,0.00625,0.00084,12.8231,0.0310192,-0.558,0.02594,-0.046439,32.0999,0.322811,1,31.7708,215.588,-0.3938
2007ai,0.0326,0.00087,16.8082,0.17,1.25446,0.23182,0.15406,35.8577,0.294619,0,,243.224,-21.6302
2007as,0.01802,0.00097,15.2094,0.0811746,-0.983845,0.039157,0.016521,34.2661,0.234211,0,,141.9,-80.1776
2007au,0.01976,0.00085,16.3508,0.0508532,-2.4148,0.13651,0.14796,34.6865,0.406241,0,,107.942,49.8537
2007ba,0.03441,0.00086,17.5063,0.0309117,-2.29268,0.064022,0.24948,35.825,0.340606,0,,229.178,7.3966
2007bc,0.02131,0.00085,15.5641,0.0245243,-1.09301,0.033583,-0.035648,34.7344,0.177177,0,,169.811,20.809
2007bd,0.0312,0.00087,16.2545,0.0285756,-1.07849,0.038739,-0.102398,35.5793,0.14868,0,,127.889,-1.1994
2007ca,0.01442,0.00085,15.6204,0.0436312,0.56794,0.03228,0.20417,34.1781,0.396908,0,,202.774,-15.1018
2007ci,0.02331,0.00085,15.66,0.031843,-2.4632,0.097065,-0.044303,34.6478,0.266962,0,,176.441,19.7705
2007co,0.02731,0.00086,16.2334,0.0689543,-0.065862,0.055708,0.021976,35.3437,0.230789,0,,275.765,29.8971
2007cq,0.0251,0.00086,15.5833,0.0661008,-0.689247,0.11692,-0.061404,34.8482,0.181918,0,,333.668,5.0803
2007cv,0.01386,0.00086,14.8056,0.0546662,-2.14639,0.11819,-0.005726,33.6741,0.345367,0,,159.439,-27.0825
2007fb,0.01733,0.00085,15.3633,0.0409958,-1.55803,0.081665,-0.028838,34.4009,0.221698,0,,359.218,5.5088
2007fs,0.01666,0.00086,14.8299,0.0311937,0.51566,0.078554,-0.077829,34.3408,0.198023,0,,330.418,-21.5082
2007gi,0.00587,0.00084,12.8324,0.0337127,-1.37417,0.079636,0.021825,31.7403,0.491367,0,,180.348,61.8927
2007hj,0.01325,0.00085,15.3058,0.0553119,-2.06693,0.041963,0.095255,33.9846,0.299399,0,,345.449,15.5865
2007hu,0.03551,0.00086,17.4537,0.16039,-1.39482,0.5232,0.20526,35.9905,0.374822,0,,254.125,27.9779
2007hx,0.07875,0.0009,18.9579,0.0286586,0.48448,0.14,0.090692,38.0942,0.180119,0,,31.6128,-0.8995
2007is,0.02866,0.00086,16.1685,0.0402055,-0.440798,0.18389,0.004586,35.3449,0.211378,0,,251.811,40.2436
2007jd,0.07222,0.00089,18.615,0.0462907,-0.876053,0.10327,0.041465,37.6319,0.199695,0,,44.9724,1.1607
2007jg,0.03756,0.00086,16.9973,0.0613891,-0.553643,0.058285,-0.034681,36.2185,0.171341,0,,52.4617,0.0568
2007jh,0.04167,0.00087,18.0581,0.0615652,-1.96997,0.12118,0.1894,36.5601,0.280122,0,,54.0064,1.1034
2007kh,0.05032,0.00508,17.6127,0.13391,0.61284,0.39568,0.11931,36.5403,0.453411,0,,48.8004,43.1703
2007kk,0.04285,0.00088,16.6875,0.12472,0.93536,0.13553,-0.050188,36.2071,0.166515,0,,55.5969,39.2418
2007le,0.0063,0.00084,13.5748,0.0284815,0.23463,0.027155,0.20677,32.0843,0.537335,0,,354.702,-6.5226
2007nq,0.04349,0.00087,17.1283,0.0292073,-1.89805,0.049053,-0.047927,36.2137,0.152187,0,,14.3899,-1.3886
2007on,0.00483,0.00085,12.7485,0.0236245,-2.22068,0.04445,0.003067,31.6525,0.564724,0,,54.7125,-35.5753
2007qe,0.02357,0.00085,15.7493,0.0360905,0.34568,0.069934,-0.016581,35.0406,0.206572,0,,358.554,27.4093
2007sr,0.00571,0.00084,12.4987,0.0411252,0.056985,0.042095,0.046871,31.6292,0.385756,1,31.6025,180.47,-18.9728
2007ss,0.01652,0.00085,16.0119,0.0409359,-1.30935,0.09044,0.24779,34.4137,0.34637,0,,190.275,50.3913
2007st,0.02056,0.00085,15.5024,0.0304686,-1.62937,0.052749,0.034066,34.4168,0.217156,0,,27.177,-48.6494
2007su,0.0274,0.00086,16.655,0.0682278,0.24547,0.35091,0.17494,35.3042,0.352852,0,,334.787,13.1779
2007sw,0.02517,0.00086,16.0333,0.0392569,0.074801,0.13097,0.096088,34.9117,0.306484,0,,183.404,46.4934
2007ux,0.03264,0.00086,17.0308,0.0333747,-1.93734,0.051458,0.044949,35.8808,0.19004,0,,152.333,14.9924
2008050,0.04625,0.0009,16.8728,0.0431837,1.07343,0.40803,-0.011597,36.2636,0.218105,0,,204.198,5.1418
2008051,0.03873,0.00087,16.37,0.0422451,0.71931,0.13509,-0.132215,36.0125,0.17035,0,,229.995,4.9046
20084,0.13851,0.00095,20.3104,0.0437946,0.078701,0.28687,0.14895,39.0401,0.319084,0,,347.975,-0.5781
20088,0.24329,0.00104,20.6725,0.0330845,-0.210518,0.21212,-0.159331,40.2516,0.143114,0,,13.2052,0.6315
2008C,0.01737,0.00085,15.399,0.0545149,-0.695876,0.079108,0.087064,34.31,0.263557,0,,104.298,20.4371
2008L,0.01778,0.00085,14.9128,0.0953989,-1.52385,0.096944,-0.141932,34.2464,0.213428,0,,49.3194,41.3827
2008O,0.03847,0.00088,17.8587,0.0544844,-1.93144,0.070935,0.25164,36.2254,0.311188,0,,104.394,-45.8123
2008Q,0.0075,0.00084,13.2285,0.0563466,-1.85633,0.31616,-0.056178,32.3312,0.373843,0,,21.2385,9.5504
2008R,0.01246,0.00086,14.9547,0.0469183,-2.23955,0.049819,0.013559,33.8286,0.265115,0,,45.9738,-11.9943
2008Y,0.07056,0.00089,18.2412,0.0565672,-0.607813,0.25965,0.060985,37.2775,0.212322,0,,169.877,54.4628
2008Z,0.02118,0.00085,16.1389,0.0304023,0.65572,0.11233,0.090209,35.118,0.310686,0,,145.814,36.2844
2008ar,0.02849,0.00086,15.9302,0.0301581,-0.139414,0.037394,-0.065509,35.2913,0.178243,0,,186.158,10.8382
2008at,0.03522,0.00088,17.3392,0.0960404,-1.53188,0.1908,0.21412,35.8349,0.334212,0,,156.801,71.4157
2008bc,0.01546,0.00086,14.4158,0.13745,0.57382,0.029774,-0.132291,34.0331,0.226465,0,,144.63,-63.9738
2008bf,0.02462,0.00131,15.4059,0.028187,0.39564,0.028192,-0.14861,35.0521,0.231261,0,,181.012,20.2452
2008bq,0.03166,0.00087,16.4518,0.0545161,0.36029,0.039658,0.013262,35.7279,0.17805,0,,100.26,-38.0386
2008bz,0.06099,0.00089,17.6716,0.0256395,-0.455183,0.080157,-0.136015,37.1631,0.123921,0,,189.741,11.1295
2008cf,0.04682,0.00088,16.7783,0.0425169,1.32938,0.089558,-0.116433,36.4786,0.148197,0,,211.886,-26.5518
2008dr,0.04014,0.00087,17.2345,0.0321758,-1.38746,0.082156,-0.001615,36.284,0.147901,0,,332.715,2.1082
2008ec,0.01562,0.00085,15.2617,0.0485316,-0.936791,0.049423,0.07238,34.1732,0.264363,0,,345.819,8.8722
2008ei,0.03702,0.001,17.4398,0.0600843,0.080205,0.22258,0.18318,36.08,0.336812,0,,334.388,33.2559
2008eo,0.01565,0.00092,14.9971,0.0515636,1.06352,0.087537,0.001725,34.3317,0.278713,0,,10.4668,32.9903
2008eq,0.05728,0.00088,17.9717,0.0532614,0.50506,0.24341,0.10104,37.0687,0.221323,0,,255.03,23.1324
2008fr,0.03828,0.00218,16.5287,0.0416668,0.49771,0.11284,-0.117726,36.1141,0.236153,0,,17.9548,14.6408
2008fv_comb,0.01079,0.00084,14.2732,0.0334836,0.73924,0.057321,0.11153,33.1809,0.377969,1,33.0131,154.239,73.4101
2008gb,0.03796,0.00087,16.8088,0.11288,0.035543,0.26811,-0.026254,36.0889,0.198876,0,,44.488,46.8657
2008gg,0.03114,0.00087,16.2469,0.027168,0.83388,0.050831,0.033608,35.5409,0.184896,0,,21.346,-18.1724
2008gl,0.03272,0.00088,16.5318,0.0263207,-1.37868,0.035499,-0.028016,35.6431,0.148421,0,,20.2284,4.8053
2008go,0.06137,0.0009,17.7737,0.0290977,-0.766723,0.24562,-0.015834,36.9691,0.141986,0,,332.687,-20.7881
2008gp,0.03333,0.00088,16.0703,0.0685568,-0.140482,0.02563,-0.161762,35.6643,0.150947,0,,50.753,1.3619
2008hj,0.03682,0.00088,16.4945,0.0287141,0.18381,0.036397,-0.0755,35.9282,0.1566,0,,1.008,-11.1687
2008hs,0.01975,0.00085,15.9113,0.0508942,-2.71083,0.18764,-0.000986,34.757,0.466611,0,,36.3734,41.8431
2008hu,0.05052,0.00089,17.5866,0.0623726,-1.71892,0.056792,-0.049449,36.7036,0.133364,0,,122.312,-18.6536
2008hv,0.01375,0.00085,14.4601,0.0281614,-1.24313,0.033436,-0.107777,33.7683,0.232778,0,,136.892,3.3923
2008ia,0.02231,0.00086,15.6701,0.13297,-1.24683,0.048337,-0.083436,34.9245,0.169837,0,,132.647,-61.2779
2009D,0.02453,0.00086,15.4324,0.0356025,0.6502,0.02688,-0.096976,35.008,0.162015,0,,58.5951,-19.1817
2009Y,0.00996,0.00086,13.7683,0.0593511,0.26874,0.028763,0.11483,32.7458,0.360296,1,33.0928,220.599,-17.2468
2009aa,0.02819,0.00088,16.0179,0.0281524,-0.776049,0.027635,-0.080131,35.3174,0.173415,0,,170.926,-22.2707
2009ab,0.01155,0.00085,14.4086,0.11989,-1.00248,0.047177,-0.048333,33.5833,0.281169,0,,64.1516,2.7642
2009ad,0.02844,0.00086,15.8932,0.0648409,0.1767,0.032497,-0.069418,35.3421,0.156527,0,,75.8891,6.6599
2009al,0.02342,0.00087,15.9279,0.0268882,-0.148779,0.058514,0.057782,35.0081,0.221692,0,,162.842,8.5785
2009an,0.01026,0.00084,14.2304,0.0364578,-1.4709,0.10067,0.010704,33.2253,0.299086,0,,185.697,65.8512
2009bv,0.03848,0.00087,16.6178,0.0295837,0.46163,0.085533,-0.139538,36.2564,0.149974,0,,196.835,35.7844
2009cz,0.02343,0.00085,15.4303,0.0256619,0.70449,0.051791,-0.02851,34.8582,0.170636,0,,138.75,29.7353
2009dc,0.02137,0.00085,14.767,0.0450769,2.23755,0.10956,0.001301,34.3468,0.19901,0,,237.801,25.7078
2009do,0.04099,0.00087,16.8767,0.0329066,-1.16148,0.064154,-0.035481,36.0403,0.147245,0,,188.743,50.8512
2009ds,0.02019,0.00086,15.2331,0.0310364,1.25453,0.1241,0.061724,34.5072,0.233893,0,,177.267,-9.7291
2009eu,0.03108,0.00178,17.4639,0.0447283,-1.99511,0.20963,0.20113,35.9224,0.399302,0,,247.171,39.5535
2009fv,0.03108,0.00086,16.6725,0.0272199,-0.730586,0.12296,0.16249,35.406,0.332119,0,,247.434,40.8116
2009gf,0.01855,0.00085,15.8306,0.0344815,-2.72077,0.17526,0.067878,34.492,0.255362,0,,213.905,14.2802
2009ig,0.00815,0.00084,13.1531,0.0340069,1.07171,0.066357,-0.087219,32.7434,0.280148,1,32.5621,39.5484,-1.3125
2009jb,0.02307,0.00086,15.6622,0.048934,-0.07521,0.51713,0.022295,34.7666,0.340338,0,,260.925,30.4973
2009kk,0.0122,0.00086,14.4042,0.086278,-1.33511,0.083691,-0.120964,33.7023,0.266666,0,,57.4345,-3.2644
2009kq,0.01259,0.00086,14.2631,0.0370158,-0.139165,0.068751,-0.054923,33.5874,0.26006,0,,129.063,28.0671
2009le,0.01784,0.00085,15.0781,0.023566,0.91638,0.17222,0.064918,34.2939,0.246602,0,,32.3214,-23.4124
2009na,0.02205,0.00085,15.4975,0.0351827,-0.709364,0.10035,-0.057432,34.7477,0.199095,0,,161.756,26.5439
2009nq,0.01576,0.00085,15.014,0.0950355,-0.524383,0.79264,0.0068,34.1657,0.28688,0,,348.821,19.0229
20106,0.33147,0.00122,21.7933,0.083189,-1.04485,0.76361,-0.106083,41.2335,0.285481,0,,346.554,0.329
2010A,0.02081,0.00085,15.5799,0.0398655,0.48015,0.12751,0.1036,34.4863,0.330445,0,,38.1644,0.6195
2010Y,0.01233,0.00084,14.7167,0.0372293,-2.58836,0.088112,-0.068675,33.7403,0.254135,0,,162.766,65.7797
2010ag,0.03335,0.00086,16.3599,0.038038,1.79713,0.21663,0.028141,35.8159,0.198961,0,,255.973,31.5017
2010ai,0.01826,0.00085,15.7283,0.0357082,-1.6487,0.09131,-0.119693,34.9792,0.21848,0,,194.85,27.9964
2010ao,0.02369,0.00085,15.5645,0.0363036,-0.432206,0.13307,-0.093006,34.943,0.2098,0,,205.921,3.9
2010cr,0.02295,0.00085,16.3133,0.0734261,-1.41732,0.34555,0.030866,35.2685,0.304874,0,,202.354,11.7962
2010dt,0.05316,0.00088,17.3523,0.0599343,-0.080844,0.44217,-0.10615,36.8474,0.172204,0,,250.811,32.6751
2010dw,0.03902,0.00088,16.8729,0.0607647,0.19176,0.11415,0.058849,36.0125,0.204712,0,,230.668,-5.9211
2010gn,0.03147,0.00086,16.5552,0.0453483,-0.777601,0.33601,-0.103919,35.9119,0.273901,0,,259.458,40.8811
2010gp,0.02411,0.00085,15.9382,0.0592426,-0.512147,0.24684,0.1744,34.4711,0.398476,0,,253.239,2.3879
2010hs,0.0756,0.00508,18.1524,0.0763926,1.12001,0.55185,-0.101863,37.8142,0.289148,0,,36.4131,24.7649
2010ii,0.02805,0.00086,15.9035,0.0566189,-1.63665,0.18002,-0.106486,35.1306,0.184771,0,,339.555,35.4917
2010kg,0.01652,0.00085,15.2333,0.0964583,-1.28649,0.19062,0.10814,33.9999,0.334729,0,,70.035,7.35
2010ko,0.01122,0.00084,15.0738,0.0878476,-2.46319,0.12961,0.012558,33.8347,0.353909,0,,83.206,-14.0961
20111,0.2428,0.00104,21.1628,0.0496585,-0.025066,0.61626,0.015582,40.4217,0.219858,0,,354.394,0.2481
2011B,0.00538,0.00084,12.4933,0.0388011,-1.02192,0.098385,-0.026951,31.6512,0.514401,0,,133.952,78.2174
2011ao,0.01195,0.00084,14.0135,0.0367775,0.41451,0.13602,-0.084504,33.4974,0.301502,0,,178.463,33.3629
2011by,0.00349,0.00084,12.627,0.0234355,-0.334036,0.044392,0.011283,31.7933,0.55272,1,31.6336,178.94,55.3256
2011df,0.01493,0.00085,14.6965,0.0799761,0.20649,0.073045,0.018123,33.8524,0.277558,0,,291.89,54.3865
2011dl,0.03403,0.00086,16.8963,0.05389,0.59667,0.19089,0.12826,35.7587,0.312966,0,,244.521,21.5511
2011dn,0.02513,0.00085,15.4132,0.10542,0.21601,0.27569,0.0523,34.4583,0.333265,0,,299.648,2.6045
2011fe,0.00122,0.00084,9.58436,0.0327221,-0.548188,0.13373,-0.1076,28.9987,1.51645,1,29.177,210.774,54.2737
2011fs,0.01875,0.00085,15.0294,0.0702995,1.18664,0.09053,-0.035888,34.5466,0.215514,0,,334.331,35.5806
2011hb,0.0282,0.00089,16.0947,0.0597009,0.14953,0.35962,0.033306,35.2874,0.292934,0,,351.981,8.7794
2011im,0.01549,0.00085,15.4868,0.0579502,-1.45096,0.2899,0.091116,34.2732,0.34036,0,,341.105,-0.1672
2011iv,0.00668,0.00085,12.1617,0.0228981,-1.89667,0.035884,-0.056402,31.2217,0.420706,0,,54.714,-35.5922
2012bh,0.02517,0.00086,15.9697,0.0930226,-0.412737,0.26293,-0.033322,35.1989,0.238281,0,,183.406,46.4835
2012cg,0.00256,0.00084,11.8161,0.0237119,0.49196,0.023545,0.10073,30.7233,0.782372,1,30.8433,186.803,9.4203
2012fr,0.00483,0.00085,11.711,0.0239548,1.1575,0.035649,-0.036256,31.2234,0.410577,1,31.3773,53.4,-36.1271
2012hr,0.00814,0.00084,13.3474,0.0443687,-0.022119,0.19434,-0.047757,32.7092,0.367554,0,,95.4103,-59.7141
2012ht,0.00465,0.00084,12.6928,0.0284379,-1.16357,0.039407,-0.128403,32.033,0.420403,1,31.9348,163.345,16.7764
2013E,0.01016,0.00085,13.5008,0.0676757,0.35982,0.25323,0.008178,32.7794,0.348547,0,,150.023,-34.2337
2013Q,0.01657,0.00085,15.2215,0.072741,-0.184161,0.67913,0.11788,33.9726,0.41528,0,,356.783,29.4865
2013aa,0.00331,0.00085,10.8438,0.10031,0.63346,0.13866,-0.157707,30.5528,0.580251,1,30.5454,218.141,-44.2244
2013bs,0.02866,0.00087,16.3552,0.0380803,-1.53613,0.088993,-0.014122,35.4105,0.201911,0,,259.342,41.0667
2013cs,0.00935,0.00084,13.3968,0.0647672,-0.33302,0.15324,0.054048,32.3353,0.401367,0,,198.812,-17.9654
2013dy,0.00432,0.00084,12.4377,0.081236,0.87178,0.02388,0.073845,31.499,0.514259,1,31.6272,334.573,40.5693
2013ex,0.01122,0.00084,14.1873,0.0865384,-0.341166,0.065723,-0.036939,33.4336,0.283424,0,,83.1942,-14.0459
2013fa,0.01472,0.00085,15.3742,0.0644492,-0.556908,0.089373,0.20583,33.7894,0.397352,0,,310.973,12.5144
2013fn,0.0273,0.00086,15.9474,0.0473954,0.037964,0.51229,-0.04987,35.2892,0.298907,0,,315.099,-14.4978
2013fw,0.01656,0.00085,14.7918,0.0481957,0.55558,0.049696,-0.032516,34.1608,0.218117,0,,318.437,13.576
2013fy,0.03075,0.00087,16.0923,0.0594961,0.50174,0.62502,0.027979,35.3522,0.343157,0,,324.363,-47.0319
2013gh,0.00838,0.00085,14.1307,0.0314283,-0.732548,0.046243,0.19613,32.521,0.465611,0,,330.591,-18.9168
2013gq,0.01453,0.00085,14.379,0.039779,-0.740468,0.076922,-0.102076,33.7526,0.2163,0,,124.473,23.4696
2013gs,0.01776,0.00085,15.1955,0.039359,-0.229314,0.15961,0.036407,34.2221,0.320412,0,,142.787,46.3848
2013gy,0.01303,0.00085,14.5052,0.0396399,-0.513534,0.034883,-0.023595,33.7355,0.239783,0,,55.5703,-4.7218
2013hn,0.01578,0.00085,14.7736,0.0733774,-1.76294,0.15572,-0.141115,34.0697,0.290382,0,,207.247,-30.2907
20142,0.3127,0.0012,21.0532,0.0471982,1.27633,0.65075,-0.087714,40.6239,0.2062,0,,23.0082,-0.4297
2014ai,0.02313,0.00085,16.1471,0.0499409,-1.00094,0.25544,0.084192,35.0225,0.271221,0,,139.934,33.7637
2014bj,0.04258,0.00507,17.1604,0.0731528,0.80842,0.42646,-0.010656,36.5106,0.426487,0,,290.663,43.8908
2014bv,0.00634,0.00085,13.6699,0.0524273,-2.41089,0.15849,0.057169,32.4001,0.482567,0,,186.129,75.5357
2015F,0.00488,0.00084,12.2751,0.10716,-0.994481,0.029597,-0.068708,31.539,0.407028,1,31.4489,114.066,-69.5064
2015bp,0.00592,0.00084,13.4632,0.0468862,-2.13402,0.11368,-0.049813,32.4685,0.487055,0,,226.375,1.634
2016W,0.01995,0.00085,15.5653,0.0558497,-1.42495,0.10741,0.046849,34.3648,0.295725,0,,37.6655,42.236
2016afk,0.04738,0.00087,17.5003,0.0534497,-0.290903,0.22075,0.03245,36.5642,0.229149,0,,155.625,15.0966
2016coj,0.0057,0.00084,12.7918,0.0235983,-1.69279,0.039137,-0.05311,31.9117,0.469628,0,,182.028,65.1772
2016fbk,0.03576,0.00086,17.0065,0.0402182,-0.491218,0.11336,0.092859,35.9591,0.225173,0,,26.0272,34.3827
2016ffh,0.01865,0.00085,15.5951,0.0355866,-0.612255,0.1456,0.051027,34.6171,0.238984,0,,227.956,46.251
2016hpw,0.02034,0.00087,15.585,0.0505021,0.5668,0.10848,0.011898,34.8165,0.241825,0,,317.283,-18.1039
2017,0.26172,0.00105,21.0653,0.0637632,1.4185,0.57152,-0.102401,40.6874,0.258941,0,,328.943,0.5935
2017cbv,0.00331,0.00085,10.7729,0.0944437,0.61655,0.052564,-0.125638,30.4013,0.578445,1,30.5454,218.143,-44.1341
2017cfd,0.01304,0.00086,14.5993,0.0318035,-0.79384,0.10414,0.058475,33.5673,0.284786,0,,130.204,73.4875
2017erp,0.00677,0.00085,12.9977,0.063433,0.26056,0.022269,0.03324,32.1951,0.34053,1,32.2221,227.312,-11.3342
2017hoq,0.02303,0.00086,15.4939,0.0497219,0.78087,0.13028,-0.063076,34.985,0.19074,0,,79.8345,-17.6116
20186,0.34968,0.00123,21.935,0.0718408,0.54894,1.1984,-0.094235,41.4873,0.287684,0,,357.295,0.7979
2018aoz,0.00548,0.00085,12.401,0.0573315,-1.12558,0.068756,-0.118271,31.7282,0.501431,0,,177.758,-28.7441
2018enc,0.02354,0.00086,15.4645,0.0742184,1.9832,0.20158,-0.016921,34.9998,0.217718,0,,229.869,-9.8806
2018fop,0.02151,0.00086,15.0857,0.0508908,0.64773,0.13589,-0.076785,34.5899,0.199177,0,,18.8255,-6.859
2018gv,0.00602,0.00085,12.4682,0.0397344,0.59016,0.040938,-0.111964,32.0666,0.343707,1,32.0504,121.394,-11.4379
2018jjd,0.02521,0.00086,15.4098,0.0394095,0.70895,0.10553,-0.10281,34.9842,0.185284,0,,66.0835,-31.9874
2019ein,0.00883,0.00084,13.6289,0.0284538,-1.58896,0.040289,-0.106243,32.8616,0.327035,0,,208.371,40.2754
2019np,0.00648,0.00084,13.1265,0.0252112,0.11525,0.04952,-0.02786,32.4608,0.318474,1,32.3302,157.342,29.5106
2021hpr,0.01044,0.00084,14.0289,0.0336583,0.24592,0.072475,0.045569,33.0869,0.343916,1,33.0131,154.161,73.4005
2021pit,0.00384,0.00084,12.0868,0.0383302,-0.042209,0.12206,0.072389,30.9999,0.566505,1,31.2859,56.1257,-44.6325
20227,0.27585,0.00107,21.2657,0.0470718,-1.22544,0.55655,-0.136189,40.6631,0.213576,0,,349.12,-0.0985
20245,0.28734,0.00107,21.4579,0.0716521,-0.694772,0.92588,0.077783,40.5691,0.250397,0,,341.706,0.7563
2031,0.15195,0.00108,19.4488,0.0438665,0.48801,0.14271,-0.12821,39.0477,0.158769,0,,312.043,-1.1714
20364,0.21742,0.00102,20.8556,0.0466338,0.54349,0.88866,0.029676,40.1395,0.269611,0,,25.7566,-0.9455
20376,0.2084,0.00129,20.9688,0.0513904,-1.19101,0.62939,0.16064,39.7299,0.272182,0,,319.396,-0.5239
20430,0.16603,0.00109,20.531,0.0560091,-1.19771,0.524,0.022653,39.4938,0.241887,0,,312.417,0.4686
20625,0.10707,0.00092,19.2299,0.0321375,-0.101771,0.20648,-0.000837,38.4624,0.151122,0,,5.6834,-0.479
20687,0.19042,0.00099,20.8577,0.0497729,-0.621992,0.76676,0.14919,39.6892,0.294972,0,,16.7181,1.1541
20764,0.16495,0.00097,20.0213,0.0362863,-1.41288,0.40086,-0.107752,39.3182,0.150918,0,,26.1208,0.2298
20768,0.23746,0.00104,21.7022,0.0644669,-0.754654,1.13096,0.076439,40.7365,0.305716,0,,40.6259,-0.9712
20821,0.19546,0.00112,21.5372,0.10253,-1.42751,1.18912,0.21928,40.1343,0.403955,0,,55.5726,1.0631
21006,0.29251,0.00511,21.105,0.0510379,-0.124814,0.80076,-0.125515,40.6378,0.228825,0,,47.9418,0.0919
21033,0.2302,0.0051,20.7524,0.042315,-0.729683,0.55506,-0.086335,40.1283,0.227444,0,,28.8137,0.6431
21034,0.10774,0.00092,19.3396,0.0316908,0.064478,0.29463,0.035552,38.4984,0.180059,0,,28.1414,1.2441
21042,0.30962,0.0012,21.1459,0.068443,1.25663,0.77099,-0.089551,40.72,0.257177,0,,315.012,0.8276
21062,0.13745,0.00095,20.1128,0.0438289,0.72242,0.35017,0.019183,39.3511,0.230391,0,,333.432,0.3963
2165,0.28894,0.00511,21.3511,0.0520166,0.48479,0.57862,-0.122793,40.9433,0.226038,0,,17.0917,-0.0962
22075,0.1292,0.00094,19.6757,0.0364168,-1.67195,0.34975,-0.031458,38.7547,0.150979,0,,29.9631,1.2165
2246,0.19434,0.00111,20.7467,0.0529653,0.32908,0.36574,0.075626,39.8787,0.222002,0,,50.0904,-0.8856
2308,0.1494,0.00509,19.3438,0.0312028,0.67412,0.12514,-0.185917,39.1104,0.175216,0,,34.2729,0.2803
2372,0.17973,0.00098,20.3128,0.0367885,0.30922,0.21508,0.028617,39.5519,0.174634,0,,40.5207,-0.5409
2422,0.26582,0.00511,20.9025,0.0436179,1.03624,0.32827,-0.170282,40.6087,0.219728,0,,1.9945,0.6382
2440,0.19044,0.00099,20.4018,0.0429178,0.42606,0.29467,-0.082895,39.9182,0.154841,0,,42.6337,0.8078
2533,0.34111,0.00512,21.5141,0.0713602,1.77606,0.72004,-0.079736,41.0641,0.255103,0,,31.2207,-0.3265
2561,0.1176,0.00093,19.5522,0.0489365,-0.089094,0.11464,0.041592,38.5727,0.239635,0,,46.3434,0.8584
2635,0.14325,0.00108,19.5979,0.0536384,0.85923,0.1362,-0.045749,39.047,0.160602,0,,52.7043,-1.2381
2689,0.16053,0.00097,20.0034,0.0391813,1.3874,0.19776,0.081374,39.2057,0.217053,0,,24.9003,-0.7587
2789,0.28901,0.00108,21.3187,0.0642943,-0.791314,0.5506,-0.105114,40.7428,0.228497,0,,344.202,0.4011
2916,0.12316,0.00106,19.7657,0.0625674,-0.749253,0.23346,0.071644,38.5967,0.274641,0,,315.922,0.5696
2943,0.26419,0.00117,21.1196,0.047653,0.56901,0.43619,-0.02419,40.5074,0.238455,0,,17.7049,1.0079
2992,0.12623,0.00094,19.825,0.0574565,-0.956571,0.14202,0.10938,38.4956,0.293348,0,,55.497,-0.7827
300105,0.09205,0.00091,19.1822,0.0399496,0.32783,0.090019,0.072885,38.1602,0.266341,0,,351.71,-0.7301
300179,0.17911,0.0014,20.2561,0.0436682,0.093615,0.17715,-0.099039,39.7672,0.201468,0,,351.142,0.227
3080,0.17331,0.00098,19.9993,0.0371317,0.10905,0.19262,-0.046043,39.3871,0.131849,0,,16.9323,-1.0395
3087,0.16448,0.00097,20.0167,0.0379494,0.52853,0.19265,0.008116,39.2634,0.199319,0,,20.4067,-0.9772
310039,0.17169,0.0014,20.3726,0.0350558,-0.296436,0.12923,0.02034,39.4603,0.214715,0,,36.2156,-3.3448
310051,0.27057,0.00146,21.5607,0.0448368,-0.352962,0.27833,0.1018,40.5139,0.20931,0,,353.412,-0.5525
310090,0.34696,0.0015,22.1999,0.0814828,-1.3328,0.58674,-0.049839,41.4163,0.370346,0,,351.308,-0.6051
310091,0.50725,0.00161,22.7285,0.0524183,-0.257752,0.46641,-0.099527,42.2358,0.180974,0,,353.126,-0.1047
310146,0.47941,0.01008,22.2535,0.048772,0.73728,0.45091,-0.120877,41.8695,0.203883,0,,52.4866,-28.7419
310161,0.2526,0.00145,21.13,0.0378442,0.13554,0.17708,-0.037725,40.4622,0.166497,0,,352.966,-0.6604
310188,0.31901,0.01006,21.7309,0.0385882,-0.219314,0.24038,-0.071328,41.141,0.177674,0,,35.2776,-4.5196
310238,0.28405,0.00147,21.1749,0.0344772,-0.286852,0.16581,-0.083275,40.5735,0.154134,0,,35.5268,-3.2333
310260,0.51885,0.01008,22.7142,0.0453579,-0.019798,0.54321,-0.060652,42.1824,0.209558,0,,36.1689,-5.1043
310574,0.23662,0.00144,21.0014,0.0403074,-0.382981,0.16303,-0.023436,40.2636,0.156727,0,,352.986,0.5363
3199,0.24972,0.00116,21.2961,0.0489571,1.65143,0.38018,0.011853,40.6733,0.220606,0,,333.293,1.0505
320099,0.37997,0.00152,21.915,0.0478848,0.58051,0.33997,-0.056155,41.4154,0.163795,0,,36.0675,-3.916
320258,0.34098,0.0015,21.8822,0.0479983,-1.8697,0.41722,-0.065658,41.0587,0.1943,0,,34.748,-4.8807
320469,0.37095,0.00152,22.0544,0.18603,1.50773,1.11441,0.033587,41.4098,0.39052,0,,34.4183,-4.8371
3256,0.10711,0.00092,19.3312,0.061139,-0.424628,0.16474,0.006569,38.4295,0.210466,0,,329.268,-0.2235
330022,0.26397,0.00145,21.2445,0.063974,-1.2314,0.30299,0.008298,40.3035,0.205843,0,,35.3241,-2.9491
330023,0.18078,0.0014,20.1034,0.0863249,-0.221277,0.29897,-0.164107,39.7166,0.179158,0,,35.7981,-2.7801
330083,0.22385,0.00143,20.5723,0.0345735,0.001523,0.34225,-0.086927,40.0162,0.172818,0,,129.496,43.2977
330089,0.34881,0.0015,22.1208,0.0474508,0.68208,0.53575,0.028298,41.3721,0.218415,0,,36.1903,-4.8221
330106,0.53099,0.00162,22.4854,0.0572546,-0.051584,1.07473,-0.01457,41.8802,0.23431,0,,130.009,43.7419
330128,0.32104,0.00149,21.4172,0.0387138,0.40814,0.39417,-0.089222,40.9546,0.156373,0,,36.8228,-3.8213
3317,0.16008,0.00097,20.1033,0.0356147,-0.521071,0.18482,0.022923,39.2286,0.167715,0,,26.9626,0.6406
3377,0.24459,0.00115,20.5787,0.0582352,1.0447,0.31262,-0.076832,40.1263,0.186144,0,,54.1562,1.0792
340229,0.14123,0.00138,20.0366,0.14105,-1.42415,0.84878,-0.005584,39.0407,0.212429,0,,35.879,-2.8604
340334,0.30681,0.00148,21.6995,0.0576557,-0.293107,0.53544,-0.106362,41.16,0.239095,0,,163.263,57.8064
3451,0.24846,0.00104,20.7126,0.0478176,0.69046,0.32834,-0.0527,40.203,0.17717,0,,334.069,0.7081
3452,0.22978,0.00103,20.5656,0.0481704,0.90942,0.27319,-0.090305,40.1351,0.188066,0,,334.672,0.6392
350027,0.30581,0.00148,21.8136,0.056532,-0.431367,0.30677,0.033503,40.9451,0.165493,0,,163.119,57.8072
350047,0.23378,0.00143,21.2033,0.0733045,-2.41623,0.41587,-0.134685,40.4148,0.19637,0,,163.262,58.1363
350050,0.40483,0.00154,22.0414,0.0552467,-0.300281,0.43382,-0.011177,41.3373,0.202033,0,,161.08,58.0762
350078,0.30089,0.00148,22.2636,0.13619,0.30461,0.49376,0.11893,41.1729,0.294726,0,,130.663,43.7841
350080,0.28588,0.00147,21.2556,0.0378104,-0.339335,0.42482,-0.08565,40.671,0.173206,0,,130.635,43.9989
350083,0.3679,0.00152,21.7814,0.0401618,0.82654,0.36964,-0.051356,41.2627,0.165575,0,,130.138,44.3739
350180,0.28949,0.01006,21.6086,0.0432826,0.4525,0.73362,-0.032902,40.9765,0.256114,0,,53.4627,-28.1376
350192,0.30142,0.01006,21.4754,0.0338107,0.13433,0.22628,-0.052851,40.8585,0.191702,0,,148.716,1.9617
350233,0.16924,0.0014,20.3426,0.0369084,-0.472297,0.14111,-0.014341,39.5155,0.182871,0,,149.466,3.4824
350235,0.26393,0.00145,21.3127,0.11036,0.061111,0.34488,0.009945,40.5588,0.167704,0,,184.35,48.3462
350316,0.07991,0.00135,18.2603,0.038239,-0.427538,0.086026,-0.071956,37.6003,0.157805,0,,131.469,43.8188
350374,0.50098,0.0016,22.7461,0.0597226,-0.789588,0.78327,-0.053186,42.1165,0.283133,0,,131.336,44.239
350548,0.18082,0.0014,20.1689,0.0393927,0.8884,0.17572,-0.032293,39.6391,0.133983,0,,128.848,44.9136
350606,0.34448,0.0015,22.1226,0.0712533,-1.23716,1.44116,-0.021304,41.2914,0.299203,0,,54.2033,-26.7605
350630,0.30538,0.00148,21.4639,0.0375961,0.7119,0.23401,-0.029882,40.9054,0.133839,0,,162.404,58.9533
3592,0.08572,0.00091,18.5167,0.0301175,-0.153731,0.071465,-0.039793,37.8406,0.128563,0,,19.0524,0.7919
360112,0.18086,0.01005,20.0525,0.0351544,1.18755,0.15705,-0.064923,39.6151,0.246207,0,,130.673,43.5966
360139,0.386,0.00153,22.0603,0.0377986,0.63592,0.29398,-0.035464,41.5217,0.152114,0,,185.739,47.5675
360140,0.23092,0.01005,20.9475,0.0337326,0.017211,0.2332,-0.050064,40.2958,0.226289,0,,185.618,47.7162
360145,0.19877,0.00141,20.6792,0.0325154,0.35012,0.18316,0.008214,39.8881,0.211487,0,,163.669,59.019
360156,0.04656,0.00087,17.3611,0.0425157,-0.863374,0.14775,-0.028343,36.5081,0.209562,0,,150.807,1.8953
370066,0.09089,0.00135,18.5599,0.0386281,-0.081354,0.46993,-0.101902,38.0269,0.167553,0,,130.349,43.0544
370098,0.22132,0.00143,20.6203,0.0332532,0.53447,0.15184,-0.034129,40.0441,0.143254,0,,150.006,2.4311
370308,0.20087,0.01005,20.0774,0.0379051,0.72474,0.93122,-0.138295,39.7672,0.316127,0,,131.317,43.3857
370329,0.47786,0.00159,22.5341,0.0556774,0.29534,0.61425,-0.191584,42.2269,0.228278,0,,151.309,1.7007
370333,0.07588,0.00134,18.2386,0.044719,0.91969,0.16381,-0.021726,37.6342,0.198325,0,,164.38,57.2977
370344,0.33147,0.00149,21.752,0.0392237,0.32993,0.29251,-0.025137,41.1012,0.166036,0,,150.174,1.8316
370356,0.02517,0.00086,15.8651,0.0491791,-0.288703,0.13403,-0.077152,35.2277,0.204374,0,,183.406,46.4835
370367,0.47163,0.00158,22.4973,0.0442517,2.78838,0.61279,-0.023633,41.9798,0.210913,0,,149.222,1.9779
370394,0.3309,0.01006,21.5672,0.0393535,-0.443611,0.53,-0.094638,40.996,0.212048,0,,132.379,45.0022
370428,0.17791,0.0014,20.0457,0.0337088,0.6175,0.15176,-0.103502,39.6477,0.131546,0,,184.375,47.5482
370498,0.26094,0.01006,21.0688,0.0321227,0.77423,0.20276,-0.069844,40.6128,0.185932,0,,186.266,46.8062
370563,0.18527,0.00141,20.283,0.0391028,1.23591,0.24951,-0.0322,39.7882,0.139358,0,,150.952,2.646
370566,0.07167,0.00134,18.2153,0.0363325,-0.201739,0.10196,-0.012934,37.4155,0.208957,0,,159.985,58.4149
370595,0.18126,0.01005,20.2044,0.0354743,-0.058569,0.16315,-0.084583,39.6585,0.225961,0,,150.498,1.3251
380199,0.46064,0.01007,22.4803,0.0433503,1.77853,0.50793,-0.051565,42.0021,0.190943,0,,215.233,53.0089
380279,0.34939,0.00151,22.0405,0.0481088,-1.76662,0.53203,-0.052518,41.2033,0.168604,0,,149.827,2.9349
380318,0.33818,0.0015,21.79,0.0739038,-0.239354,0.63959,-0.045933,41.145,0.211242,0,,150.413,3.2498
380378,0.27141,0.00146,20.9056,0.0345156,0.51938,0.17632,-0.139588,40.5677,0.123404,0,,213.525,53.4648
390259,0.12231,0.00137,19.5572,0.0572052,-0.298396,0.13517,0.028867,38.6119,0.231142,0,,242.396,53.8672
390264,0.29221,0.00147,21.8047,0.0515792,0.15621,0.31477,0.22214,40.4229,0.292471,0,,243.373,53.9909
390449,0.25022,0.01005,21.1005,0.0350823,-0.085035,0.21539,-0.028349,40.3764,0.218218,0,,242.951,54.4558
390471,0.37062,0.00152,21.323,0.0337242,0.92407,0.3048,-0.16138,41.0698,0.135854,0,,214.52,53.014
390627,0.16061,0.01005,19.9523,0.0642751,-1.70509,0.25627,-0.196539,39.4242,0.26036,0,,212.627,53.9
4000,0.27668,0.00107,21.64,0.0694626,-1.09129,0.61037,-0.007167,40.8504,0.272235,0,,31.016,-0.3658
4046,0.27776,0.00511,21.2666,0.0515592,0.80612,0.52843,-0.000197,40.6186,0.24474,0,,354.498,0.6421
420087,0.2486,0.01005,20.7406,0.0685531,0.54441,0.41186,-0.184623,40.4912,0.215929,0,,352.767,0.1062
420159,0.18073,0.0014,20.0465,0.0366579,0.26889,0.20641,-0.06287,39.5035,0.133745,0,,333.685,1.2178
420196,0.29853,0.01006,21.9573,0.0544054,0.80539,0.34157,0.024878,41.2705,0.232731,0,,351.761,-1.0284
420258,0.27456,0.00146,21.9632,0.0574729,0.89614,0.32366,0.24526,40.7399,0.293068,0,,352.428,0.7054
420352,0.38895,0.01007,21.8184,0.0450487,0.39196,0.36548,-0.105913,41.383,0.199578,0,,35.1822,-3.9625
420407,0.24523,0.00144,21.1884,0.0640482,-0.295186,0.25719,-0.036661,40.4957,0.181643,0,,333.949,-0.3155
420414,0.29256,0.00147,21.4829,0.0600702,-0.991977,0.31606,-0.037111,40.6952,0.224836,0,,334.276,0.0287
420417,0.36147,0.00151,21.7626,0.0783604,-0.184653,0.67709,-0.037313,41.1159,0.288022,0,,333.495,-0.1916
4241,0.33063,0.00122,21.7016,0.064148,0.23506,0.66919,-0.054289,41.1689,0.23109,0,,12.2377,-0.9057
430003,0.32851,0.00149,21.835,0.071326,1.44162,0.40168,0.10222,40.934,0.295651,0,,333.38,-0.4529
430004,0.23162,0.00143,20.8706,0.0823757,1.32251,0.42593,0.034078,40.201,0.226906,0,,351.113,-0.7542
440005,0.30548,0.00148,22.0141,0.0530015,0.19459,0.44287,0.12966,41.0041,0.226225,0,,52.9893,-28.8836
440008,0.14652,0.00138,20.0078,0.0326114,-0.308162,0.1928,0.00046,39.158,0.187578,0,,52.6735,-28.8632
440042,0.15921,0.01005,20.4441,0.0354917,-1.47864,0.21852,-0.002896,39.4267,0.283686,0,,35.9021,-3.294
440050,0.28557,0.00147,21.3571,0.0515747,-0.189971,0.71564,-0.04501,40.7046,0.185989,0,,333.867,1.5495
440162,0.41936,0.00155,22.0813,0.0471893,0.88133,0.6031,-0.094462,41.6863,0.192599,0,,353.266,-0.9127
440185,0.34949,0.01006,21.7006,0.0668985,0.19676,0.4476,-0.069932,41.1526,0.205831,0,,54.3495,-28.44
440236,0.42895,0.01007,22.2621,0.0446387,-0.768802,0.52243,-0.084385,41.6443,0.193398,0,,37.1019,-4.4246
440509,0.31901,0.01006,21.4692,0.083657,-0.438241,0.65383,-0.093532,40.8941,0.203876,0,,34.8496,-5.4304
440643,0.18952,0.01005,20.1933,0.0356232,0.73235,0.18689,-0.092961,39.7624,0.238646,0,,53.6036,-26.7739
450082,0.24861,0.01005,21.002,0.0394132,-0.069482,0.32012,-0.070357,40.4276,0.195634,0,,353.356,0.3105
450175,0.51941,0.00161,22.6893,0.0610859,-0.84248,0.76764,-0.155318,42.2438,0.315111,0,,53.2864,-28.0844
450339,0.40935,0.00154,22.2264,0.10137,0.8724,0.64135,-0.035779,41.7061,0.274957,0,,36.2874,-3.3534
460003,0.15084,0.00139,19.8537,0.0359499,-0.825438,0.11523,-0.072656,39.1687,0.134119,0,,128.835,43.8555
460037,0.30251,0.00148,21.3801,0.0761596,0.80778,0.67564,-0.066492,40.8894,0.22475,0,,54.727,-27.5411
460064,0.24151,0.00144,20.5963,0.0323707,0.82937,0.2791,-0.071702,40.1214,0.184136,0,,53.7742,-26.7649
460105,0.21084,0.01005,20.7213,0.0454114,-1.68923,0.19099,-0.099308,39.9632,0.223017,0,,129.37,44.0453
470008,0.2395,0.01005,20.437,0.047825,0.82356,0.3646,-0.036491,39.9059,0.208409,0,,53.0828,-29.0138
470015,0.33749,0.0015,21.9367,0.11827,0.6656,0.76947,0.059501,41.1678,0.278653,0,,54.1486,-28.6251
470041,0.33189,0.00149,21.4528,0.0411319,0.93764,0.29717,-0.069968,41.0149,0.143999,0,,131.337,44.7548
470043,0.0709,0.01004,18.4783,0.0401503,0.45622,0.12587,-9.4e-05,37.7291,0.501827,0,,128.994,44.7675
470110,0.34545,0.0015,21.7913,0.0627952,0.48129,0.86422,-0.025521,41.2033,0.23021,0,,52.0706,-28.6233
470232,0.20083,0.01005,20.6443,0.0369242,0.83322,0.15414,-0.009623,39.9838,0.252956,0,,129.546,45.2023
470244,0.36091,0.01006,21.9001,0.0474782,-0.22339,0.34336,-0.128528,41.4328,0.197529,0,,130.408,43.7715
480064,0.24284,0.00144,21.5668,0.041156,0.48439,0.24562,0.073571,40.5734,0.259119,0,,128.796,44.4482
480184,0.33089,0.00149,22.3576,0.0540091,-2.18801,0.54844,0.078209,41.1586,0.239453,0,,129.736,43.3139
480464,0.22132,0.01005,20.4736,0.0352407,0.2738,0.15994,-0.121671,40.0588,0.204756,0,,149.8,3.2216
490007,0.05541,0.00088,17.6246,0.0393667,-0.205706,0.0865,-0.026126,36.8676,0.194374,0,,184.268,46.6275
490008,0.12086,0.01004,19.1035,0.0353142,0.35309,0.10465,-0.099903,38.6348,0.302627,0,,131.449,44.4206
490037,0.42348,0.00155,22.0328,0.0745032,-0.01735,0.49454,-0.125277,41.5955,0.186465,0,,149.957,0.8166
500004,0.25063,0.00144,20.7248,0.0671262,0.60718,0.35895,-0.104354,40.3009,0.188277,0,,213.023,51.6739
500038,0.10794,0.00092,19.049,0.0344471,1.20471,0.19717,0.00565,38.4017,0.187108,0,,150.193,2.5513
500057,0.38061,0.01007,21.7566,0.0348797,1.06665,0.37249,-0.141546,41.4614,0.188044,0,,214.473,53.8417
500100,0.31088,0.01006,21.6345,0.0364529,-0.711815,0.41215,-0.106013,41.046,0.182638,0,,131.639,45.3562
500301,0.3256,0.00149,22.3251,0.0644496,0.7217,0.3755,0.184,41.2625,0.255286,0,,215.548,52.6318
500504,0.19961,0.00141,20.8407,0.0455958,-0.800981,0.26925,0.10611,39.6764,0.246154,0,,212.459,53.4778
500511,0.33498,0.0015,21.6621,0.0369427,0.91231,0.1931,-0.006037,41.0251,0.171864,0,,184.696,47.6473
510251,0.2402,0.01005,21.3524,0.0365784,0.02894,0.3047,0.084743,40.3847,0.264226,0,,244.494,55.7428
510266,0.44067,0.01007,22.0448,0.0392185,-0.476279,0.31795,-0.169948,41.6364,0.160177,0,,214.033,51.7321
5103,0.16077,0.00097,20.1108,0.0352328,-0.229473,0.15276,0.019933,39.2162,0.20927,0,,359.884,0.7372
510457,0.50306,0.0016,22.9243,0.0841208,0.78419,0.90771,0.087471,42.1484,0.311282,0,,186.389,48.1369
510550,0.24122,0.00144,20.804,0.0369272,0.47987,0.16139,-0.080495,40.3291,0.130654,0,,243.275,55.6117
510578,0.37023,0.01007,21.7516,0.0458564,0.58467,0.30594,-0.128463,41.3794,0.188778,0,,241.233,53.9121
510597,0.46104,0.01007,22.3935,0.0531418,1.61547,0.56109,-0.095982,42.0162,0.230251,0,,185.821,47.8228
510638,0.2702,0.01006,21.1562,0.0389876,0.21729,0.1437,-0.088706,40.6363,0.197002,0,,243.469,56.0842
520016,0.45106,0.01007,22.3327,0.0384556,1.09102,0.56999,-0.086544,41.9281,0.213431,0,,185.338,46.9708
520019,0.26323,0.00145,21.3862,0.0540044,-0.491573,0.27464,-0.024479,40.6388,0.170092,0,,241.861,54.4578
520023,0.26818,0.00146,21.1911,0.0874937,-0.61215,0.47709,-0.040358,40.4623,0.232043,0,,245.239,55.1548
520041,0.54545,0.00163,22.9256,0.0628205,-0.068756,0.83983,-0.17768,42.5633,0.191404,0,,184.138,45.962
520062,0.30818,0.00148,21.7624,0.0455926,0.31474,0.28254,-0.050766,41.2018,0.139651,0,,244.451,54.6334
520071,0.41161,0.00154,22.4019,0.0511883,-0.200691,0.43189,-0.059074,41.8131,0.149106,0,,215.504,53.6193
520077,0.25019,0.01005,21.2979,0.0472997,-1.63203,0.38807,-0.119087,40.5965,0.224495,0,,244.663,55.6842
520188,0.2806,0.00146,21.0549,0.0327745,1.40212,0.27047,-0.080199,40.6663,0.153096,0,,215.524,52.5446
530037,0.26859,0.01006,20.9961,0.0672637,0.33674,0.28744,-0.11427,40.579,0.191142,0,,333.671,-1.0504
530112,0.31453,0.00148,21.8171,0.0444918,-0.639897,0.27267,-0.053234,41.1251,0.155711,0,,333.569,0.9209
530219,0.32848,0.01006,21.9145,0.14065,-0.97148,0.45815,-0.1361,41.351,0.278699,0,,351.529,-0.3194
530251,0.4114,0.00154,22.7025,0.0646448,0.024134,0.47787,0.065034,41.8335,0.242677,0,,334.634,1.1149
5350,0.17438,0.0011,20.1434,0.10134,-0.610994,0.32313,-0.083311,39.5053,0.183971,0,,307.219,-0.7792
5391,0.3003,0.00119,21.4825,0.0812748,0.31208,0.59078,-0.021944,40.8795,0.247188,0,,52.342,-1.0947
5395,0.11653,0.00106,19.2338,0.044739,1.18355,0.13593,-0.014134,38.6302,0.185742,0,,49.6409,0.1233
540163,0.32952,0.00149,22.082,0.0429304,-0.236791,0.35653,0.039627,41.2391,0.162498,0,,36.0723,-3.3093
550041,0.25859,0.01005,20.6708,0.0660023,0.79943,0.25127,-0.192329,40.4663,0.209281,0,,352.54,-0.8664
550059,0.3185,0.00149,22.2767,0.17247,-0.621684,0.5023,0.055375,41.3345,0.327925,0,,351.303,-1.0245
550096,0.22449,0.00143,20.5725,0.0998636,1.20528,0.52473,0.016198,39.9449,0.245775,0,,52.7766,-26.3979
550137,0.41939,0.00155,22.1839,0.0936407,0.5774,0.59892,0.043221,41.4604,0.22264,0,,334.754,0.0297
550154,0.21015,0.00142,20.6368,0.0376398,0.087898,0.29478,-0.099573,40.1479,0.148877,0,,36.3556,-3.5962
550202,0.42036,0.00155,22.0402,0.0886705,0.48719,0.62175,-0.221439,41.8343,0.344188,0,,351.8,-0.7829
550218,0.38744,0.00153,22.1766,0.0981733,-1.55286,0.49918,-0.114866,41.5567,0.273474,0,,332.927,0.9013
5533,0.21898,0.00102,20.9563,0.0581663,-0.502697,0.40223,0.006675,40.1292,0.218822,0,,328.67,0.4134
5549,0.12014,0.00093,19.4009,0.0321317,0.25819,0.09811,0.00707,38.5958,0.200195,0,,3.2505,0.2482
5550,0.15511,0.00096,19.6132,0.0291095,1.90274,0.19643,-0.0481,39.2076,0.167881,0,,3.5983,0.3331
560027,0.43891,0.00156,22.0907,0.056629,-0.520101,0.64681,-0.163924,41.6682,0.279961,0,,35.8506,-3.0839
560033,0.07895,0.01004,18.8016,0.0431323,-0.248002,0.14996,0.09678,37.5988,0.503338,0,,353.599,-0.6831
560054,0.47988,0.00159,22.4554,0.0806139,1.67949,0.78549,-0.013152,41.8956,0.237796,0,,353.296,-0.3364
560087,0.30652,0.00148,21.5483,0.0616733,-1.46628,0.44652,-0.130419,40.8959,0.201565,0,,352.676,-1.556
560121,0.36499,0.00152,22.2935,0.0580144,0.16653,0.61495,0.040013,41.4626,0.291566,0,,36.3388,-4.3953
560150,0.1997,0.00141,20.7435,0.0393727,-1.49121,0.45465,-0.048274,39.8965,0.17155,0,,333.961,1.2276
560152,0.24862,0.01005,20.9032,0.0509996,-0.109836,0.81356,-0.091189,40.3657,0.261564,0,,334.8,1.1602
5635,0.17852,0.00099,20.6759,0.0538159,0.067257,0.4076,-0.023431,39.9669,0.207864,0,,333.183,-0.0349
570022,0.30152,0.00148,21.4176,0.0422898,1.76431,0.64396,-0.104472,41.1086,0.206046,0,,351.124,-0.4843
570025,0.29855,0.01006,21.2553,0.10342,-0.223568,0.78076,-0.078852,40.6539,0.272883,0,,335.06,0.3776
570056,0.29008,0.00147,21.6108,0.10386,0.41943,0.50451,0.080877,40.7298,0.234493,0,,37.0067,-3.495
570062,0.12383,0.00137,19.3781,0.0382164,0.11582,0.24943,-0.080542,38.8242,0.150324,0,,353.102,0.2956
5717,0.25051,0.00116,21.0808,0.0460038,1.28131,0.43529,-0.043457,40.5692,0.188725,0,,17.896,-0.0059
5736,0.25407,0.00511,21.1552,0.0431745,-0.18853,0.3169,-0.00958,40.4546,0.167762,0,,22.8627,-0.6316
5751,0.1295,0.00094,19.8919,0.0324613,0.76202,0.14618,0.15562,38.833,0.250442,0,,11.6342,0.8382
580104,0.32223,0.00121,21.5566,0.0455249,-0.733564,0.25118,-0.056953,40.8628,0.158186,0,,36.1196,-4.9673
580235,0.33147,0.01006,21.8333,0.0568096,-0.330148,0.30908,0.002288,41.0301,0.218692,0,,150.235,2.5796
580270,0.29587,0.00147,21.5886,0.0540799,-0.00705,0.30407,-0.07123,40.9989,0.165779,0,,130.2,44.5906
580275,0.38248,0.00153,21.9555,0.0465067,-0.492266,0.93151,-0.083796,41.3726,0.265174,0,,54.1391,-28.6139
580276,0.33848,0.0015,21.6094,0.0467871,0.11671,0.5164,-0.091539,41.1131,0.200412,0,,53.5214,-28.8077
580300,0.24085,0.00144,21.0869,0.0583127,-0.589439,0.3164,-0.067211,40.4016,0.166736,0,,130.334,44.7877
580312,0.40293,0.00154,21.8709,0.0494548,-0.553118,1.12411,-0.214869,41.5478,0.290402,0,,35.2534,-4.8171
5844,0.30938,0.0012,21.3912,0.0920112,0.1473,0.88019,-0.138414,40.9757,0.270379,0,,327.786,-0.8429
590002,0.20128,0.01005,20.4767,0.0404601,-0.964653,0.27826,-0.111863,39.8575,0.216953,0,,149.545,0.8783
590005,0.17124,0.01005,20.2726,0.0376767,0.4429,0.24248,-0.004281,39.5424,0.275502,0,,151.018,1.2155
590031,0.37852,0.00152,21.9688,0.0848285,-0.722859,0.60977,-0.118133,41.4271,0.182401,0,,149.073,2.0023
590194,0.09039,0.00091,18.7522,0.0409527,0.27044,0.20513,0.01867,37.9202,0.21704,0,,130.237,44.5243
5957,0.27935,0.00107,21.1938,0.0481833,-0.167927,0.44075,-0.121032,40.7037,0.164335,0,,34.7606,-0.2728
5966,0.30834,0.00109,21.5731,0.078202,0.49123,0.88818,0.001648,40.9533,0.254065,0,,16.1904,0.5139
5994,0.18809,0.0051,20.2593,0.0563696,0.7476,0.26631,-0.062355,39.7451,0.191467,0,,312.603,-0.1679
6057,0.06654,0.00089,18.4415,0.0662818,-0.423267,0.10888,0.11238,37.1627,0.296189,0,,52.5536,-0.9746
6100,0.31623,0.00121,21.8767,0.0883812,2.09309,1.17879,0.051906,41.1979,0.274091,0,,333.483,1.0865
6108,0.25813,0.00116,21.295,0.054719,0.45804,0.65144,0.038094,40.528,0.231214,0,,1.8066,0.349
6137,0.29893,0.00119,21.3123,0.0755823,0.46651,0.77581,-0.139126,40.9195,0.25505,0,,307.936,0.2448
6196,0.2799,0.00107,21.3188,0.0565748,-1.44873,0.5926,-0.011011,40.5056,0.19932,0,,337.631,-0.5027
6249,0.29365,0.00108,21.5348,0.0514823,0.60496,0.70178,0.032189,40.857,0.204834,0,,3.2656,-0.6201
6304,0.18995,0.00099,20.6957,0.0353504,-0.477836,0.39137,0.069976,39.7286,0.224725,0,,26.4976,1.196
6315,0.26583,0.00117,20.6973,0.0505388,-0.098044,0.37082,-0.190793,40.3244,0.206109,0,,310.483,1.092
6406,0.12393,0.00094,19.3822,0.0452577,0.12939,0.13322,-0.000358,38.6504,0.145797,0,,46.0886,-1.063
6422,0.18515,0.00099,20.0232,0.0333782,0.81936,0.21517,-0.110554,39.6347,0.160441,0,,349.139,-0.6632
6649,0.3152,0.00512,21.3382,0.0471439,0.75536,0.62337,-0.088755,40.8837,0.219964,0,,34.2759,0.5348
6699,0.30922,0.0012,21.554,0.0595206,-0.64651,0.88804,-0.131867,41.046,0.250639,0,,322.815,-1.057
6780,0.20279,0.001,20.7416,0.0721656,-1.74956,0.38835,-0.027936,39.8373,0.184965,0,,328.069,0.2671
6924,0.32871,0.00512,21.3887,0.0484519,0.96541,0.79343,-0.071776,40.9276,0.222195,0,,358.969,0.877
6933,0.21398,0.0051,20.5739,0.0362115,0.084513,0.23882,-0.022316,39.8874,0.197488,0,,11.3517,1.0756
6936,0.17901,0.00098,20.3225,0.039509,0.045589,0.31239,-0.019462,39.641,0.157339,0,,323.234,-0.6998
7143,0.30365,0.00109,21.8109,0.0526243,-0.460854,0.6491,0.016252,41.0778,0.197526,0,,345.262,-0.2074
7147,0.10908,0.00092,19.2253,0.0349588,-1.94961,0.15735,-0.093395,38.4016,0.133183,0,,350.018,-0.0554
7243,0.20334,0.001,20.5691,0.0652561,0.74462,0.39134,-0.016092,39.9335,0.216127,0,,328.079,0.4719
744,0.1271,0.00094,19.5745,0.0572095,1.39569,0.31642,0.073211,38.6849,0.280884,0,,329.198,0.3175
7473,0.21692,0.0051,20.6305,0.0368881,-0.148294,0.28692,-0.099965,40.0932,0.185301,0,,4.3264,-0.2573
7475,0.32276,0.00512,21.2785,0.0435401,0.68821,0.59901,-0.170281,40.9316,0.211904,0,,4.7535,-0.2815
7512,0.22066,0.0051,20.8819,0.0619624,0.5115,0.37729,-0.001003,40.1876,0.225274,0,,52.0903,-0.3261
762,0.19025,0.00099,20.3789,0.0389777,1.13375,0.27274,-0.038428,39.8807,0.15799,0,,15.5353,-0.879
7779,0.37991,0.00125,21.6827,0.0569817,0.32675,0.91593,-0.147113,41.2959,0.219919,0,,310.08,-0.0072
7847,0.21174,0.00101,20.9537,0.0420665,0.15361,0.39907,0.12339,39.9676,0.230498,0,,32.4599,-0.0618
7876,0.0752,0.0009,18.1515,0.030609,0.46915,0.093387,-0.02499,37.4763,0.179761,0,,19.1825,0.7946
8046,0.25772,0.00105,21.3658,0.0521221,0.26195,0.49235,0.042488,40.6088,0.22531,0,,39.1168,0.5113
8213,0.18484,0.00099,20.8596,0.0485816,-0.647946,0.34005,0.16146,39.6548,0.27682,0,,357.521,-0.9214
8495,0.21365,0.00101,20.5844,0.0637953,0.76464,0.47104,-0.020313,40.0084,0.19033,0,,335.261,-0.7482
8719,0.1165,0.00093,19.1687,0.0333505,0.017727,0.16355,-0.062751,38.5408,0.159897,0,,7.7215,-0.7188
8921,0.14423,0.00095,19.7166,0.0490775,0.73414,0.26961,-8e-06,39.016,0.24096,0,,325.002,-0.0079
9032,0.2526,0.00116,21.1118,0.0732055,0.87784,0.62191,0.023193,40.4066,0.259149,0,,337.885,-0.4936
9457,0.25683,0.00105,21.2049,0.0818276,-0.334178,0.60312,-0.016896,40.5023,0.251739,0,,335.814,0.253
9467,0.21897,0.00102,20.8326,0.0670095,-1.38838,0.38099,-0.137949,40.1925,0.240729,0,,328.951,1.1808
ASASSN-14fa,0.02316,0.00087,15.7401,0.0458916,-1.93908,0.26272,-0.090364,34.883,0.27497,0,,43.0961,-31.8217
ASASSN-15bc,0.03753,0.00087,16.8648,0.0426935,0.56778,0.15933,0.056405,35.949,0.262609,0,,61.561,-8.8856
ASASSN-15fa,0.02741,0.00086,16.3063,0.0425571,0.83709,0.22502,0.053892,35.5236,0.225337,0,,257.442,62.9743
ASASSN-15fs,0.02917,0.00086,16.0172,0.0620571,-0.021703,0.13116,0.006798,35.2391,0.185823,0,,284.67,43.4689
ASASSN-15hg,0.03143,0.00086,16.6256,0.0503451,-1.28742,0.13594,0.011862,35.6461,0.196214,0,,148.452,9.1939
ASASSN-15il,0.02295,0.00087,15.1833,0.10222,1.24762,0.12464,-0.11218,34.8584,0.20127,0,,239.284,-12.6733
ASASSN-15jl,0.03512,0.00086,16.4189,0.0361909,0.22915,0.15282,-0.085933,35.8816,0.169326,0,,230.671,50.9766
ASASSN-15jt,0.0239,0.00085,16.753,0.0441825,-2.32675,0.14299,0.21149,34.889,0.403697,0,,197.038,27.8264
ASASSN-15kx,0.0172,0.00085,15.361,0.09954,-1.45347,0.14555,-0.09556,34.6084,0.219814,0,,334.049,37.4738
ASASSN-15la,0.02902,0.00086,16.109,0.0397499,-1.01539,0.22257,0.053166,35.0558,0.218663,0,,213.213,35.7112
ASASSN-15lg,0.02044,0.00085,15.425,0.0549926,-1.2315,0.1417,-0.082581,34.6552,0.214591,0,,198.887,3.5007
ASASSN-15lu,0.03635,0.00086,16.775,0.0407261,-0.590345,0.23379,-0.041141,36.0035,0.185251,0,,200.304,40.2657
ASASSN-15mf,0.02695,0.00086,15.9904,0.0442641,-1.14563,0.16636,-0.023271,35.1184,0.181369,0,,213.595,2.9755
ASASSN-15mg,0.04408,0.00087,17.233,0.0435214,-1.55653,0.1597,-0.044881,36.3298,0.181208,0,,233.094,41.8504
ASASSN-15mi,0.03585,0.00086,16.2652,0.0375196,0.49532,0.1448,-0.007576,35.5515,0.204326,0,,210.815,41.6041
ASASSN-15np,0.03884,0.00087,17.0748,0.0470874,-1.06429,0.23568,0.05253,36.026,0.219507,0,,226.511,7.5615
ASASSN-15nq,0.03023,0.00086,16.1114,0.0454819,-0.336729,0.13348,-0.090459,35.5185,0.166012,0,,259.33,33.4621
ASASSN-15nr,0.02344,0.00087,15.5816,0.0829089,1.20679,0.19025,0.028589,34.8331,0.263771,0,,261.674,13.9098
ASASSN-15od,0.01698,0.00085,15.0484,0.0423478,-1.11648,0.12954,-0.101117,34.3409,0.228387,0,,35.8049,-4.5172
ASASSN-15oh,0.01587,0.00085,15.4733,0.0973778,-1.58413,0.17332,0.027876,34.3916,0.270341,0,,337.675,39.2932
ASASSN-15pm,0.04837,0.00089,16.9899,0.0417811,-0.070478,0.17495,-0.058198,36.3735,0.154741,0,,24.6504,-4.6798
ASASSN-15pn,0.03909,0.00087,16.9519,0.0653446,0.38124,0.18136,0.001447,36.1962,0.220822,0,,60.8598,-5.492
ASASSN-15pr,0.03264,0.00087,16.6543,0.0661809,-0.669639,0.2244,-0.055939,35.9082,0.198168,0,,346.664,-12.5728
ASASSN-15sf,0.02432,0.00131,15.7165,0.0413885,0.87267,0.13555,-0.069691,35.2317,0.235205,0,,2.865,-6.4273
ASASSN-15so,0.00857,0.00084,13.4883,0.0382032,-0.714413,0.078954,-0.055198,32.7527,0.26758,1,32.8026,168.546,48.3187
ASASSN-15ss,0.03599,0.00087,16.3442,0.13425,0.79388,0.23176,-0.120564,35.9909,0.187185,0,,93.1391,-14.2575
ASASSN-15tg,0.03529,0.00086,16.2518,0.040328,1.54158,0.2321,-0.052529,35.861,0.1686,0,,5.171,25.229
ASASSN-15ti,0.01692,0.00085,15.4053,0.0921956,-1.47904,0.10914,-0.042266,34.4894,0.310314,0,,46.2858,37.9
ASASSN-15tz,0.02365,0.00085,16.2645,0.10167,-1.51814,0.1542,0.11405,34.9543,0.274039,0,,40.287,43.6802
ASASSN-15uu,0.02632,0.00086,16.2928,0.0562213,0.96417,0.18413,0.16344,35.0223,0.372346,0,,25.9859,17.0626
ASASSN-15uv,0.02153,0.00085,16.3538,0.0430154,0.26468,0.12635,0.27395,34.6114,0.393324,0,,126.784,27.8116
ASASSN-15uw,0.03076,0.00087,16.5948,0.0396924,-0.702146,0.13127,0.045816,35.6084,0.212671,0,,38.893,-6.0629
ASASSN-16ad,0.01529,0.00085,14.9033,0.045574,0.10511,0.073274,0.013618,34.0334,0.344305,0,,24.8836,33.8268
ASASSN-16aj,0.02953,0.00086,16.4313,0.0496699,-1.76764,0.15936,-0.020436,35.4654,0.177866,0,,65.4509,-15.7554
ASASSN-16av,0.02773,0.00086,16.438,0.0463055,0.78114,0.21354,0.16057,35.3467,0.289875,0,,177.868,22.0261
ASASSN-16ay,0.02938,0.00086,16.7839,0.0586329,0.97889,0.17432,0.20461,35.6222,0.299966,0,,108.059,7.2395
ASASSN-16bc,0.03298,0.00087,15.9166,0.0472603,0.5932,0.12076,-0.159366,35.6164,0.168015,0,,181.357,-21.4004
ASASSN-16bn,0.02241,0.00086,15.3837,0.10185,1.46775,0.34863,-0.088084,35.0392,0.214526,0,,47.6437,4.2697
ASASSN-16bq,0.02534,0.00086,16.0681,0.0451419,-1.67717,0.070301,-0.052867,35.1882,0.176701,0,,212.86,1.286
ASASSN-16br,0.02956,0.00087,16.032,0.0961228,0.82071,0.10738,-0.056094,35.5064,0.190895,0,,236.376,-13.1528
ASASSN-16cs,0.01905,0.00085,15.3381,0.0833459,0.28962,0.11906,0.033984,34.4286,0.281407,0,,102.653,31.1124
ASASSN-16ct,0.04306,0.00087,16.8323,0.0476425,1.47021,0.19608,-0.001683,36.2457,0.207056,0,,228.476,4.7573
ASASSN-16db,0.0373,0.00086,16.8165,0.0433864,-1.00742,0.15357,0.016022,35.8698,0.18969,0,,167.357,29.5732
ASASSN-16dn,0.01411,0.00085,14.3115,0.0416428,0.47579,0.075765,-0.093154,33.8206,0.250873,0,,162.206,-20.2639
ASASSN-16dw,0.03437,0.00088,16.7191,0.0487269,-0.229019,0.14442,0.054822,35.7837,0.217075,0,,202.503,-27.9739
ASASSN-16em,0.0239,0.00086,15.9178,0.0849831,0.43976,0.13077,0.044848,34.994,0.277383,0,,203.057,84.6783
ASASSN-16es,0.03047,0.00086,16.3461,0.0477096,0.86084,0.38864,0.040146,35.5345,0.258248,0,,177.727,2.3069
ASASSN-16fo,0.03036,0.00088,15.8449,0.0415527,0.62311,0.17769,-0.127449,35.4803,0.173804,0,,203.149,-5.2725
ASASSN-16fs,0.02944,0.00086,16.1675,0.0483575,-1.34003,0.13534,-0.026148,35.2761,0.180915,0,,221.777,11.5949
ASASSN-16hc,0.05151,0.00088,16.9633,0.0377,1.2185,0.27674,-0.078777,36.5862,0.156832,0,,209.768,33.139
ASASSN-16hh,0.02978,0.00086,15.9408,0.0842387,0.84206,0.40743,-0.087344,35.5015,0.190369,0,,31.1559,21.5861
ASASSN-16hr,0.03083,0.00086,16.3179,0.0799116,1.05225,0.19827,0.054686,35.4648,0.278746,0,,336.382,38.9844
ASASSN-16hz,0.02466,0.00087,15.9978,0.0471584,-0.271228,0.12153,0.09128,34.8112,0.317595,0,,348.94,-1.3396
ASASSN-16ip,0.01678,0.00085,15.0537,0.0393195,-0.877386,0.10684,-0.020215,34.1679,0.246475,0,,36.8407,-23.9287
ASASSN-16jf,0.01096,0.00084,14.6019,0.0491948,-1.97973,0.15325,-0.031719,33.5709,0.314858,0,,339.247,-25.232
ASASSN-16la,0.01424,0.00085,14.2599,0.11928,0.83157,0.13455,-0.102335,33.8444,0.265489,0,,37.3226,18.0879
ASASSN-16lc,0.02096,0.00086,15.2276,0.0447893,1.19177,0.229,-0.033095,34.6956,0.216494,0,,292.252,-51.971
ASASSN-16lg,0.02116,0.00086,15.2332,0.0605927,-1.33321,0.17568,-0.041446,34.375,0.203089,0,,267.051,17.6256
ASASSN-16oz,0.03192,0.00218,15.9323,0.0501589,1.49117,0.18574,-0.039578,35.4592,0.276064,0,,135.056,-13.634
ASASSN-17aj,0.02255,0.00086,15.5584,0.0442677,0.1408,0.13185,0.00592,34.7306,0.243141,0,,173.294,-10.2218
ASASSN-17at,0.02713,0.00086,16.1718,0.0407156,-1.46792,0.27096,-0.02295,35.2513,0.18676,0,,174.64,25.3971
ASASSN-17bs,0.02056,0.00085,15.6594,0.0635451,-1.01194,0.15497,0.063357,34.5647,0.249505,0,,268.026,21.566
ASASSN-17co,0.01826,0.00086,15.3487,0.0725288,-0.582812,0.15128,0.10393,34.2005,0.280568,0,,272.336,18.2983
ASASSN-17eb,0.05044,0.00088,17.5333,0.0549308,-1.50448,0.18454,0.044908,36.4621,0.201896,0,,234.642,13.3478
ASASSN-18da,0.0217,0.00086,15.0666,0.0361032,1.18661,0.13672,-0.134271,34.7709,0.195863,0,,52.3194,-23.9786
ASASSN-18iu,0.02207,0.00086,15.3055,0.0357551,0.56141,0.073508,-0.11455,34.8847,0.186029,0,,269.418,50.0386
AT2016aj,0.06725,0.00089,18.1501,0.0528724,-1.03989,0.35339,0.013964,37.2344,0.203006,0,,70.6025,-21.7244
AT2016bln,0.02429,0.00085,15.6529,0.0409001,1.12918,0.12003,-0.005445,35.0771,0.195416,0,,203.689,13.8539
AT2016cor,0.05066,0.00088,18.1221,0.0433095,-0.547169,0.28855,0.13877,36.8523,0.302557,0,,236.13,16.3035
AT2016cvv,0.04438,0.00096,17.2196,0.0741287,1.47222,0.33066,0.054703,36.5469,0.231201,0,,290.12,54.2087
AT2016cvw,0.03787,0.00087,17.0781,0.0664722,-1.83186,0.18447,0.020595,36.0063,0.206656,0,,341.553,10.5588
AT2016cyt,0.03059,0.00086,16.1442,0.05908,-1.7723,0.08762,-0.09905,35.3586,0.164518,0,,317.399,15.1255
AT2016eoa,0.02106,0.00085,15.6896,0.0581236,-1.57505,0.16289,0.007093,34.6693,0.230687,0,,5.3461,22.4354
AT2016ews,0.04631,0.00087,16.7729,0.0482526,1.0445,0.22071,-0.15924,36.5394,0.159223,0,,225.652,23.3528
AT2016fbk,0.03576,0.00086,17.1389,0.0476671,-0.008242,0.13757,0.086894,36.1545,0.230318,0,,26.0272,34.3827
AT2016gmg,0.04865,0.00088,17.5328,0.0895428,-1.82133,0.27784,-0.048298,36.641,0.181462,0,,320.924,33.1147
AT2016gsu,0.07575,0.0009,18.3234,0.0527962,-1.91024,0.56839,-0.113501,37.5461,0.217171,0,,17.1024,21.1516
AT2016hns,0.0374,0.00087,16.6564,0.0545461,-1.00508,0.17591,-0.096867,35.9789,0.163683,0,,324.921,24.4065
AT2016htm,0.04289,0.00088,16.8576,0.0374754,-0.466558,0.20121,-0.07832,36.2018,0.162522,0,,38.0109,-26.6659
AT2016htn,0.05222,0.00089,17.7995,0.0439154,-0.150879,0.35045,0.077106,36.8411,0.218249,0,,32.8711,-16.5102
AT2017cfb,0.02266,0.00085,15.3027,0.0410039,0.9422,0.1487,-0.076928,34.8438,0.220547,0,,208.528,9.4128
AT2017cfc,0.02512,0.00087,15.912,0.0440503,-0.915129,0.095605,-0.006368,35.0276,0.190198,0,,208.163,-2.0022
AT2017cfd,0.01304,0.00086,14.5702,0.040821,-0.52942,0.093523,0.050626,33.5752,0.292564,0,,130.204,73.4875
AT2017lm,0.03031,0.00086,16.1577,0.0537933,1.07786,0.31691,-0.016333,35.5542,0.216273,0,,45.3849,-15.016
AT2017ns,0.02849,0.00094,16.8426,0.0752493,-0.966399,0.26699,0.2265,35.1963,0.366604,0,,42.2932,14.6008
AT2017oz,0.05614,0.00088,17.5379,0.040845,-0.067616,0.32015,-0.021953,36.8109,0.193162,0,,211.673,30.3188
AT2017po,0.03255,0.00086,16.1447,0.0462986,0.21503,0.2454,-0.0745,35.576,0.196814,0,,240.965,39.9901
AT2017wb,0.03117,0.00086,16.3747,0.0400489,1.3617,0.16081,0.065589,35.5304,0.283582,0,,165.331,70.6649
AT2017yk,0.04691,0.00089,17.9803,0.0524477,-0.599325,0.5657,0.15152,36.7582,0.280677,0,,146.133,-12.3082
AT2017zd,0.02969,0.00087,15.8994,0.0606162,0.19005,0.12127,-0.056015,35.2781,0.194122,0,,203.176,-21.8011
ATLAS16agv,0.04819,0.00089,16.8529,0.0396472,1.32221,0.2059,-0.094154,36.4976,0.165873,0,,250.29,50.9724
ATLAS16bwu,0.07091,0.00089,18.238,0.0450749,0.10725,0.29441,0.042792,37.3712,0.228257,0,,18.5927,-13.1531
ATLAS16cpu,0.01865,0.00085,15.5869,0.0430103,-0.957574,0.16126,0.037895,34.5716,0.239989,0,,227.956,46.251
ATLAS16cxr,0.01542,0.00131,15.3569,0.0808418,-0.04908,0.092512,0.04603,34.3426,0.372888,0,,272.027,25.4088
ATLAS16dpb,0.02215,0.00085,16.4648,0.10901,-2.54831,0.2206,0.098219,35.0481,0.288632,0,,44.3919,5.9782
ATLAS16dqf,0.02034,0.00087,15.731,0.0877374,0.80402,0.20183,0.12111,34.5749,0.375822,0,,317.283,-18.1039
ATLAS17ajn,0.02978,0.00086,16.2993,0.0788918,-2.02735,0.12978,-0.115244,35.5116,0.190788,0,,176.111,-28.4574
ATLAS17ajs,0.03451,0.00086,17.0898,0.0468874,1.82151,0.3865,0.17557,35.9757,0.358083,0,,171.977,27.3458
ATLAS17axb,0.03143,0.00087,16.1111,0.0717496,-0.127194,0.14813,-0.102111,35.5602,0.185563,0,,205.847,-19.9437
ATLAS17bas,0.02357,0.00085,15.3776,0.0398948,0.80072,0.12208,0.027298,34.5715,0.261746,0,,166.898,22.8514
Aphrodite,1.29911,0.00535,25.4394,0.0408062,0.62301,0.34804,-0.056718,44.8641,0.275291,0,,53.1563,-27.7796
Borg,1.34101,0.00537,25.546,0.0497914,0.88483,0.78177,0.034526,44.7541,0.306395,0,,189.288,62.1914
CSS160129,0.06844,0.00134,17.5247,0.0527968,0.68966,0.19472,-0.166092,37.2381,0.191221,0,,115.123,10.9333
CSS160428,0.03148,0.00087,16.1861,0.0364702,0.8256,0.14949,-0.057822,35.7017,0.164289,0,,200.78,52.6491
Eagle,1.01988,0.00176,24.6613,0.0312342,0.17306,0.28383,-0.157238,44.2757,0.225903,0,,189.337,62.2282
Elvis,0.83981,0.00523,24.0678,0.0236994,-0.230878,0.30216,-0.043251,43.36,0.211845,0,,189.451,62.2265
Ferguson,1.02088,0.00528,24.6023,0.15908,0.2346,1.36552,-0.046352,43.9706,0.47547,0,,189.105,62.2566
Gabi,1.12092,0.0053,24.8602,0.0319137,0.5904,0.30512,-0.125109,44.4405,0.22363,0,,189.058,62.2021
Gaia16acv,0.07859,0.0009,18.1412,0.039335,0.56816,0.28287,-0.158189,37.8315,0.146078,0,,179.957,54.8022
Gaia16agf,0.02509,0.00086,15.9737,0.0527444,1.3638,0.14605,0.037954,35.2152,0.268527,0,,98.5373,-25.1846
Gaia16aki,0.07393,0.0009,18.0217,0.0483116,0.59125,0.24591,-0.087634,37.5535,0.176502,0,,239.794,14.6416
Gaia16bba,0.0299,0.00086,16.0666,0.0544101,0.007502,0.12781,-0.062035,35.4354,0.185335,0,,15.398,17.1013
Inanna,1.30611,0.00199,26.2696,0.19058,-1.61117,1.43741,0.09498,45.0197,0.445162,0,,53.1847,-27.9184
LSQ12gdj,0.02947,0.00086,15.6921,0.0428162,1.27062,0.23744,-0.007815,35.0939,0.272694,0,,358.681,-25.6761
LSQ13crf,0.05974,0.00508,17.3169,0.0908762,0.16708,1.28541,0.078608,36.3001,0.617516,0,,47.7093,1.4219
Lancaster,1.23597,0.00193,25.7743,0.0420658,-0.135575,0.66286,0.044672,44.905,0.273735,0,,189.236,62.2148
MASTERJ0134,0.04369,0.00087,16.8032,0.0648028,0.40246,0.20036,-0.070549,36.2594,0.177777,0,,23.5627,-17.8121
MASTEROTJ08,0.03118,0.00087,16.3293,0.0638763,-0.018273,0.17632,-0.038482,35.6675,0.174531,0,,128.237,-3.8579
Manipogo,0.85482,0.00163,24.2716,0.0363209,-0.824225,0.30158,-0.085947,43.6168,0.299913,0,,189.145,62.2636
Mcguire,1.35608,0.00203,25.4945,0.0677835,-0.703205,0.71101,-0.07088,44.8094,0.238282,0,,53.0418,-27.8305
Ombo,0.97423,0.00172,24.583,0.03227,1.71255,0.29302,-0.058978,44.1111,0.201519,0,,53.1056,-27.7508
PS1-14xw,0.02411,0.00085,15.6206,0.0604653,1.22828,0.70865,-0.036617,35.1049,0.31033,0,,253.24,2.3935
PS15ahs,0.02534,0.00086,15.7344,0.040576,0.17315,0.097042,-0.091254,35.1974,0.185937,0,,269.874,43.3901
PS15aii,0.04777,0.00087,17.1377,0.0388066,0.34871,0.14261,-0.060972,36.5946,0.145385,0,,191.19,9.7597
PS15asb,0.04989,0.00094,17.4425,0.0533577,-1.52138,0.24469,0.00342,36.4714,0.18553,0,,215.085,-9.3009
PS15atx,0.07252,0.00093,18.1952,0.0833423,-1.43738,0.89472,-0.180099,37.6225,0.304764,0,,195.827,-23.0658
PS15bbn,0.03624,0.00087,16.6331,0.0620079,1.50732,0.25123,-0.047187,36.1845,0.187245,0,,315.99,13.3684
PS15bdr,0.07116,0.00089,18.3636,0.0457289,-2.30724,0.25964,-0.007798,37.3552,0.196012,0,,253.706,36.7252
PS15bif,0.07845,0.00094,18.2219,0.0569696,0.31647,0.29993,-0.025674,37.5715,0.150392,0,,305.074,-23.7435
PS15bjg,0.06786,0.00089,18.0541,0.0696089,-0.875725,0.25676,-0.147356,37.4935,0.190499,0,,343.793,-0.4102
PS15brr,0.05049,0.00088,17.0267,0.0576714,0.69604,0.26825,-0.07921,36.5461,0.190961,0,,358.356,-15.6545
PS15bsq,0.03371,0.00086,16.2831,0.0419123,0.51225,0.13182,-0.069085,35.7797,0.159699,0,,355.467,-8.6379
PS15bwh,0.07158,0.00099,17.6874,0.0416184,0.71915,0.21376,-0.081314,37.2494,0.16107,0,,352.644,-18.8915
PS15bzz,0.07931,0.0009,18.3565,0.0435549,-0.914595,0.23732,-0.017322,37.53,0.147217,0,,9.4247,1.7628
PS15cku,0.02325,0.00086,15.7328,0.0409601,0.75555,0.14045,-0.010924,35.0537,0.229702,0,,21.0939,3.5876
PS15cms,0.06627,0.00089,17.8457,0.0492683,1.37281,0.3396,-0.020643,37.3617,0.203312,0,,149.646,0.743
PS15coh,0.01839,0.00085,14.9498,0.0853124,1.34214,0.098652,-0.036481,34.4393,0.226901,0,,33.9935,12.2372
PS15cwx,0.03086,0.00087,16.2028,0.10406,-1.43085,0.088273,-0.076494,35.4164,0.184841,0,,78.6992,7.0504
PS15cze,0.04035,0.00087,17.5972,0.12296,-1.51168,0.24032,0.030005,36.5486,0.234635,0,,56.8476,0.8772
PS15mt,0.07193,0.0009,17.9245,0.0387218,1.6136,0.30109,-0.075972,37.5618,0.180815,0,,148.684,23.1981
PS16aer,0.05693,0.00088,17.8625,0.0419402,-0.052972,0.22047,0.031526,37.0393,0.176308,0,,163.742,14.2716
PS16axi,0.04089,0.00087,16.9177,0.0507428,-0.724985,0.18818,-0.028406,36.1263,0.168835,0,,162.03,0.1635
PS16ayd,0.05469,0.00088,17.1682,0.0457552,0.92156,0.20705,-0.131506,36.8581,0.149593,0,,216.826,-1.6753
PS16bby,0.05468,0.00088,17.7042,0.0751421,-0.806099,0.23467,0.002451,36.8327,0.178902,0,,215.075,-22.189
PS16bnz,0.06446,0.00091,17.6896,0.0450032,-1.13602,0.22345,-0.138069,37.0786,0.154429,0,,155.154,-2.4668
PS16ccn,0.02457,0.00087,15.6057,0.0558374,0.37785,0.11105,-0.125246,35.1784,0.189112,0,,273.122,31.2799
PS16cqa,0.04521,0.00087,18.2514,0.0784875,-2.74165,0.34485,0.17268,36.6866,0.304921,0,,234.779,9.2946
PS16cvc,0.02915,0.00086,16.0629,0.0673696,1.16607,0.13242,-0.099116,35.6948,0.183345,0,,318.097,14.7793
PS16dnp,0.05023,0.00088,17.2868,0.0643366,0.80899,0.24012,-0.094383,36.8583,0.163226,0,,344.915,2.1498
PS16el,0.0494,0.00087,17.3414,0.0476096,-1.31125,0.15007,-0.040141,36.4691,0.176995,0,,162.802,19.3625
PS16em,0.07083,0.00091,18.7988,0.15293,-0.938437,0.18326,0.19617,37.4814,0.447068,0,,163.892,-3.3663
PS16evk,0.05262,0.00088,17.4023,0.0662794,1.53705,0.34236,-0.030061,36.9144,0.207509,0,,338.344,-1.357
PS16fa,0.0476,0.00087,17.4422,0.0384533,-0.651798,0.11284,-0.002868,36.6009,0.161688,0,,154.819,4.7617
PS16fbb,0.05106,0.00088,17.2831,0.0435965,0.64076,0.25359,-0.114949,36.8804,0.16836,0,,1.7631,-20.6968
PS16n,0.05309,0.00088,17.4272,0.0634849,-0.327907,0.20022,-0.060269,36.7752,0.161766,0,,75.9333,3.4125
PS17akj,0.04777,0.00087,16.9973,0.0505932,1.35352,0.24805,-0.060006,36.5627,0.208806,0,,207.455,-3.08
PS17bii,0.07446,0.0009,18.1038,0.0610157,-0.890865,0.37518,-0.096392,37.4501,0.192118,0,,171.409,7.3336
PS17tn,0.0459,0.00087,17.3349,0.0393862,-0.608838,0.17911,0.043621,36.3811,0.196005,0,,145.807,41.3173
PS17yt,0.07073,0.00089,17.8232,0.039969,0.40963,0.27097,-0.154333,37.4787,0.176182,0,,150.992,49.0412
PSNJ0107203,0.01682,0.00085,14.792,0.0590802,-1.98709,0.19122,-0.099458,33.9673,0.284408,0,,16.8346,32.3997
PSNJ0153424,0.02556,0.00085,16.2304,0.0481898,-0.609377,0.09066,0.069316,35.1828,0.233724,0,,28.4267,29.9363
PSNJ0252467,0.02816,0.00086,15.943,0.1139,-0.242102,0.14107,-0.098566,35.3613,0.190628,0,,43.1946,46.9464
PSNJ0717457,0.00861,0.00084,13.6936,0.0544566,-0.210958,0.19984,0.028562,32.7223,0.383433,0,,109.44,23.3446
PSNJ0859349,0.02938,0.00086,16.5366,0.0398645,-0.88688,0.13659,0.064272,35.472,0.225755,0,,134.895,45.9259
PSNJ1204051,0.04545,0.00087,17.1026,0.0429148,1.28783,0.2333,0.035848,36.4541,0.196266,0,,181.021,14.0681
PSNJ1602512,0.02052,0.00086,15.6917,0.0379133,0.34806,0.10388,0.097168,34.556,0.333904,0,,240.714,47.2248
PSNJ2043531,0.01492,0.00085,15.7365,0.0711861,-2.55527,0.14723,0.093402,34.1902,0.372674,0,,310.972,12.5085
PSNJ2352371,0.02596,0.00085,16.4324,0.0509978,-2.03886,0.13735,-0.013533,35.4014,0.200491,0,,358.155,14.5525
PTF10icb,0.00993,0.00084,14.243,0.0388,0.64439,0.3979,0.01258,33.4753,0.372879,0,,193.705,58.8819
PTSS-16efw,0.03568,0.00086,16.7345,0.12736,-0.139619,0.15966,-0.125294,36.234,0.188455,0,,263.908,8.809
PTSS17-niq,0.06897,0.00089,18.0142,0.048576,-0.597985,0.32918,-0.041041,37.2817,0.174144,0,,215.069,15.3417
Primo,1.54901,0.00213,25.748,0.0874981,-0.51191,0.41103,-0.201856,45.293,0.233771,0,,53.1584,-27.7775
SCP05D0,1.01242,0.00175,24.9734,0.0673008,-0.184779,0.53466,0.017145,44.1177,0.367085,0,,35.4253,-3.3648
SCP05D6,1.31317,0.00199,25.4385,0.0515244,-0.449281,0.58251,-0.072436,44.7867,0.316349,0,,35.4437,-3.3823
SCP06G4,1.35136,0.00202,25.2323,0.050092,1.17151,0.63543,0.003881,44.5492,0.31846,0,,217.328,34.6437
SCP06H5,1.23225,0.00193,25.1674,0.13479,-1.63447,1.4569,-0.050589,44.3207,0.610496,0,,218.626,34.4492
SCP06K0,1.41633,0.00208,25.4843,0.14314,0.5635,1.39138,0.11595,44.4579,0.735776,0,,219.535,34.2384
SCP06U4,1.04817,0.00178,24.8039,0.0806547,-0.530542,1.41172,-0.194965,44.4229,0.488758,0,,356.373,-36.546
SN2016ajf,0.02134,0.00085,16.5392,0.10146,-2.93112,0.17108,0.20266,34.7627,0.339971,0,,49.9771,41.565
SN2016aqb,0.06384,0.00089,17.4334,0.0419114,0.76814,0.26055,-0.102702,37.0197,0.155855,0,,170.493,-13.9837
SN2016ayg,0.04349,0.00088,16.9244,0.0471253,-0.263111,0.16628,-0.128598,36.4165,0.166064,0,,112.572,25.0321
SN2016coj,0.0057,0.00084,12.8717,0.0394491,-1.47692,0.085215,-0.006916,31.8985,0.483668,0,,182.028,65.1772
SN2016esh,0.04583,0.00087,16.8475,0.0494449,-1.2223,0.27035,-0.11222,36.1579,0.182756,0,,241.06,16.6902
SN2016gfr,0.01671,0.00086,14.6347,0.0828091,0.12662,0.11111,-0.02286,33.8985,0.245383,0,,274.898,23.7862
SN2016glp,0.0841,0.00091,18.8788,0.0668359,0.96912,0.35372,0.13583,37.9686,0.221594,0,,354.058,23.696
SN2016glz,0.04077,0.00087,16.6259,0.0593439,1.11871,0.26331,-0.00329,35.9918,0.210464,0,,1.4732,8.4302
SN2016gmb,0.0583,0.00089,17.3271,0.0696605,1.1287,0.28748,-0.099359,36.9545,0.182842,0,,8.6861,-6.1589
SN2016grz,0.08704,0.00103,18.6515,0.0527016,0.81158,0.42443,0.0535,37.8484,0.21681,0,,28.8874,33.8229
SN2016hhv,0.06121,0.0009,17.6183,0.0909773,-0.771196,0.38634,-0.182466,37.1383,0.198009,0,,353.952,20.7088
SN2016hpx,0.03282,0.00098,16.2306,0.0476938,0.83599,0.1692,-0.028927,35.6329,0.204026,0,,90.8194,-26.8986
SN2016ixf,0.06711,0.0009,17.8074,0.0533693,0.79391,0.35403,-0.114194,37.4237,0.194412,0,,159.936,15.0347
SN2017cii,0.03289,0.00086,16.2878,0.0600732,0.33544,0.15317,-0.115009,35.8381,0.178659,0,,248.333,23.7313
SN2017ciy,0.03834,0.00136,17.1524,0.0583619,1.4631,0.2636,0.012273,36.5177,0.245806,0,,256.029,25.0529
SN2017cjv,0.06092,0.0009,17.7058,0.0444551,-1.26761,0.30792,-0.112822,37.032,0.17759,0,,152.69,-3.7775
SN2017ckx,0.02858,0.00086,16.0369,0.0504237,1.97167,0.55096,-0.032273,35.6596,0.251383,0,,117.045,28.2307
SN2017coa,0.04095,0.00312,16.9721,0.0553568,0.71195,0.31661,-0.047302,36.4104,0.307187,0,,132.48,56.099
SN2017cpu,0.05502,0.00088,17.1232,0.0434413,0.75323,0.34236,-0.060611,36.6433,0.175423,0,,211.969,9.642
SN2017hn,0.02557,0.00085,15.6562,0.0432661,0.62439,0.21566,-0.027287,35.0621,0.190177,0,,196.914,6.3376
SN2017jl,0.01525,0.00096,14.5129,0.0557691,0.60274,0.12175,-0.002342,33.7706,0.30219,0,,14.3829,30.1852
SN2017mf,0.02598,0.00086,16.0258,0.0376897,-0.158018,0.14413,-0.027296,35.3111,0.17873,0,,214.129,39.5864
SN2017ms,0.02591,0.00086,15.5491,0.0375811,0.43188,0.23212,-0.120033,35.1181,0.200181,0,,156.676,36.6805
SNF20071021-000,0.02714,0.00087,16.2544,0.0484828,-0.784696,0.080523,0.002318,35.3224,0.216057,0,,3.7493,16.335
SNF20080514-002,0.02219,0.00085,15.5948,0.0356535,-1.5105,0.077264,-0.18285,35.0136,0.216159,0,,202.303,11.2724
SNF20080909-030,0.0311,0.00086,16.0978,0.052245,1.09055,0.1357,-0.037134,35.565,0.183722,0,,330.454,13.0553
Sasquatch,1.39103,0.00538,25.7316,0.14426,0.83819,1.22285,0.11564,44.7944,0.374345,0,,189.225,62.1397
Spock,0.83981,0.00161,23.8921,0.0950377,0.25173,0.38187,-0.030019,43.2012,0.390423,0,,189.277,62.2533
Strolger,1.02789,0.00176,24.7277,0.0643531,1.99519,1.36685,-0.193715,44.5364,0.353385,0,,189.086,62.1807
Thoth,1.3041,0.00199,25.3288,0.0855748,-0.372507,0.50874,-0.08166,44.7206,0.316517,0,,53.1033,-27.7716
Vilas,0.93585,0.00525,24.1849,0.0441676,-0.02741,0.27384,-0.041768,43.5331,0.239939,0,,189.371,62.1911
carter,1.5429,0.04006,26.1376,0.11558,2.34906,0.82442,0.13327,45.0902,0.371014,0,,150.061,2.1924
colfax,2.26137,0.02018,26.8097,0.0710096,0.03023,1.18197,0.11885,46.1828,0.281309,0,,189.157,62.3092
geta,1.69706,0.04006,25.699,0.0882218,0.99124,0.95298,-0.164422,45.2863,0.38048,0,,322.35,0.1402
iPTF13dge,0.01662,0.00085,14.8448,0.062625,-0.120328,0.14616,-0.086667,34.2793,0.261916,0,,75.8962,1.5715
iPTF13ebh,0.01114,0.00085,14.7649,0.04864,-2.15768,0.027086,0.019191,33.6369,0.29522,0,,35.4999,33.2705
iPTF14bdn,0.01603,0.00085,14.5345,0.0364852,1.26874,0.17976,-0.066181,34.1062,0.281582,0,,202.687,32.7618
iPTF16auf,0.01543,0.00085,15.0843,0.0366445,0.046602,0.085019,0.048315,34.0744,0.314862,0,,217.788,27.236
iPTF17dz,0.09293,0.01004,19.0785,0.17485,1.72317,1.05757,0.11392,38.2226,0.493293,0,,126.107,24.9978
rutledge,1.61505,0.00545,25.9969,0.0689133,0.94408,1.08966,0.063905,45.1595,0.333024,0,,215.2,53.0728
stone,1.80119,0.02014,26.1937,0.0803361,-0.544536,0.70361,-0.024483,45.4865,0.281981,0,,189.32,62.2782
washington,1.3291,0.02009,25.3298,0.0793103,0.9656,0.77533,-0.095731,44.8745,0.238344,0,,53.0869,-27.8282
wilson,1.91165,0.00263,26.2802,0.17033,-1.65392,0.77302,0.063709,45.4233,0.358642,0,,34.4431,-5.2566
