# Sunspot groups on one observed day per Carrington rotation, 1874-04-27 to 2019-10-01.
# Source: Mandal et al. 2020 (A&A 640, A78), VizieR J/A+A/640/A78 catalog2.dat —
#   a cross-calibrated composite of RGO, Kislovodsk, Pulkovo and Debrecen group
#   areas and positions. Downloaded 2026-08-16.
# Sampling: for each Carrington rotation (27.2752 d from CR 1 on 1853-11-09) the
#   catalogued observing day nearest the rotation start is kept, so a long-lived
#   group returns at a similar longitude instead of drifting frame to frame.
# 8691 rows: 8408 groups on 1947 observing days, including 283 spotless days kept
#   as rows with a blank latitude and zero area, so a quiet Sun stays
#   distinguishable from a missing observation.
# Groups the source logged without a longitude (-99, a handful of Kislovodsk
#   entries) are dropped: the scene has nowhere to put them.
# latitude_deg is heliographic; meridian_distance_deg is longitude measured from
#   the central meridian, so it is already the Earth-facing view.
# tilt_b0_deg is the heliographic latitude of the disk centre, computed here from
#   the date (Meeus ch. 29) — it is what turns lat/CMD into disk coordinates.
# catalog_disk_fraction is the catalogue's own r/R, the group's distance from disk
#   centre in solar radii. The scene recomputes it from the three columns above,
#   which is why it is carried: it is a check on the projection, not an input.
# area_millionths is the corrected group area in millionths of the solar hemisphere.
date,carrington_rotation,tilt_b0_deg,latitude_deg,meridian_distance_deg,area_millionths,catalog_disk_fraction,observatory
1874-04-27,275,-4.402,-12.400,-64.100,171.000,0.899,RGO
1874-05-25,276,-1.308,-15.300,46.200,100.000,0.749,RGO
1874-06-21,277,1.920,10.500,20.300,504.000,0.350,RGO
1874-07-18,278,4.763,6.200,-9.400,436.000,0.165,RGO
1874-07-18,278,4.763,10.500,61.700,168.000,0.879,RGO
1874-07-18,278,4.763,18.300,-25.500,127.000,0.477,RGO
1874-08-14,279,6.670,-17.300,-25.600,1150.000,0.572,RGO
1874-08-14,279,6.670,2.400,-0.500,420.000,0.078,RGO
1874-09-11,280,7.232,-13.800,53.400,237.000,0.843,RGO
1874-10-08,281,6.241,-12.400,51.100,734.000,0.811,RGO
1874-10-08,281,6.241,11.600,25.700,15.000,0.431,RGO
1874-11-04,282,3.897,-16.200,-22.300,518.000,0.502,RGO
1874-12-03,283,0.418,,,0.000,,RGO
1875-01-02,284,-3.310,-13.600,33.200,215.000,0.564,RGO
1875-01-25,285,-5.600,5.500,75.000,57.000,0.968,RGO
1875-01-25,285,-5.600,11.000,41.800,39.000,0.701,RGO
1875-02-21,286,-7.090,18.100,-40.100,725.000,0.729,RGO
1875-02-21,286,-7.090,-11.600,-38.600,383.000,0.620,RGO
1875-03-21,287,-6.969,17.800,-34.400,362.000,0.672,RGO
1875-03-21,287,-6.969,-13.700,10.300,107.000,0.216,RGO
1875-03-21,287,-6.969,-10.300,55.700,19.000,0.820,RGO
1875-03-21,287,-6.969,-3.500,51.900,14.000,0.783,RGO
1875-04-17,288,-5.334,-13.900,14.300,330.000,0.281,RGO
1875-04-17,288,-5.334,9.500,34.900,148.000,0.609,RGO
1875-05-14,289,-2.622,,,0.000,,RGO
1875-06-10,290,0.586,-10.100,61.500,433.000,0.883,RGO
1875-07-08,291,3.766,15.200,-55.100,27.000,0.821,RGO
1875-08-04,292,6.086,8.200,56.400,235.000,0.834,RGO
1875-08-31,293,7.198,7.900,50.300,75.000,0.760,RGO
1875-09-27,294,6.835,-8.400,-41.900,111.000,0.701,RGO
1875-10-25,295,4.923,10.800,-65.900,505.000,0.910,RGO
1875-11-21,296,1.960,-6.900,4.500,184.000,0.165,RGO
1875-11-21,296,1.960,-8.100,-49.000,184.000,0.760,RGO
1875-11-21,296,1.960,11.700,-69.600,69.000,0.937,RGO
1875-11-21,296,1.960,10.700,-15.400,41.000,0.301,RGO
1875-12-18,297,-1.464,-12.300,-42.600,322.000,0.689,RGO
1875-12-18,297,-1.464,-6.800,-6.500,105.000,0.148,RGO
1876-01-13,298,-4.473,,,0.000,,RGO
1876-02-11,299,-6.701,-12.500,-68.600,512.000,0.930,RGO
1876-03-09,300,-7.225,-10.900,-75.500,100.000,0.964,RGO
1876-04-05,301,-6.176,,,0.000,,RGO
1876-05-03,302,-3.744,,,0.000,,RGO
1876-05-30,303,-0.651,,,0.000,,RGO
1876-06-26,304,2.548,-7.900,25.900,6.000,0.468,RGO
1876-07-23,305,5.242,-10.500,-46.100,90.000,0.749,RGO
1876-08-19,306,6.904,-7.400,-8.800,80.000,0.284,RGO
1876-09-16,307,7.152,-9.700,-29.400,106.000,0.558,RGO
1876-10-13,308,5.863,-10.400,17.500,123.000,0.431,RGO
1876-11-09,309,3.293,-6.100,-60.300,28.000,0.870,RGO
1876-12-07,310,-0.157,,,0.000,,RGO
1877-01-03,311,-3.479,,,0.000,,RGO
1877-01-30,312,-6.021,-7.200,-60.000,9.000,0.862,RGO
1877-02-27,313,-7.216,7.000,-54.800,133.000,0.834,RGO
1877-03-27,314,-6.701,,,0.000,,RGO
1877-04-22,315,-4.853,1.400,-16.100,105.000,0.284,RGO
1877-05-20,316,-1.873,9.600,-28.000,91.000,0.492,RGO
1877-06-16,317,1.361,,,0.000,,RGO
1877-07-13,318,4.314,,,0.000,,RGO
1877-08-09,319,6.422,,,0.000,,RGO
1877-09-06,320,7.250,9.200,-42.800,213.000,0.673,RGO
1877-10-03,321,6.523,,,0.000,,RGO
1877-10-30,322,4.392,-8.000,-21.600,605.000,0.425,RGO
1877-10-30,322,4.392,-2.500,-44.000,120.000,0.701,RGO
1877-11-26,323,1.277,-10.300,-25.200,468.000,0.466,RGO
1877-12-26,324,-2.512,,,0.000,,RGO
1878-01-20,325,-5.190,,,0.000,,RGO
1878-02-16,326,-6.938,,,0.000,,RGO
1878-03-16,327,-7.110,7.900,32.000,214.000,0.585,RGO
1878-04-12,328,-5.716,,,0.000,,RGO
1878-05-09,329,-3.155,,,0.000,,RGO
1878-06-05,330,0.012,7.700,57.800,9.000,0.834,RGO
1878-07-03,331,3.264,,,0.000,,RGO
1878-07-30,332,5.752,,,0.000,,RGO
1878-08-26,333,7.104,,,0.000,,RGO
1878-09-22,334,7.009,,,0.000,,RGO
1878-10-20,335,5.347,,,0.000,,RGO
1878-11-16,336,2.538,,,0.000,,RGO
1878-12-13,337,-0.859,,,0.000,,RGO
1879-01-10,338,-4.187,,,0.000,,RGO
1879-02-06,339,-6.444,,,0.000,,RGO
1879-03-05,340,-7.250,,,0.000,,RGO
1879-04-01,341,-6.466,,,0.000,,RGO
1879-04-29,342,-4.232,,,0.000,,RGO
1879-05-26,343,-1.223,,,0.000,,RGO
1879-06-22,344,2.003,,,0.000,,RGO
1879-07-21,345,5.005,,,0.000,,RGO
1879-08-16,346,6.749,,,0.000,,RGO
1879-09-13,347,7.214,,,0.000,,RGO
1879-10-09,348,6.194,17.800,-53.800,94.000,0.783,RGO
1879-11-06,349,3.712,,,0.000,,RGO
1879-12-03,350,0.454,-20.400,7.500,55.000,0.379,RGO
1879-12-03,350,0.454,-22.300,-3.000,10.000,0.383,RGO
1879-12-30,351,-2.928,,,0.000,,RGO
1880-01-26,352,-5.658,17.900,-39.100,14.000,0.703,RGO
1880-02-23,353,-7.133,-29.400,-54.500,281.000,0.826,RGO
1880-03-21,354,-6.943,,,0.000,,RGO
1880-04-17,355,-5.274,,,0.000,,RGO
1880-05-15,356,-2.426,,,0.000,,RGO
1880-06-11,357,0.793,14.600,21.000,48.000,0.415,RGO
1880-06-11,357,0.793,-21.700,-41.900,29.000,0.725,RGO
1880-07-08,358,3.839,-37.500,68.600,435.000,0.969,RGO
1880-07-08,358,3.839,-20.800,17.200,168.000,0.492,RGO
1880-08-04,359,6.133,11.800,-40.000,740.000,0.639,RGO
1880-09-01,360,7.220,22.000,75.200,443.000,0.959,RGO
1880-09-01,360,7.220,10.000,-23.300,112.000,0.399,RGO
1880-09-28,361,6.760,-19.100,-24.400,321.000,0.573,RGO
1880-09-28,361,6.760,-17.800,-14.400,214.000,0.486,RGO
1880-09-28,361,6.760,-19.400,0.700,162.000,0.446,RGO
1880-09-28,361,6.760,16.300,-35.800,159.000,0.595,RGO
1880-09-28,361,6.760,-19.000,21.200,30.000,0.552,RGO
1880-10-25,362,4.856,-21.800,-0.300,297.000,0.452,RGO
1880-10-25,362,4.856,17.700,73.900,263.000,0.959,RGO
1880-10-25,362,4.856,21.500,64.800,14.000,0.903,RGO
1880-11-21,363,1.872,-9.600,54.500,342.000,0.824,RGO
1880-11-21,363,1.872,22.000,54.400,240.000,0.843,RGO
1880-12-19,364,-1.679,23.800,-35.100,84.000,0.676,RGO
1880-12-19,364,-1.679,13.800,-30.700,75.000,0.566,RGO
1881-01-15,365,-4.743,,,0.000,,RGO
1881-02-11,366,-6.736,15.900,-11.700,265.000,0.436,RGO
1881-02-11,366,-6.736,18.600,67.400,238.000,0.948,RGO
1881-02-11,366,-6.736,18.200,38.600,95.000,0.713,RGO
1881-02-11,366,-6.736,20.800,31.200,61.000,0.660,RGO
1881-03-11,367,-7.203,21.900,-14.400,517.000,0.542,RGO
1881-03-11,367,-7.203,-21.200,-41.800,148.000,0.676,RGO
1881-03-11,367,-7.203,14.600,-41.600,131.000,0.725,RGO
1881-03-11,367,-7.203,18.000,-74.900,22.000,0.976,RGO
1881-03-11,367,-7.203,-18.500,55.200,12.000,0.814,RGO
1881-04-07,368,-6.061,-15.900,-86.300,401.000,0.995,RGO
1881-04-07,368,-6.061,22.200,-21.100,62.000,0.566,RGO
1881-04-07,368,-6.061,-23.700,-60.200,55.000,0.870,RGO
1881-04-07,368,-6.061,-18.300,57.100,16.000,0.834,RGO
1881-05-04,369,-3.669,-23.200,-69.400,94.000,0.937,RGO
1881-05-31,370,-0.564,-10.500,-23.300,885.000,0.434,RGO
1881-05-31,370,-0.564,20.000,49.100,42.000,0.793,RGO
1881-05-31,370,-0.564,22.800,-74.300,33.000,0.968,RGO
1881-05-31,370,-0.564,-25.700,-38.900,9.000,0.694,RGO
1881-06-28,371,2.741,-14.500,6.400,501.000,0.317,RGO
1881-06-28,371,2.741,15.000,-43.100,266.000,0.700,RGO
1881-06-28,371,2.741,25.900,-20.000,209.000,0.504,RGO
1881-06-28,371,2.741,12.600,-31.700,205.000,0.548,RGO
1881-06-28,371,2.741,23.400,-68.500,181.000,0.937,RGO
1881-06-28,371,2.741,28.000,-32.000,39.000,0.636,RGO
1881-07-25,372,5.383,-15.500,-55.100,476.000,0.852,RGO
1881-07-25,372,5.383,24.400,-35.400,455.000,0.630,RGO
1881-07-25,372,5.383,26.800,-45.000,428.000,0.743,RGO
1881-07-25,372,5.383,19.600,15.000,296.000,0.350,RGO
1881-07-25,372,5.383,12.200,35.800,179.000,0.591,RGO
1881-07-25,372,5.383,16.600,56.900,174.000,0.834,RGO
1881-07-25,372,5.383,-13.400,-40.800,28.000,0.701,RGO
1881-08-21,373,6.965,28.400,-62.600,200.000,0.879,RGO
1881-09-17,374,7.137,23.300,-14.400,460.000,0.367,RGO
1881-09-17,374,7.137,17.900,-9.300,248.000,0.233,RGO
1881-09-17,374,7.137,17.200,-17.100,5.000,0.334,RGO
1881-10-15,375,5.733,15.900,-62.000,288.000,0.878,RGO
1881-10-15,375,5.733,14.500,46.700,265.000,0.729,RGO
1881-11-11,376,3.097,16.500,-71.100,381.000,0.946,RGO
1881-11-11,376,3.097,19.100,14.900,206.000,0.367,RGO
1881-11-11,376,3.097,-11.600,-16.800,110.000,0.383,RGO
1881-11-11,376,3.097,14.500,43.700,72.000,0.701,RGO
1881-11-11,376,3.097,17.400,-6.500,62.000,0.256,RGO
1881-12-08,377,-0.249,25.000,24.300,589.000,0.565,RGO
1881-12-08,377,-0.249,-18.700,57.000,271.000,0.854,RGO
1882-01-05,378,-3.671,15.500,26.600,208.000,0.537,RGO
1882-01-05,378,-3.671,18.500,-37.500,51.000,0.680,RGO
1882-01-05,378,-3.671,-20.800,56.300,24.000,0.843,RGO
1882-01-05,378,-3.671,16.600,14.500,23.000,0.415,RGO
1882-02-01,379,-6.141,16.200,23.000,272.000,0.525,RGO
1882-02-01,379,-6.141,19.300,-47.500,106.000,0.804,RGO
1882-02-01,379,-6.141,9.500,68.100,88.000,0.928,RGO
1882-02-01,379,-6.141,-9.200,10.800,16.000,0.199,RGO
1882-02-28,380,-7.225,-13.700,-69.200,154.000,0.924,RGO
1882-02-28,380,-7.225,-13.200,4.500,21.000,0.131,RGO
1882-02-28,380,-7.225,-18.300,-8.800,13.000,0.233,RGO
1882-03-27,381,-6.714,-20.900,70.300,445.000,0.934,RGO
1882-03-27,381,-6.714,11.200,46.300,400.000,0.758,RGO
1882-03-27,381,-6.714,-10.200,-1.400,324.000,0.061,RGO
1882-03-27,381,-6.714,10.600,14.800,10.000,0.383,RGO
1882-03-27,381,-6.714,-12.800,-46.300,5.000,0.713,RGO
1882-04-24,382,-4.694,-28.600,70.200,1734.000,0.941,RGO
1882-04-24,382,-4.694,-10.600,13.700,158.000,0.241,RGO
1882-04-24,382,-4.694,11.400,31.100,149.000,0.572,RGO
1882-04-24,382,-4.694,9.700,23.500,35.000,0.439,RGO
1882-04-24,382,-4.694,15.200,44.100,33.000,0.749,RGO
1882-04-24,382,-4.694,-12.800,71.300,4.000,0.931,RGO
1882-05-21,383,-1.788,-15.000,20.200,975.000,0.403,RGO
1882-05-21,383,-1.788,-29.400,51.800,611.000,0.833,RGO
1882-05-21,383,-1.788,10.200,47.400,16.000,0.749,RGO
1882-06-17,384,1.446,-12.400,39.300,873.000,0.663,RGO
1882-06-17,384,1.446,22.400,-28.300,327.000,0.575,RGO
1882-07-15,385,4.479,14.000,-57.700,608.000,0.844,RGO
1882-07-15,385,4.479,15.900,66.900,503.000,0.918,RGO
1882-07-15,385,4.479,9.000,20.500,63.000,0.331,RGO
1882-07-15,385,4.479,18.600,-70.700,50.000,0.943,RGO
1882-07-15,385,4.479,11.100,-13.200,24.000,0.250,RGO
1882-08-11,386,6.516,19.800,19.400,533.000,0.395,RGO
1882-08-11,386,6.516,15.100,-53.300,202.000,0.795,RGO
1882-08-11,386,6.516,22.400,-35.500,22.000,0.609,RGO
1882-09-07,387,7.250,21.400,69.500,841.000,0.930,RGO
1882-09-07,387,7.250,7.400,-3.700,243.000,0.061,RGO
1882-09-07,387,7.250,20.900,6.000,160.000,0.250,RGO
1882-10-04,388,6.483,-21.700,45.800,1023.000,0.801,RGO
1882-10-04,388,6.483,-22.900,30.700,489.000,0.672,RGO
1882-10-04,388,6.483,7.600,28.900,318.000,0.488,RGO
1882-10-04,388,6.483,20.000,36.700,18.000,0.623,RGO
1882-10-04,388,6.483,-17.400,6.600,18.000,0.415,RGO
1882-10-04,388,6.483,6.700,-13.600,15.000,0.235,RGO
1882-10-04,388,6.483,7.400,-24.100,14.000,0.375,RGO
1882-10-04,388,6.483,22.700,-40.100,8.000,0.663,RGO
1882-11-01,389,4.217,-22.800,54.900,954.000,0.866,RGO
1882-11-01,389,4.217,15.700,-15.200,375.000,0.317,RGO
1882-11-01,389,4.217,19.000,14.300,177.000,0.350,RGO
1882-11-01,389,4.217,-19.500,17.400,88.000,0.492,RGO
1882-11-01,389,4.217,-21.600,-13.100,11.000,0.481,RGO
1882-11-28,390,1.061,-8.100,-3.600,462.000,0.165,RGO
1882-11-28,390,1.061,-17.200,33.900,273.000,0.614,RGO
1882-11-28,390,1.061,10.600,-10.000,217.000,0.233,RGO
1882-11-28,390,1.061,-23.800,42.000,166.000,0.737,RGO
1882-11-28,390,1.061,-17.300,-51.700,89.000,0.804,RGO
1882-11-28,390,1.061,12.600,11.900,58.000,0.263,RGO
1882-11-28,390,1.061,-20.900,10.900,31.000,0.415,RGO
1882-11-28,390,1.061,15.400,-22.200,18.000,0.403,RGO
1882-12-25,391,-2.357,-15.400,0.800,43.000,0.219,RGO
1882-12-25,391,-2.357,7.600,-10.000,30.000,0.233,RGO
1883-01-21,392,-5.254,-9.100,70.200,494.000,0.938,RGO
1883-01-21,392,-5.254,13.400,43.000,272.000,0.730,RGO
1883-01-21,392,-5.254,-10.400,0.100,83.000,0.104,RGO
1883-01-21,392,-5.254,18.300,-11.300,27.000,0.446,RGO
1883-02-18,393,-6.998,7.400,19.900,573.000,0.405,RGO
1883-02-18,393,-6.998,-17.400,60.100,96.000,0.862,RGO
1883-02-18,393,-6.998,-15.700,-3.300,28.000,0.165,RGO
1883-02-18,393,-6.998,-17.700,-47.700,17.000,0.712,RGO
1883-03-17,394,-7.092,-8.300,-61.800,533.000,0.878,RGO
1883-03-17,394,-7.092,-13.200,19.400,243.000,0.350,RGO
1883-03-17,394,-7.092,12.600,-2.400,88.000,0.334,RGO
1883-03-17,394,-7.092,16.400,52.000,34.000,0.834,RGO
1883-04-13,395,-5.661,-15.900,-60.700,783.000,0.869,RGO
1883-04-13,395,-5.661,-23.000,-58.500,564.000,0.857,RGO
1883-04-13,395,-5.661,12.700,-14.100,551.000,0.396,RGO
1883-04-13,395,-5.661,-16.400,-83.400,458.000,0.991,RGO
1883-04-13,395,-5.661,-13.200,32.000,31.000,0.537,RGO
1883-05-11,396,-2.965,-22.600,-50.900,337.000,0.796,RGO
1883-05-11,396,-2.965,11.000,-60.300,318.000,0.878,RGO
1883-05-11,396,-2.965,-17.800,17.000,104.000,0.363,RGO
1883-05-11,396,-2.965,11.500,35.800,49.000,0.610,RGO
1883-05-11,396,-2.965,14.600,47.900,20.000,0.772,RGO
1883-05-11,396,-2.965,-15.700,-49.500,13.000,0.760,RGO
1883-06-07,397,0.219,-8.800,71.800,494.000,0.952,RGO
1883-06-07,397,0.219,-23.300,-64.000,306.000,0.916,RGO
1883-06-07,397,0.219,-10.800,-12.600,119.000,0.284,RGO
1883-06-07,397,0.219,14.600,17.000,101.000,0.383,RGO
1883-06-07,397,0.219,-11.500,15.300,70.000,0.334,RGO
1883-06-07,397,0.219,7.300,-6.800,66.000,0.125,RGO
1883-06-07,397,0.219,-16.200,-32.100,50.000,0.581,RGO
1883-06-07,397,0.219,17.400,65.200,22.000,0.917,RGO
1883-06-07,397,0.219,-9.600,-8.000,17.000,0.219,RGO
1883-07-04,398,3.341,11.000,40.100,1503.000,0.654,RGO
1883-07-04,398,3.341,-22.000,-65.400,608.000,0.931,RGO
1883-07-04,398,3.341,-11.500,74.400,275.000,0.968,RGO
1883-07-31,399,5.805,-11.300,74.000,1627.000,0.968,RGO
1883-07-31,399,5.805,-13.500,-16.500,231.000,0.417,RGO
1883-07-31,399,5.805,9.300,42.300,84.000,0.672,RGO
1883-07-31,399,5.805,5.600,6.800,17.000,0.113,RGO
1883-08-28,400,7.143,-15.200,25.400,353.000,0.553,RGO
1883-08-28,400,7.143,21.100,27.500,328.000,0.500,RGO
1883-08-28,400,7.143,-9.000,-40.200,239.000,0.686,RGO
1883-08-28,400,7.143,-5.800,-11.400,135.000,0.287,RGO
1883-09-24,401,6.952,,,0.000,,RGO
1883-10-21,402,5.285,-9.700,38.500,969.000,0.663,RGO
1883-10-21,402,5.285,14.300,-75.300,178.000,0.964,RGO
1883-10-21,402,5.285,-11.000,-35.800,175.000,0.623,RGO
1883-10-21,402,5.285,-6.500,64.800,167.000,0.910,RGO
1883-10-21,402,5.285,18.100,27.800,81.000,0.508,RGO
1883-10-21,402,5.285,13.700,-0.900,6.000,0.148,RGO
1883-11-17,403,2.452,-8.600,35.100,1294.000,0.603,RGO
1883-11-17,403,2.452,17.500,-31.400,429.000,0.567,RGO
1883-11-17,403,2.452,-14.500,47.300,426.000,0.768,RGO
1883-11-17,403,2.452,-13.600,-27.900,407.000,0.538,RGO
1883-11-17,403,2.452,9.300,58.100,380.000,0.851,RGO
1883-11-17,403,2.452,-10.400,67.000,96.000,0.930,RGO
1883-11-17,403,2.452,-11.900,-1.700,25.000,0.248,RGO
1883-12-15,404,-1.078,-12.800,55.900,209.000,0.833,RGO
1883-12-15,404,-1.078,12.600,9.600,177.000,0.272,RGO
1883-12-15,404,-1.078,20.800,-20.500,132.000,0.492,RGO
1883-12-15,404,-1.078,-9.600,42.200,105.000,0.676,RGO
1883-12-15,404,-1.078,16.400,18.900,56.000,0.431,RGO
1883-12-15,404,-1.078,-10.700,12.700,40.000,0.273,RGO
1883-12-15,404,-1.078,-16.300,-21.000,14.000,0.433,RGO
1883-12-15,404,-1.078,-10.600,-6.500,4.000,0.199,RGO
1884-01-11,405,-4.262,14.500,17.400,1215.000,0.452,RGO
1884-01-11,405,-4.262,-10.900,-1.200,489.000,0.113,RGO
1884-01-11,405,-4.262,10.400,40.700,472.000,0.685,RGO
1884-01-11,405,-4.262,-12.800,51.700,180.000,0.783,RGO
1884-01-11,405,-4.262,10.600,-35.500,85.000,0.623,RGO
1884-01-11,405,-4.262,-24.600,-15.900,31.000,0.398,RGO
1884-01-11,405,-4.262,12.300,-9.100,28.000,0.317,RGO
1884-01-11,405,-4.262,-11.300,-11.600,19.000,0.233,RGO
1884-01-11,405,-4.262,-9.100,-14.600,15.000,0.267,RGO
1884-02-07,406,-6.486,-24.600,24.500,503.000,0.500,RGO
1884-02-07,406,-6.486,13.600,20.900,396.000,0.484,RGO
1884-02-07,406,-6.486,11.900,72.600,216.000,0.964,RGO
1884-02-07,406,-6.486,11.600,-33.500,191.000,0.609,RGO
1884-02-07,406,-6.486,8.000,41.200,154.000,0.688,RGO
1884-02-07,406,-6.486,17.200,14.000,35.000,0.439,RGO
1884-02-07,406,-6.486,13.900,-37.500,31.000,0.676,RGO
1884-02-07,406,-6.486,-4.800,-22.300,16.000,0.352,RGO
1884-02-07,406,-6.486,12.900,5.700,15.000,0.346,RGO
1884-03-06,407,-7.247,-10.100,-36.100,607.000,0.591,RGO
1884-03-06,407,-7.247,10.100,47.700,390.000,0.773,RGO
1884-03-06,407,-7.247,-8.800,62.700,212.000,0.887,RGO
1884-03-06,407,-7.247,-16.200,-88.800,148.000,0.998,RGO
1884-03-06,407,-7.247,-26.600,25.500,106.000,0.518,RGO
1884-03-06,407,-7.247,10.300,-31.000,76.000,0.581,RGO
1884-03-06,407,-7.247,-4.800,-71.600,40.000,0.943,RGO
1884-04-02,408,-6.367,-9.700,22.300,863.000,0.401,RGO
1884-04-02,408,-6.367,-11.000,-72.800,337.000,0.951,RGO
1884-04-02,408,-6.367,-9.100,-24.500,128.000,0.415,RGO
1884-04-02,408,-6.367,-14.600,-71.100,77.000,0.943,RGO
1884-04-02,408,-6.367,-14.400,-77.500,74.000,0.972,RGO
1884-04-02,408,-6.367,-12.100,48.200,52.000,0.749,RGO
1884-04-29,409,-4.160,-10.900,23.400,872.000,0.435,RGO
1884-04-29,409,-4.160,-14.500,-27.200,409.000,0.499,RGO
1884-04-29,409,-4.160,-14.100,58.900,161.000,0.853,RGO
1884-05-26,410,-1.137,-9.400,23.100,263.000,0.421,RGO
1884-05-26,410,-1.137,-11.600,-36.100,238.000,0.610,RGO
1884-05-26,410,-1.137,-15.700,-31.500,177.000,0.564,RGO
1884-05-26,410,-1.137,18.300,-29.300,176.000,0.566,RGO
1884-05-26,410,-1.137,-3.000,70.700,168.000,0.943,RGO
1884-05-26,410,-1.137,-13.300,55.400,163.000,0.834,RGO
1884-05-26,410,-1.137,-24.400,-51.100,127.000,0.814,RGO
1884-05-26,410,-1.137,14.700,-39.200,30.000,0.663,RGO
1884-05-26,410,-1.137,-24.600,-40.700,27.000,0.713,RGO
1884-06-23,411,2.202,-8.600,39.700,128.000,0.660,RGO
1884-06-23,411,2.202,13.200,9.500,60.000,0.257,RGO
1884-06-23,411,2.202,-10.300,63.200,51.000,0.900,RGO
1884-06-23,411,2.202,-5.900,41.600,5.000,0.676,RGO
1884-06-23,411,2.202,-14.800,-20.500,3.000,0.447,RGO
1884-07-20,412,4.981,-6.700,-34.400,117.000,0.592,RGO
1884-07-20,412,4.981,-9.200,-61.600,69.000,0.887,RGO
1884-07-20,412,4.981,10.000,-82.700,67.000,0.991,RGO
1884-07-20,412,4.981,7.400,79.000,17.000,0.980,RGO
1884-07-20,412,4.981,-3.500,-45.100,13.000,0.713,RGO
1884-08-16,413,6.781,-3.200,-34.700,125.000,0.581,RGO
1884-08-16,413,6.781,-5.500,30.600,81.000,0.552,RGO
1884-08-16,413,6.781,-11.300,25.500,53.000,0.518,RGO
1884-09-12,414,7.217,14.000,14.900,801.000,0.284,RGO
1884-09-12,414,7.217,5.900,-25.500,372.000,0.443,RGO
1884-09-12,414,7.217,5.500,-75.300,197.000,0.964,RGO
1884-09-12,414,7.217,-23.500,22.600,111.000,0.609,RGO
1884-09-12,414,7.217,8.700,8.400,15.000,0.148,RGO
1884-10-10,415,6.080,13.800,21.700,830.000,0.387,RGO
1884-10-10,415,6.080,14.200,-70.400,66.000,0.937,RGO
1884-11-06,416,3.633,11.700,55.100,96.000,0.824,RGO
1884-12-03,417,0.362,3.400,-11.800,432.000,0.206,RGO
1884-12-03,417,0.362,12.700,11.400,301.000,0.284,RGO
1884-12-03,417,0.362,-6.600,-55.300,51.000,0.824,RGO
1884-12-31,418,-3.129,9.100,63.200,481.000,0.901,RGO
1884-12-31,418,-3.129,1.200,2.500,95.000,0.088,RGO
1884-12-31,418,-3.129,-9.800,15.400,67.000,0.284,RGO
1885-01-27,419,-5.794,-13.700,-54.700,438.000,0.809,RGO
1885-01-27,419,-5.794,-9.000,27.600,121.000,0.462,RGO
1885-01-27,419,-5.794,4.800,17.600,110.000,0.329,RGO
1885-01-27,419,-5.794,11.700,-30.600,77.000,0.566,RGO
1885-01-27,419,-5.794,10.000,58.900,60.000,0.875,RGO
1885-01-27,419,-5.794,-1.400,37.600,43.000,0.615,RGO
1885-02-23,420,-7.148,-10.700,26.200,249.000,0.445,RGO
1885-02-23,420,-7.148,8.000,80.100,120.000,0.986,RGO
1885-02-23,420,-7.148,-9.500,74.000,71.000,0.959,RGO
1885-02-23,420,-7.148,-0.100,-1.000,48.000,0.131,RGO
1885-02-23,420,-7.148,-5.800,-64.900,23.000,0.903,RGO
1885-02-23,420,-7.148,-9.500,-22.500,19.000,0.383,RGO
1885-03-22,421,-6.917,4.700,82.800,91.000,0.994,RGO
1885-04-19,422,-5.126,-4.600,-32.600,194.000,0.537,RGO
1885-04-19,422,-5.126,-15.500,-83.000,137.000,0.986,RGO
1885-04-19,422,-5.126,7.800,-18.200,6.000,0.383,RGO
1885-05-16,423,-2.343,15.000,74.900,87.000,0.972,RGO
1885-05-16,423,-2.343,13.200,-64.700,77.000,0.910,RGO
1885-05-16,423,-2.343,-7.400,64.300,43.000,0.903,RGO
1885-05-16,423,-2.343,-8.400,-43.800,23.000,0.688,RGO
1885-06-12,424,0.879,-9.700,61.800,827.000,0.887,RGO
1885-06-12,424,0.879,-14.200,-3.400,674.000,0.267,RGO
1885-06-12,424,0.879,-8.200,-73.500,187.000,0.959,RGO
1885-06-12,424,0.879,5.000,29.800,98.000,0.508,RGO
1885-06-12,424,0.879,-1.300,-77.500,17.000,0.976,RGO
1885-06-12,424,0.879,-14.700,-16.900,15.000,0.362,RGO
1885-06-12,424,0.879,15.100,-48.900,6.000,0.749,RGO
1885-07-10,425,4.014,-18.600,62.200,1270.000,0.908,RGO
1885-07-10,425,4.014,-7.700,-60.300,345.000,0.879,RGO
1885-07-10,425,4.014,-12.400,65.100,162.000,0.917,RGO
1885-07-10,425,4.014,-15.100,4.100,64.000,0.330,RGO
1885-08-06,426,6.241,-10.400,-55.500,158.000,0.843,RGO
1885-08-06,426,6.241,-21.500,54.500,112.000,0.870,RGO
1885-08-06,426,6.241,7.500,17.100,94.000,0.301,RGO
1885-08-06,426,6.241,-11.700,-65.200,79.000,0.924,RGO
1885-09-02,427,7.227,-10.100,60.000,876.000,0.885,RGO
1885-09-02,427,7.227,10.600,-15.900,592.000,0.267,RGO
1885-09-02,427,7.227,-5.100,24.800,315.000,0.482,RGO
1885-09-02,427,7.227,-12.100,-64.700,112.000,0.924,RGO
1885-09-29,428,6.727,7.500,20.200,222.000,0.340,RGO
1885-09-29,428,6.727,-2.800,25.600,149.000,0.462,RGO
1885-09-29,428,6.727,12.000,-19.000,103.000,0.334,RGO
1885-09-29,428,6.727,17.400,5.300,71.000,0.199,RGO
1885-09-29,428,6.727,-8.500,12.700,9.000,0.340,RGO
1885-10-27,429,4.693,-8.600,-46.500,588.000,0.746,RGO
1885-10-27,429,4.693,-3.900,14.500,210.000,0.276,RGO
1885-10-27,429,4.693,6.700,56.100,206.000,0.826,RGO
1885-10-27,429,4.693,-15.100,7.400,131.000,0.367,RGO
1885-10-27,429,4.693,-10.400,-70.100,9.000,0.948,RGO
1885-11-23,430,1.659,14.100,57.900,314.000,0.854,RGO
1885-11-23,430,1.659,-3.400,12.800,28.000,0.233,RGO
1885-11-23,430,1.659,-11.400,-17.100,10.000,0.367,RGO
1885-12-20,431,-1.769,16.700,-74.700,211.000,0.968,RGO
1885-12-20,431,-1.769,-11.100,26.500,95.000,0.470,RGO
1885-12-20,431,-1.769,14.500,51.100,80.000,0.804,RGO
1885-12-20,431,-1.769,-4.200,23.000,16.000,0.392,RGO
1886-01-16,432,-4.813,-10.200,28.300,741.000,0.481,RGO
1886-01-16,432,-4.813,8.600,-29.600,195.000,0.537,RGO
1886-01-16,432,-4.813,-3.700,30.600,181.000,0.508,RGO
1886-01-16,432,-4.813,-2.700,-76.400,43.000,0.968,RGO
1886-02-13,433,-6.814,-9.400,38.300,438.000,0.625,RGO
1886-02-13,433,-6.814,-5.300,28.400,103.000,0.473,RGO
1886-02-13,433,-6.814,-9.700,-38.700,3.000,0.625,RGO
1886-03-12,434,-7.193,-5.300,21.200,653.000,0.364,RGO
1886-03-12,434,-7.193,-9.200,34.600,307.000,0.568,RGO
1886-03-12,434,-7.193,-2.500,40.900,93.000,0.663,RGO
1886-04-08,435,-6.012,-5.900,25.900,268.000,0.441,RGO
1886-04-08,435,-6.012,-11.800,55.100,135.000,0.814,RGO
1886-04-08,435,-6.012,14.500,23.600,11.000,0.518,RGO
1886-05-06,436,-3.486,8.700,-24.300,1125.000,0.469,RGO
1886-05-06,436,-3.486,-11.600,75.300,884.000,0.966,RGO
1886-05-06,436,-3.486,-6.400,40.000,146.000,0.649,RGO
1886-06-02,437,-0.357,-10.400,78.400,235.000,0.980,RGO
1886-06-02,437,-0.357,10.100,-17.200,40.000,0.334,RGO
1886-06-02,437,-0.357,14.000,46.600,10.000,0.749,RGO
1886-06-29,438,2.821,-15.000,-55.200,417.000,0.845,RGO
1886-06-29,438,2.821,-19.900,-66.900,144.000,0.937,RGO
1886-06-29,438,2.821,18.600,-58.900,77.000,0.862,RGO
1886-07-26,439,5.441,-13.100,-61.300,182.000,0.895,RGO
1886-07-26,439,5.441,-9.600,75.000,177.000,0.972,RGO
1886-07-26,439,5.441,-3.200,-4.700,103.000,0.142,RGO
1886-07-26,439,5.441,16.900,-63.800,73.000,0.895,RGO
1886-07-26,439,5.441,-0.700,-28.800,48.000,0.492,RGO
1886-08-23,440,7.020,-14.000,-66.200,6.000,0.930,RGO
1886-09-19,441,7.096,13.400,46.300,176.000,0.725,RGO
1886-09-19,441,7.096,-5.300,37.600,136.000,0.636,RGO
1886-10-16,442,5.678,-11.500,-18.400,159.000,0.415,RGO
1886-11-12,443,3.014,-14.500,-31.400,7.000,0.581,RGO
1886-12-10,444,-0.469,18.800,-61.700,30.000,0.895,RGO
1887-01-06,445,-3.751,-16.200,37.200,38.000,0.623,RGO
1887-02-02,446,-6.190,-3.600,42.400,134.000,0.676,RGO
1887-02-02,446,-6.190,-12.600,-67.700,18.000,0.917,RGO
1887-03-02,447,-7.240,9.900,76.200,134.000,0.980,RGO
1887-03-29,448,-6.630,,,0.000,,RGO
1887-04-25,449,-4.626,12.400,40.600,49.000,0.688,RGO
1887-05-23,450,-1.585,,,0.000,,RGO
1887-06-19,451,1.648,0.300,34.200,183.000,0.566,RGO
1887-06-19,451,1.648,-5.400,-58.200,12.000,0.844,RGO
1887-07-16,452,4.547,7.000,59.100,193.000,0.858,RGO
1887-08-12,453,6.554,,,0.000,,RGO
1887-09-09,454,7.246,,,0.000,,RGO
1887-10-06,455,6.384,-12.400,51.700,13.000,0.814,RGO
1887-11-02,456,4.143,,,0.000,,RGO
1887-11-29,457,0.970,,,0.000,,RGO
1887-12-27,458,-2.565,-13.700,61.600,24.000,0.887,RGO
1888-01-23,459,-5.404,-10.300,8.300,10.000,0.165,RGO
1888-02-20,460,-7.052,-4.700,-53.600,352.000,0.802,RGO
1888-03-17,461,-7.073,2.600,32.700,208.000,0.560,RGO
1888-03-17,461,-7.073,-4.100,-60.600,57.000,0.869,RGO
1888-04-14,462,-5.526,,,0.000,,RGO
1888-05-11,463,-2.885,-7.500,-81.900,380.000,0.989,RGO
1888-06-07,464,0.306,,,0.000,,RGO
1888-07-05,465,3.523,,,0.000,,RGO
1888-08-01,466,5.927,-5.100,-51.500,18.000,0.794,RGO
1888-08-28,467,7.158,-5.500,-82.100,229.000,0.992,RGO
1888-08-28,467,7.158,7.400,32.700,31.000,0.536,RGO
1888-09-24,468,6.926,-5.100,2.600,67.000,0.213,RGO
1888-10-22,469,5.135,,,0.000,,RGO
1888-11-18,470,2.245,-4.600,18.500,201.000,0.337,RGO
1888-12-15,471,-1.169,-6.700,-15.900,13.000,0.288,RGO
1889-01-11,472,-4.337,,,0.000,,RGO
1889-02-08,473,-6.582,,,0.000,,RGO
1889-03-07,474,-7.243,-6.100,-47.400,23.000,0.735,RGO
1889-04-03,475,-6.323,5.500,-49.200,114.000,0.774,RGO
1889-05-01,476,-3.986,,,0.000,,RGO
1889-05-28,477,-0.931,,,0.000,,RGO
1889-06-24,478,2.284,-5.200,35.500,510.000,0.580,RGO
1889-07-21,479,5.043,-8.500,32.700,321.000,0.565,RGO
1889-08-18,480,6.852,-8.000,44.800,40.000,0.723,RGO
1889-09-14,481,7.194,,,0.000,,RGO
1889-10-11,482,6.030,-26.100,22.200,6.000,0.617,RGO
1889-11-07,483,3.554,,,0.000,,RGO
1889-12-05,484,0.142,,,0.000,,RGO
1890-01-01,485,-3.212,-9.300,-12.600,57.000,0.238,RGO
1890-01-28,486,-5.849,,,0.000,,RGO
1890-02-25,487,-7.182,,,0.000,,RGO
1890-03-24,488,-6.849,,,0.000,,RGO
1890-04-20,489,-5.063,,,0.000,,RGO
1890-05-17,490,-2.260,20.200,-67.700,30.000,0.939,RGO
1890-05-17,490,-2.260,-33.300,6.800,25.000,0.520,RGO
1890-05-17,490,-2.260,-26.700,54.300,9.000,0.841,RGO
1890-06-14,491,1.084,,,0.000,,RGO
1890-07-11,492,4.085,-21.600,31.200,106.000,0.637,RGO
1890-07-11,492,4.085,-23.900,7.800,25.000,0.471,RGO
1890-08-07,493,6.285,-20.100,9.400,33.000,0.464,RGO
1890-09-04,494,7.241,20.900,51.600,516.000,0.779,RGO
1890-09-04,494,7.241,-19.200,15.400,30.000,0.504,RGO
1890-10-01,495,6.644,20.600,33.400,62.000,0.571,RGO
1890-10-01,495,6.644,21.800,45.400,12.000,0.718,RGO
1890-10-01,495,6.644,-16.500,11.300,1.000,0.435,RGO
1890-10-28,496,4.623,-23.700,26.800,297.000,0.616,RGO
1890-11-24,497,1.570,20.200,-48.400,376.000,0.774,RGO
1890-12-22,498,-1.982,18.700,33.700,11.000,0.627,RGO
1891-01-18,499,-4.976,-26.200,-48.000,337.000,0.776,RGO
1891-01-18,499,-4.976,-33.200,-40.000,100.000,0.731,RGO
1891-02-14,500,-6.845,15.800,33.400,213.000,0.630,RGO
1891-02-14,500,-6.845,-30.400,-30.500,73.000,0.608,RGO
1891-02-14,500,-6.845,-20.400,22.800,12.000,0.431,RGO
1891-03-13,501,-7.181,19.800,-77.100,231.000,0.986,RGO
1891-03-13,501,-7.181,15.500,35.900,8.000,0.668,RGO
1891-04-10,502,-5.890,19.500,75.400,202.000,0.978,RGO
1891-04-10,502,-5.890,-15.600,-10.400,87.000,0.245,RGO
1891-05-07,503,-3.409,-25.300,-45.000,312.000,0.752,RGO
1891-05-07,503,-3.409,22.900,-45.600,143.000,0.787,RGO
1891-06-03,504,-0.270,22.100,-51.900,118.000,0.824,RGO
1891-06-03,504,-0.270,18.800,19.300,64.000,0.437,RGO
1891-06-03,504,-0.270,-16.900,56.700,62.000,0.841,RGO
1891-06-03,504,-0.270,21.500,72.600,19.000,0.957,RGO
1891-07-01,505,3.011,-20.900,41.300,515.000,0.719,RGO
1891-07-01,505,3.011,19.500,-76.200,233.000,0.971,RGO
1891-07-01,505,3.011,15.300,50.100,137.000,0.768,RGO
1891-07-01,505,3.011,14.200,68.800,132.000,0.930,RGO
1891-07-01,505,3.011,28.500,-45.200,33.000,0.766,RGO
1891-07-01,505,3.011,-12.800,48.800,20.000,0.772,RGO
1891-07-28,506,5.576,15.900,-66.200,198.000,0.913,RGO
1891-07-28,506,5.576,18.800,50.400,178.000,0.774,RGO
1891-07-28,506,5.576,-15.400,-59.200,69.000,0.887,RGO
1891-08-24,507,7.042,15.100,-47.100,109.000,0.730,RGO
1891-08-24,507,7.042,-22.600,60.100,30.000,0.909,RGO
1891-09-20,508,7.078,24.000,70.000,537.000,0.931,RGO
1891-09-20,508,7.078,-22.800,4.400,377.000,0.490,RGO
1891-09-20,508,7.078,14.400,49.600,318.000,0.746,RGO
1891-09-20,508,7.078,-23.900,-76.000,15.000,0.986,RGO
1891-10-18,509,5.541,17.900,-18.800,320.000,0.372,RGO
1891-10-18,509,5.541,14.400,64.100,61.000,0.895,RGO
1891-10-18,509,5.541,26.400,-27.600,23.000,0.555,RGO
1891-11-14,510,2.814,18.000,-37.200,111.000,0.646,RGO
1891-11-14,510,2.814,-20.000,-67.200,17.000,0.942,RGO
1891-11-14,510,2.814,-18.300,17.500,9.000,0.448,RGO
1891-11-14,510,2.814,12.300,39.500,6.000,0.649,RGO
1891-12-11,511,-0.561,-17.800,34.600,39.000,0.603,RGO
1891-12-11,511,-0.561,-20.400,19.500,4.000,0.463,RGO
1892-01-07,512,-3.829,20.900,33.200,502.000,0.655,RGO
1892-01-07,512,-3.829,-16.900,16.000,76.000,0.349,RGO
1892-01-07,512,-3.829,23.100,21.900,60.000,0.565,RGO
1892-01-07,512,-3.829,22.100,45.400,6.000,0.783,RGO
1892-02-04,513,-6.302,23.000,-16.600,143.000,0.556,RGO
1892-02-04,513,-6.302,-20.600,9.700,98.000,0.278,RGO
1892-02-04,513,-6.302,21.500,-28.600,28.000,0.636,RGO
1892-02-04,513,-6.302,16.600,-9.700,10.000,0.415,RGO
1892-03-02,514,-7.244,-15.400,-37.200,46.000,0.612,RGO
1892-03-29,515,-6.593,29.100,25.500,235.000,0.678,RGO
1892-03-29,515,-6.593,-16.100,81.500,130.000,0.982,RGO
1892-03-29,515,-6.593,-18.700,-48.200,89.000,0.749,RGO
1892-03-29,515,-6.593,-18.100,38.900,76.000,0.634,RGO
1892-03-29,515,-6.593,-25.400,-7.900,27.000,0.345,RGO
1892-03-29,515,-6.593,15.700,27.400,9.000,0.559,RGO
1892-03-29,515,-6.593,-23.800,11.400,4.000,0.351,RGO
1892-04-26,516,-4.461,10.100,35.900,904.000,0.619,RGO
1892-04-26,516,-4.461,17.000,17.000,428.000,0.453,RGO
1892-04-26,516,-4.461,-13.700,83.300,309.000,0.990,RGO
1892-04-26,516,-4.461,-18.100,-39.700,303.000,0.666,RGO
1892-04-26,516,-4.461,-29.500,76.700,197.000,0.971,RGO
1892-04-26,516,-4.461,-21.900,21.200,141.000,0.438,RGO
1892-04-26,516,-4.461,16.700,-2.100,41.000,0.351,RGO
1892-04-26,516,-4.461,-20.000,-46.200,5.000,0.740,RGO
1892-05-23,517,-1.500,15.600,-14.200,646.000,0.368,RGO
1892-05-23,517,-1.500,10.700,4.900,467.000,0.214,RGO
1892-05-23,517,-1.500,9.800,52.600,250.000,0.795,RGO
1892-05-23,517,-1.500,-19.000,-82.500,180.000,0.993,RGO
1892-05-23,517,-1.500,-23.600,23.200,103.000,0.514,RGO
1892-05-23,517,-1.500,-16.900,-43.100,45.000,0.707,RGO
1892-05-23,517,-1.500,-22.200,-63.400,17.000,0.911,RGO
1892-05-23,517,-1.500,-24.700,51.300,12.000,0.809,RGO
1892-05-23,517,-1.500,13.800,13.400,6.000,0.329,RGO
1892-06-19,518,1.732,-31.300,51.300,841.000,0.850,RGO
1892-06-19,518,1.732,11.400,-72.900,766.000,0.958,RGO
1892-06-19,518,1.732,25.400,37.700,553.000,0.683,RGO
1892-06-19,518,1.732,-20.300,-20.700,398.000,0.464,RGO
1892-06-19,518,1.732,11.800,-63.900,352.000,0.902,RGO
1892-06-19,518,1.732,10.900,-2.600,231.000,0.154,RGO
1892-06-19,518,1.732,15.200,14.900,17.000,0.360,RGO
1892-06-19,518,1.732,-21.300,6.900,11.000,0.402,RGO
1892-07-16,519,4.614,-31.300,28.100,728.000,0.698,RGO
1892-07-16,519,4.614,10.400,77.500,393.000,0.974,RGO
1892-07-16,519,4.614,-9.500,-62.000,317.000,0.898,RGO
1892-07-16,519,4.614,28.400,22.100,108.000,0.514,RGO
1892-08-13,520,6.641,10.100,-37.600,260.000,0.615,RGO
1892-08-13,520,6.641,24.900,22.700,172.000,0.456,RGO
1892-08-13,520,6.641,21.100,-86.100,160.000,0.995,RGO
1892-08-13,520,6.641,-30.100,23.900,156.000,0.685,RGO
1892-08-13,520,6.641,-18.700,-69.300,94.000,0.959,RGO
1892-08-13,520,6.641,-7.300,-47.700,69.000,0.766,RGO
1892-08-13,520,6.641,-16.700,67.800,45.000,0.947,RGO
1892-08-13,520,6.641,14.500,19.200,44.000,0.340,RGO
1892-08-13,520,6.641,-8.300,20.900,39.000,0.429,RGO
1892-08-13,520,6.641,-13.600,4.700,12.000,0.343,RGO
1892-08-13,520,6.641,-22.300,-59.100,8.000,0.904,RGO
1892-09-09,521,7.243,12.600,-51.000,286.000,0.778,RGO
1892-09-09,521,7.243,-19.600,44.300,117.000,0.768,RGO
1892-09-09,521,7.243,-16.100,-9.400,43.000,0.424,RGO
1892-09-09,521,7.243,-18.800,-65.600,13.000,0.936,RGO
1892-10-06,522,6.341,15.200,2.900,761.000,0.155,RGO
1892-10-06,522,6.341,-24.200,76.500,539.000,0.985,RGO
1892-10-06,522,6.341,-20.700,25.800,242.000,0.588,RGO
1892-10-06,522,6.341,12.200,39.700,164.000,0.628,RGO
1892-10-06,522,6.341,-22.300,44.900,27.000,0.783,RGO
1892-10-06,522,6.341,8.400,-56.900,9.000,0.835,RGO
1892-10-06,522,6.341,-14.700,16.200,6.000,0.435,RGO
1892-11-02,523,4.068,-27.100,18.900,695.000,0.586,RGO
1892-11-02,523,4.068,-20.500,29.600,133.000,0.602,RGO
1892-11-02,523,4.068,8.800,70.000,70.000,0.936,RGO
1892-11-02,523,4.068,-7.000,-29.300,35.000,0.519,RGO
1892-11-02,523,4.068,8.600,-45.500,23.000,0.722,RGO
1892-11-02,523,4.068,-19.400,-0.800,18.000,0.391,RGO
1892-11-02,523,4.068,14.400,13.400,15.000,0.276,RGO
1892-11-02,523,4.068,8.800,-74.300,11.000,0.961,RGO
1892-11-30,524,0.752,17.200,-42.800,602.000,0.719,RGO
1892-11-30,524,0.752,-15.600,14.800,215.000,0.360,RGO
1892-11-30,524,0.752,9.300,-79.500,132.000,0.984,RGO
1892-11-30,524,0.752,7.100,-60.800,105.000,0.882,RGO
1892-11-30,524,0.752,15.100,-79.300,73.000,0.984,RGO
1892-11-30,524,0.752,-21.800,40.000,61.000,0.696,RGO
1892-11-30,524,0.752,-13.300,28.000,59.000,0.505,RGO
1892-11-30,524,0.752,-8.800,-7.600,56.000,0.201,RGO
1892-11-30,524,0.752,19.200,-58.800,46.000,0.877,RGO
1892-11-30,524,0.752,-7.200,1.500,15.000,0.136,RGO
1892-11-30,524,0.752,16.000,18.200,13.000,0.401,RGO
1892-12-27,525,-2.651,-23.100,-40.500,927.000,0.703,RGO
1892-12-27,525,-2.651,-17.500,7.100,144.000,0.273,RGO
1892-12-27,525,-2.651,12.700,-28.500,59.000,0.536,RGO
1892-12-27,525,-2.651,9.200,60.900,45.000,0.881,RGO
1892-12-27,525,-2.651,-11.700,16.000,25.000,0.306,RGO
1893-01-23,526,-5.465,-12.100,10.600,763.000,0.205,RGO
1893-01-23,526,-5.465,15.100,-26.100,171.000,0.555,RGO
1893-01-23,526,-5.465,-9.300,-7.300,126.000,0.151,RGO
1893-01-23,526,-5.465,-16.400,60.500,36.000,0.863,RGO
1893-02-20,527,-7.073,14.400,-53.700,732.000,0.846,RGO
1893-02-20,527,-7.073,-18.400,80.600,170.000,0.979,RGO
1893-02-20,527,-7.073,-14.100,40.300,95.000,0.638,RGO
1893-02-20,527,-7.073,-9.800,38.700,84.000,0.608,RGO
1893-02-20,527,-7.073,-16.200,-26.400,23.000,0.470,RGO
1893-02-20,527,-7.073,15.200,-67.500,17.000,0.946,RGO
1893-02-20,527,-7.073,12.400,-25.300,8.000,0.534,RGO
1893-03-19,528,-7.022,-8.400,45.000,396.000,0.702,RGO
1893-03-19,528,-7.022,10.500,-63.700,139.000,0.913,RGO
1893-03-19,528,-7.022,23.000,-84.000,102.000,0.999,RGO
1893-03-19,528,-7.022,14.000,-54.500,73.000,0.852,RGO
1893-03-19,528,-7.022,-14.300,-3.900,34.000,0.140,RGO
1893-03-19,528,-7.022,16.300,-33.300,21.000,0.653,RGO
1893-03-19,528,-7.022,8.300,-55.500,19.000,0.846,RGO
1893-03-19,528,-7.022,-14.600,50.100,13.000,0.761,RGO
1893-04-15,529,-5.468,-15.100,-28.300,384.000,0.501,RGO
1893-04-15,529,-5.468,14.100,-47.000,369.000,0.772,RGO
1893-04-15,529,-5.468,-8.300,45.600,361.000,0.704,RGO
1893-04-15,529,-5.468,-28.000,58.600,114.000,0.860,RGO
1893-04-15,529,-5.468,-15.300,-43.000,50.000,0.686,RGO
1893-04-15,529,-5.468,-17.800,-5.200,27.000,0.225,RGO
1893-04-15,529,-5.468,-11.600,29.100,11.000,0.493,RGO
1893-04-15,529,-5.468,16.300,-3.400,8.000,0.371,RGO
1893-04-15,529,-5.468,-16.300,34.800,6.000,0.573,RGO
1893-05-12,530,-2.804,-26.600,51.400,240.000,0.814,RGO
1893-05-12,530,-2.804,-13.600,-5.600,125.000,0.203,RGO
1893-05-12,530,-2.804,-13.000,-32.600,123.000,0.557,RGO
1893-05-12,530,-2.804,20.500,25.300,19.000,0.545,RGO
1893-05-12,530,-2.804,-12.000,-52.000,15.000,0.798,RGO
1893-05-12,530,-2.804,12.100,61.500,14.000,0.889,RGO
1893-05-12,530,-2.804,-14.300,47.500,10.000,0.745,RGO
1893-05-12,530,-2.804,-20.200,-75.000,9.000,0.968,RGO
1893-05-12,530,-2.804,-13.900,-16.600,6.000,0.332,RGO
1893-06-09,531,0.513,-18.800,73.200,600.000,0.960,RGO
1893-06-09,531,0.513,-19.300,82.900,526.000,0.993,RGO
1893-06-09,531,0.513,-12.400,-32.400,267.000,0.579,RGO
1893-06-09,531,0.513,-13.500,-42.900,181.000,0.707,RGO
1893-06-09,531,0.513,13.000,-27.800,174.000,0.510,RGO
1893-06-09,531,0.513,17.400,49.200,124.000,0.773,RGO
1893-06-09,531,0.513,16.800,37.700,67.000,0.646,RGO
1893-06-09,531,0.513,11.200,65.300,63.000,0.907,RGO
1893-06-09,531,0.513,10.600,-20.000,54.000,0.379,RGO
1893-06-09,531,0.513,-16.300,17.600,46.000,0.397,RGO
1893-06-09,531,0.513,-15.700,61.300,9.000,0.883,RGO
1893-07-06,532,3.598,-16.800,-33.400,891.000,0.627,RGO
1893-07-06,532,3.598,-17.800,9.800,267.000,0.384,RGO
1893-07-06,532,3.598,-12.200,-33.500,215.000,0.603,RGO
1893-07-06,532,3.598,-9.200,-46.600,108.000,0.747,RGO
1893-07-06,532,3.598,-20.700,-71.500,89.000,0.963,RGO
1893-07-06,532,3.598,-6.800,-36.200,52.000,0.616,RGO
1893-07-06,532,3.598,-27.300,68.900,15.000,0.959,RGO
1893-07-06,532,3.598,19.000,46.000,10.000,0.728,RGO
1893-08-02,533,5.977,-18.100,-36.100,203.000,0.686,RGO
1893-08-02,533,5.977,-15.800,-46.900,179.000,0.783,RGO
1893-08-02,533,5.977,10.300,-37.400,119.000,0.606,RGO
1893-08-02,533,5.977,-14.300,-78.500,67.000,0.986,RGO
1893-08-02,533,5.977,-15.900,-65.600,50.000,0.934,RGO
1893-08-02,533,5.977,-27.100,48.100,42.000,0.834,RGO
1893-08-02,533,5.977,27.100,74.200,20.000,0.954,RGO
1893-08-02,533,5.977,-28.100,17.900,16.000,0.615,RGO
1893-08-02,533,5.977,14.400,-66.500,8.000,0.912,RGO
1893-08-02,533,5.977,-13.700,-52.900,7.000,0.833,RGO
1893-08-02,533,5.977,-5.500,-36.300,4.000,0.617,RGO
1893-08-30,534,7.188,-10.100,-46.900,1010.000,0.768,RGO
1893-08-30,534,7.188,-19.200,-55.700,699.000,0.877,RGO
1893-08-30,534,7.188,13.900,-46.300,599.000,0.718,RGO
1893-08-30,534,7.188,26.800,26.400,178.000,0.513,RGO
1893-08-30,534,7.188,9.500,66.000,60.000,0.906,RGO
1893-08-30,534,7.188,-5.000,-26.600,7.000,0.490,RGO
1893-09-26,535,6.860,13.300,-50.800,327.000,0.775,RGO
1893-09-26,535,6.860,8.200,71.600,294.000,0.956,RGO
1893-09-26,535,6.860,11.900,59.100,254.000,0.874,RGO
1893-09-26,535,6.860,-11.000,-45.400,108.000,0.754,RGO
1893-09-26,535,6.860,-8.100,58.900,97.000,0.849,RGO
1893-09-26,535,6.860,-6.000,-11.900,84.000,0.301,RGO
1893-09-26,535,6.860,13.200,-42.700,62.000,0.680,RGO
1893-09-26,535,6.860,20.000,51.200,42.000,0.785,RGO
1893-09-26,535,6.860,-7.700,-60.700,8.000,0.874,RGO
1893-09-26,535,6.860,-13.500,-13.300,7.000,0.412,RGO
1893-09-26,535,6.860,17.000,58.900,5.000,0.888,RGO
1893-10-23,536,5.071,-7.000,-17.500,861.000,0.370,RGO
1893-10-23,536,5.071,12.700,-56.800,271.000,0.837,RGO
1893-10-23,536,5.071,-8.100,-66.000,256.000,0.922,RGO
1893-10-23,536,5.071,-20.300,-15.800,240.000,0.494,RGO
1893-10-23,536,5.071,13.000,58.000,148.000,0.845,RGO
1893-10-23,536,5.071,-13.500,41.900,136.000,0.711,RGO
1893-10-23,536,5.071,6.800,-27.800,136.000,0.469,RGO
1893-10-23,536,5.071,-14.300,-66.600,67.000,0.935,RGO
1893-10-23,536,5.071,-7.600,-38.200,32.000,0.654,RGO
1893-10-23,536,5.071,16.900,42.800,30.000,0.676,RGO
1893-10-23,536,5.071,23.800,-8.300,23.000,0.343,RGO
1893-11-19,537,2.158,-4.700,-39.000,1522.000,0.642,RGO
1893-11-19,537,2.158,18.300,15.300,279.000,0.364,RGO
1893-11-19,537,2.158,20.200,-31.100,166.000,0.582,RGO
1893-11-19,537,2.158,9.500,62.900,129.000,0.887,RGO
1893-11-19,537,2.158,-19.500,-26.900,108.000,0.563,RGO
1893-11-19,537,2.158,-4.900,-18.900,96.000,0.349,RGO
1893-11-19,537,2.158,-6.400,66.300,42.000,0.913,RGO
1893-11-19,537,2.158,-9.400,8.400,21.000,0.231,RGO
1893-11-19,537,2.158,19.500,41.500,16.000,0.694,RGO
1893-11-19,537,2.158,22.600,-19.400,16.000,0.461,RGO
1893-11-19,537,2.158,11.200,-10.500,4.000,0.237,RGO
1893-12-17,538,-1.386,-4.800,-39.800,425.000,0.646,RGO
1893-12-17,538,-1.386,-7.500,-48.800,371.000,0.759,RGO
1893-12-17,538,-1.386,-15.300,55.000,341.000,0.826,RGO
1893-12-17,538,-1.386,-0.800,-23.400,254.000,0.411,RGO
1893-12-17,538,-1.386,11.300,-28.800,194.000,0.524,RGO
1893-12-17,538,-1.386,-6.400,-27.400,116.000,0.477,RGO
1893-12-17,538,-1.386,13.500,-34.900,83.000,0.613,RGO
1893-12-17,538,-1.386,-16.100,36.000,65.000,0.618,RGO
1893-12-17,538,-1.386,18.700,-18.100,56.000,0.445,RGO
1893-12-17,538,-1.386,-8.300,-21.900,17.000,0.392,RGO
1894-01-13,539,-4.512,-13.400,-31.800,421.000,0.539,RGO
1894-01-13,539,-4.512,11.700,-45.800,324.000,0.746,RGO
1894-01-13,539,-4.512,-14.300,56.200,190.000,0.829,RGO
1894-01-13,539,-4.512,-2.000,-19.500,150.000,0.343,RGO
1894-01-13,539,-4.512,3.800,-70.600,130.000,0.947,RGO
1894-01-13,539,-4.512,-12.500,-17.000,18.000,0.329,RGO
1894-02-09,540,-6.620,-17.800,76.000,298.000,0.962,RGO
1894-02-09,540,-6.620,11.400,-53.200,153.000,0.830,RGO
1894-02-09,540,-6.620,-10.400,-27.000,133.000,0.460,RGO
1894-02-09,540,-6.620,13.900,8.900,68.000,0.365,RGO
1894-02-09,540,-6.620,-16.000,-37.100,57.000,0.614,RGO
1894-02-09,540,-6.620,4.600,-57.500,14.000,0.852,RGO
1894-02-09,540,-6.620,15.400,21.200,13.000,0.496,RGO
1894-02-09,540,-6.620,-5.200,-59.300,8.000,0.859,RGO
1894-02-09,540,-6.620,-22.900,-42.100,6.000,0.691,RGO
1894-03-08,541,-7.239,7.800,2.900,252.000,0.248,RGO
1894-03-08,541,-7.239,15.500,-58.200,100.000,0.887,RGO
1894-03-08,541,-7.239,-17.900,-29.600,50.000,0.512,RGO
1894-03-08,541,-7.239,-21.200,-9.500,31.000,0.289,RGO
1894-03-08,541,-7.239,-11.300,-31.100,12.000,0.518,RGO
1894-03-08,541,-7.239,-23.300,-20.000,6.000,0.404,RGO
1894-04-05,542,-6.216,21.400,39.000,1256.000,0.728,RGO
1894-04-05,542,-6.216,9.800,60.900,528.000,0.886,RGO
1894-04-05,542,-6.216,14.700,27.500,107.000,0.549,RGO
1894-04-05,542,-6.216,18.500,-59.400,77.000,0.900,RGO
1894-04-05,542,-6.216,-14.800,-15.100,75.000,0.292,RGO
1894-04-05,542,-6.216,7.700,18.900,34.000,0.388,RGO
1894-04-05,542,-6.216,-26.800,10.800,12.000,0.379,RGO
1894-04-05,542,-6.216,-11.100,-38.300,5.000,0.618,RGO
1894-05-02,543,-3.912,-26.800,-8.300,713.000,0.403,RGO
1894-05-02,543,-3.912,17.600,-70.100,577.000,0.956,RGO
1894-05-02,543,-3.912,12.000,55.000,290.000,0.830,RGO
1894-05-02,543,-3.912,-4.600,-40.100,72.000,0.652,RGO
1894-05-02,543,-3.912,-17.200,78.700,59.000,0.977,RGO
1894-05-02,543,-3.912,15.400,18.500,34.000,0.439,RGO
1894-05-02,543,-3.912,9.900,-51.100,31.000,0.801,RGO
1894-05-02,543,-3.912,-17.000,18.000,15.000,0.365,RGO
1894-05-02,543,-3.912,-17.600,66.100,10.000,0.908,RGO
1894-05-02,543,-3.912,22.300,48.100,4.000,0.797,RGO
1894-05-29,544,-0.845,12.500,-2.900,577.000,0.229,RGO
1894-05-29,544,-0.845,14.600,-45.300,473.000,0.734,RGO
1894-05-29,544,-0.845,-20.400,53.200,112.000,0.819,RGO
1894-05-29,544,-0.845,-6.800,-38.900,63.000,0.637,RGO
1894-05-29,544,-0.845,-3.900,-61.600,47.000,0.885,RGO
1894-05-29,544,-0.845,11.600,-12.500,40.000,0.304,RGO
1894-05-29,544,-0.845,-3.400,17.400,31.000,0.290,RGO
1894-05-29,544,-0.845,-23.000,33.200,27.000,0.626,RGO
1894-05-29,544,-0.845,-3.500,69.500,26.000,0.932,RGO
1894-05-29,544,-0.845,8.800,-67.900,25.000,0.931,RGO
1894-05-29,544,-0.845,-2.500,-71.000,9.000,0.947,RGO
1894-06-26,545,2.479,13.200,9.000,354.000,0.232,RGO
1894-06-26,545,2.479,9.400,-44.700,115.000,0.714,RGO
1894-06-26,545,2.479,-1.100,-2.500,68.000,0.086,RGO
1894-06-26,545,2.479,16.600,-35.200,63.000,0.606,RGO
1894-06-26,545,2.479,-10.100,41.200,27.000,0.674,RGO
1894-06-26,545,2.479,12.600,-4.600,7.000,0.192,RGO
1894-07-23,546,5.191,-8.900,-31.600,311.000,0.566,RGO
1894-07-23,546,5.191,7.100,61.100,288.000,0.872,RGO
1894-07-23,546,5.191,18.500,-55.100,268.000,0.829,RGO
1894-07-23,546,5.191,12.900,1.200,256.000,0.120,RGO
1894-07-23,546,5.191,14.200,-12.000,235.000,0.266,RGO
1894-07-23,546,5.191,-21.700,-74.600,153.000,0.978,RGO
1894-07-23,546,5.191,-11.800,56.700,151.000,0.849,RGO
1894-07-23,546,5.191,-14.600,77.700,136.000,0.981,RGO
1894-07-23,546,5.191,-21.300,-5.000,22.000,0.451,RGO
1894-07-23,546,5.191,9.200,-66.100,6.000,0.916,RGO
1894-07-23,546,5.191,-17.200,46.400,4.000,0.773,RGO
1894-08-19,547,6.880,6.300,29.600,1346.000,0.481,RGO
1894-08-19,547,6.880,-5.800,-22.300,85.000,0.438,RGO
1894-08-19,547,6.880,18.000,-59.800,80.000,0.861,RGO
1894-08-19,547,6.880,-15.500,71.800,54.000,0.959,RGO
1894-08-19,547,6.880,-12.100,-57.500,29.000,0.873,RGO
1894-08-19,547,6.880,-19.500,-11.400,19.000,0.477,RGO
1894-08-19,547,6.880,-26.800,-34.500,10.000,0.736,RGO
1894-09-15,548,7.182,-15.400,39.300,546.000,0.695,RGO
1894-09-15,548,7.182,15.900,39.700,261.000,0.634,RGO
1894-09-15,548,7.182,0.600,-61.200,127.000,0.882,RGO
1894-09-15,548,7.182,-10.700,-36.600,105.000,0.647,RGO
1894-09-15,548,7.182,0.200,-70.900,92.000,0.950,RGO
1894-09-15,548,7.182,-7.900,-18.800,39.000,0.409,RGO
1894-09-15,548,7.182,21.200,49.500,5.000,0.762,RGO
1894-10-13,549,5.908,-12.200,72.200,730.000,0.958,RGO
1894-10-13,549,5.908,10.100,30.500,489.000,0.494,RGO
1894-10-13,549,5.908,12.900,66.000,176.000,0.906,RGO
1894-10-13,549,5.908,17.200,50.200,142.000,0.763,RGO
1894-10-13,549,5.908,22.500,2.000,126.000,0.280,RGO
1894-10-13,549,5.908,-15.700,22.700,57.000,0.509,RGO
1894-10-13,549,5.908,-7.500,-16.800,47.000,0.368,RGO
1894-10-13,549,5.908,-17.800,56.500,20.000,0.861,RGO
1894-11-09,550,3.362,-11.600,32.500,376.000,0.571,RGO
1894-11-09,550,3.362,13.800,82.000,147.000,0.989,RGO
1894-11-09,550,3.362,-4.900,-7.700,125.000,0.189,RGO
1894-11-09,550,3.362,6.700,55.300,119.000,0.817,RGO
1894-11-09,550,3.362,-5.600,-63.600,73.000,0.903,RGO
1894-11-09,550,3.362,-21.300,-18.400,9.000,0.510,RGO
1894-11-09,550,3.362,13.000,46.600,8.000,0.724,RGO
1894-12-06,551,0.050,8.600,78.200,1043.000,0.979,RGO
1894-12-06,551,0.050,-18.300,9.600,304.000,0.344,RGO
1894-12-06,551,0.050,-4.400,-39.800,248.000,0.644,RGO
1894-12-06,551,0.050,-13.800,32.300,191.000,0.565,RGO
1894-12-06,551,0.050,8.700,10.300,186.000,0.223,RGO
1894-12-06,551,0.050,-18.900,-5.500,51.000,0.324,RGO
1894-12-06,551,0.050,1.700,-61.900,48.000,0.882,RGO
1894-12-06,551,0.050,27.200,84.000,34.000,0.994,RGO
1894-12-06,551,0.050,9.000,54.000,5.000,0.805,RGO
1895-01-02,552,-3.295,-17.200,-57.600,508.000,0.851,RGO
1895-01-02,552,-3.295,17.200,-21.300,275.000,0.496,RGO
1895-01-02,552,-3.295,13.100,-52.300,208.000,0.819,RGO
1895-01-02,552,-3.295,14.200,51.800,34.000,0.805,RGO
1895-01-02,552,-3.295,5.400,-33.200,13.000,0.572,RGO
1895-01-02,552,-3.295,-15.100,25.800,11.000,0.459,RGO
1895-01-02,552,-3.295,-7.800,-39.800,10.000,0.643,RGO
1895-01-02,552,-3.295,-9.900,-28.100,7.000,0.481,RGO
1895-01-30,553,-5.976,-10.300,58.600,939.000,0.844,RGO
1895-01-30,553,-5.976,13.900,-53.600,523.000,0.837,RGO
1895-01-30,553,-5.976,-18.400,-1.900,291.000,0.209,RGO
1895-01-30,553,-5.976,-18.400,-21.300,212.000,0.414,RGO
1895-01-30,553,-5.976,-12.700,27.100,95.000,0.460,RGO
1895-01-30,553,-5.976,-19.000,-52.600,50.000,0.799,RGO
1895-01-30,553,-5.976,12.200,-25.100,24.000,0.522,RGO
1895-01-30,553,-5.976,15.600,-33.200,6.000,0.638,RGO
1895-02-26,554,-7.194,13.700,-53.500,227.000,0.839,RGO
1895-02-26,554,-7.194,-9.400,50.900,223.000,0.764,RGO
1895-02-26,554,-7.194,-13.500,48.000,192.000,0.730,RGO
1895-02-26,554,-7.194,-6.300,-79.200,125.000,0.982,RGO
1895-02-26,554,-7.194,13.300,-27.400,84.000,0.561,RGO
1895-02-26,554,-7.194,9.500,-4.700,49.000,0.290,RGO
1895-02-26,554,-7.194,-18.800,-38.100,37.000,0.632,RGO
1895-02-26,554,-7.194,-23.700,-71.100,29.000,0.942,RGO
1895-02-26,554,-7.194,-22.700,-16.000,28.000,0.373,RGO
1895-02-26,554,-7.194,-4.300,27.600,24.000,0.459,RGO
1895-02-26,554,-7.194,-6.400,-56.500,14.000,0.832,RGO
1895-02-26,554,-7.194,-7.900,-35.600,6.000,0.580,RGO
1895-02-26,554,-7.194,12.400,-33.200,3.000,0.624,RGO
1895-03-25,555,-6.819,-9.700,58.400,732.000,0.846,RGO
1895-03-25,555,-6.819,-4.700,22.000,313.000,0.366,RGO
1895-03-25,555,-6.819,-13.900,78.300,29.000,0.971,RGO
1895-03-25,555,-6.819,12.200,-55.100,22.000,0.852,RGO
1895-03-25,555,-6.819,21.000,-49.300,13.000,0.830,RGO
1895-04-22,556,-4.909,24.100,-52.600,920.000,0.859,RGO
1895-04-22,556,-4.909,17.700,-33.800,487.000,0.645,RGO
1895-04-22,556,-4.909,11.300,70.800,339.000,0.947,RGO
1895-04-22,556,-4.909,-11.100,71.200,104.000,0.942,RGO
1895-04-22,556,-4.909,17.700,-64.400,84.000,0.927,RGO
1895-04-22,556,-4.909,-14.800,15.100,36.000,0.297,RGO
1895-04-22,556,-4.909,-15.700,3.400,6.000,0.196,RGO
1895-05-19,557,-2.061,22.400,-58.200,438.000,0.881,RGO
1895-05-19,557,-2.061,14.500,-1.300,282.000,0.277,RGO
1895-05-19,557,-2.061,3.000,-79.300,88.000,0.983,RGO
1895-05-19,557,-2.061,8.900,-16.100,56.000,0.328,RGO
1895-05-19,557,-2.061,-19.300,16.500,50.000,0.388,RGO
1895-05-19,557,-2.061,-12.900,-60.100,50.000,0.872,RGO
1895-05-19,557,-2.061,-31.000,-41.700,4.000,0.756,RGO
1895-06-15,558,1.170,10.600,-11.200,633.000,0.256,RGO
1895-06-15,558,1.170,-16.000,50.300,626.000,0.790,RGO
1895-06-15,558,1.170,-18.100,81.200,136.000,0.990,RGO
1895-06-15,558,1.170,16.900,-12.500,135.000,0.335,RGO
1895-06-15,558,1.170,21.200,-49.100,129.000,0.785,RGO
1895-06-15,558,1.170,23.000,-57.200,111.000,0.869,RGO
1895-06-15,558,1.170,-13.000,40.400,37.000,0.670,RGO
1895-06-15,558,1.170,-5.600,-4.000,21.000,0.131,RGO
1895-06-15,558,1.170,21.500,-64.400,15.000,0.916,RGO
1895-07-12,559,4.157,-8.000,47.400,920.000,0.743,RGO
1895-07-12,559,4.157,-5.900,-0.100,164.000,0.160,RGO
1895-07-12,559,4.157,12.600,-6.600,114.000,0.187,RGO
1895-07-12,559,4.157,25.000,-66.200,104.000,0.920,RGO
1895-07-12,559,4.157,18.200,-6.100,3.000,0.262,RGO
1895-08-09,560,6.387,10.300,33.800,1399.000,0.541,RGO
1895-08-09,560,6.387,15.600,-12.500,300.000,0.267,RGO
1895-08-09,560,6.387,-5.300,60.800,190.000,0.874,RGO
1895-08-09,560,6.387,-10.100,80.800,174.000,0.988,RGO
1895-08-09,560,6.387,-8.500,72.000,80.000,0.957,RGO
1895-08-09,560,6.387,-7.500,12.600,69.000,0.307,RGO
1895-08-09,560,6.387,-17.400,15.300,23.000,0.464,RGO
1895-08-09,560,6.387,16.800,13.400,5.000,0.273,RGO
1895-08-09,560,6.387,23.700,-18.600,5.000,0.422,RGO
1895-09-05,561,7.245,10.600,33.100,564.000,0.542,RGO
1895-09-05,561,7.245,11.700,-34.000,101.000,0.569,RGO
1895-09-05,561,7.245,-10.800,62.200,96.000,0.900,RGO
1895-09-05,561,7.245,18.200,-0.100,37.000,0.188,RGO
1895-10-02,562,6.608,-15.500,27.000,1722.000,0.564,RGO
1895-10-02,562,6.608,15.500,4.700,532.000,0.160,RGO
1895-10-02,562,6.608,16.100,-10.600,403.000,0.248,RGO
1895-10-02,562,6.608,11.300,29.100,367.000,0.483,RGO
1895-10-02,562,6.608,21.400,-51.900,333.000,0.792,RGO
1895-10-02,562,6.608,15.600,57.900,66.000,0.842,RGO
1895-10-02,562,6.608,-17.500,12.900,13.000,0.451,RGO
1895-10-30,563,4.454,18.400,8.700,362.000,0.276,RGO
1895-10-30,563,4.454,12.000,-59.500,325.000,0.867,RGO
1895-10-30,563,4.454,10.300,-23.800,277.000,0.420,RGO
1895-10-30,563,4.454,-16.700,37.000,254.000,0.663,RGO
1895-10-30,563,4.454,11.100,82.000,138.000,0.988,RGO
1895-10-30,563,4.454,8.000,41.900,97.000,0.663,RGO
1895-10-30,563,4.454,14.000,38.300,7.000,0.619,RGO
1895-11-26,564,1.355,-2.600,82.000,216.000,0.988,RGO
1895-11-26,564,1.355,11.800,-56.200,188.000,0.841,RGO
1895-11-26,564,1.355,-15.300,29.000,113.000,0.533,RGO
1895-11-26,564,1.355,18.700,7.500,28.000,0.311,RGO
1895-11-26,564,1.355,8.400,-20.400,19.000,0.372,RGO
1895-11-26,564,1.355,12.600,8.300,9.000,0.244,RGO
1895-12-23,565,-2.071,-12.800,-53.800,882.000,0.811,RGO
1895-12-23,565,-2.071,-10.300,-35.400,463.000,0.594,RGO
1895-12-23,565,-2.071,-13.600,36.600,221.000,0.607,RGO
1895-12-23,565,-2.071,16.200,20.800,171.000,0.454,RGO
1895-12-23,565,-2.071,-8.600,18.800,168.000,0.326,RGO
1895-12-23,565,-2.071,9.900,3.000,27.000,0.198,RGO
1896-01-19,566,-5.043,-10.100,-40.100,133.000,0.651,RGO
1896-01-19,566,-5.043,-13.300,-60.900,76.000,0.877,RGO
1896-02-16,567,-6.914,9.200,8.200,285.000,0.308,RGO
1896-02-16,567,-6.914,11.000,78.600,182.000,0.984,RGO
1896-03-14,568,-7.148,-11.900,59.800,45.000,0.853,RGO
1896-03-14,568,-7.148,-19.200,61.900,24.000,0.870,RGO
1896-04-10,569,-5.837,16.400,36.300,789.000,0.665,RGO
1896-04-10,569,-5.837,-17.700,64.700,126.000,0.894,RGO
1896-04-10,569,-5.837,-11.300,70.700,15.000,0.935,RGO
1896-05-07,570,-3.331,-21.700,-28.200,113.000,0.551,RGO
1896-05-07,570,-3.331,-4.100,-14.500,11.000,0.260,RGO
1896-06-04,571,-0.062,-10.200,79.700,374.000,0.983,RGO
1896-06-04,571,-0.062,-21.400,-27.000,367.000,0.564,RGO
1896-06-04,571,-0.062,-9.900,-53.400,149.000,0.812,RGO
1896-06-04,571,-0.062,-17.700,20.200,9.000,0.441,RGO
1896-07-01,572,3.089,-9.800,-2.600,95.000,0.219,RGO
1896-07-01,572,3.089,-14.500,-7.100,33.000,0.320,RGO
1896-07-01,572,3.089,14.100,-80.400,22.000,0.987,RGO
1896-07-01,572,3.089,13.900,-70.300,15.000,0.940,RGO
1896-07-01,572,3.089,-21.000,-31.200,14.000,0.630,RGO
1896-07-28,573,5.632,-8.300,-57.700,92.000,0.861,RGO
1896-07-28,573,5.632,-9.900,62.400,61.000,0.895,RGO
1896-08-25,574,7.089,2.800,36.800,261.000,0.599,RGO
1896-09-21,575,7.028,11.700,70.200,957.000,0.931,RGO
1896-09-21,575,7.028,-12.200,-55.500,807.000,0.851,RGO
1896-09-21,575,7.028,13.400,-20.300,50.000,0.359,RGO
1896-09-21,575,7.028,-11.300,-27.500,24.000,0.541,RGO
1896-10-18,576,5.482,-6.900,-54.700,245.000,0.829,RGO
1896-10-18,576,5.482,6.500,-71.900,239.000,0.948,RGO
1896-10-18,576,5.482,-7.000,-39.000,202.000,0.665,RGO
1896-10-18,576,5.482,-7.600,-67.000,84.000,0.933,RGO
1896-10-18,576,5.482,-11.400,-52.100,22.000,0.821,RGO
1896-11-14,577,2.729,-16.000,75.900,717.000,0.975,RGO
1896-11-14,577,2.729,9.800,80.400,247.000,0.986,RGO
1896-11-14,577,2.729,-6.700,41.600,243.000,0.666,RGO
1896-11-14,577,2.729,-7.100,-28.700,230.000,0.509,RGO
1896-11-14,577,2.729,-11.900,16.600,31.000,0.356,RGO
1896-11-14,577,2.729,-10.300,-13.600,10.000,0.323,RGO
1896-12-12,578,-0.780,-15.300,45.600,162.000,0.729,RGO
1896-12-12,578,-0.780,20.200,74.500,103.000,0.968,RGO
1896-12-12,578,-0.780,-18.600,-47.400,10.000,0.765,RGO
1897-01-08,579,-4.015,-6.600,-16.200,2743.000,0.283,RGO
1897-01-08,579,-4.015,-13.100,52.700,102.000,0.795,RGO
1897-02-04,580,-6.347,-5.000,-16.000,886.000,0.277,RGO
1897-02-04,580,-6.347,13.100,35.200,428.000,0.639,RGO
1897-02-04,580,-6.347,-2.200,23.300,369.000,0.395,RGO
1897-02-04,580,-6.347,5.300,56.900,238.000,0.847,RGO
1897-03-03,581,-7.247,12.100,37.600,380.000,0.669,RGO
1897-03-03,581,-7.247,-7.700,-20.700,285.000,0.364,RGO
1897-03-03,581,-7.247,-3.600,19.500,262.000,0.340,RGO
1897-03-03,581,-7.247,-0.800,27.300,182.000,0.460,RGO
1897-03-03,581,-7.247,2.500,-16.100,161.000,0.324,RGO
1897-03-03,581,-7.247,-14.800,-22.200,9.000,0.394,RGO
1897-03-03,581,-7.247,18.600,-13.000,2.000,0.483,RGO
1897-03-31,582,-6.501,4.400,-41.100,140.000,0.677,RGO
1897-03-31,582,-6.501,-12.600,-17.900,100.000,0.325,RGO
1897-03-31,582,-6.501,-2.000,44.800,58.000,0.703,RGO
1897-03-31,582,-6.501,-11.000,-74.700,39.000,0.964,RGO
1897-04-27,583,-4.391,3.700,59.600,22.000,0.870,RGO
1897-05-24,584,-1.415,2.100,3.700,46.000,0.075,RGO
1897-05-24,584,-1.415,-22.200,37.400,32.000,0.675,RGO
1897-06-21,585,1.932,-8.600,-79.100,169.000,0.984,RGO
1897-06-21,585,1.932,-11.900,-60.700,9.000,0.892,RGO
1897-06-21,585,1.932,-5.400,-56.300,2.000,0.837,RGO
1897-07-18,586,4.772,-9.400,-81.200,83.000,0.991,RGO
1897-07-18,586,4.772,-5.200,15.200,58.000,0.314,RGO
1897-08-14,587,6.675,-5.600,72.400,610.000,0.955,RGO
1897-08-14,587,6.675,-7.800,43.000,272.000,0.707,RGO
1897-08-14,587,6.675,-2.800,-55.500,15.000,0.829,RGO
1897-09-10,588,7.239,-9.900,37.900,702.000,0.664,RGO
1897-09-10,588,7.239,-7.300,22.300,170.000,0.443,RGO
1897-09-10,588,7.239,15.500,52.700,167.000,0.785,RGO
1897-09-10,588,7.239,-5.900,71.300,162.000,0.952,RGO
1897-10-08,589,6.234,9.200,74.500,101.000,0.958,RGO
1897-10-08,589,6.234,-2.100,26.200,7.000,0.459,RGO
1897-11-04,590,3.886,-11.000,-52.300,24.000,0.816,RGO
1897-12-01,591,0.660,7.500,-14.200,94.000,0.269,RGO
1897-12-01,591,0.660,-10.600,-41.000,12.000,0.675,RGO
1897-12-28,592,-2.737,14.500,-53.500,188.000,0.831,RGO
1898-01-25,593,-5.608,4.100,0.600,464.000,0.168,RGO
1898-01-25,593,-5.608,-8.800,71.400,62.000,0.942,RGO
1898-01-25,593,-5.608,9.100,38.700,23.000,0.650,RGO
1898-01-25,593,-5.608,2.400,-12.000,9.000,0.247,RGO
1898-02-21,594,-7.093,-1.000,0.700,158.000,0.106,RGO
1898-02-21,594,-7.093,5.000,1.300,136.000,0.210,RGO
1898-02-21,594,-7.093,-13.500,10.200,18.000,0.196,RGO
1898-03-20,595,-6.999,,,0.000,,RGO
1898-04-17,596,-5.326,,,0.000,,RGO
1898-05-14,597,-2.610,-6.000,26.000,216.000,0.439,RGO
1898-05-14,597,-2.610,-7.300,-65.300,28.000,0.913,RGO
1898-05-14,597,-2.610,-11.600,-69.700,6.000,0.940,RGO
1898-05-14,597,-2.610,8.400,0.600,5.000,0.190,RGO
1898-06-10,598,0.599,,,0.000,,RGO
1898-07-07,599,3.673,,,0.000,,RGO
1898-08-04,600,6.093,-12.500,-52.600,598.000,0.828,RGO
1898-08-04,600,6.093,10.800,-19.700,346.000,0.346,RGO
1898-08-04,600,6.093,-13.900,24.200,207.000,0.508,RGO
1898-08-04,600,6.093,14.200,-29.600,14.000,0.509,RGO
1898-08-31,601,7.199,11.600,-11.800,127.000,0.219,RGO
1898-08-31,601,7.199,13.500,-2.800,13.000,0.120,RGO
1898-09-27,602,6.830,11.800,-45.000,55.000,0.707,RGO
1898-09-27,602,6.830,4.600,-3.000,10.000,0.077,RGO
1898-10-25,603,4.913,15.100,-46.300,1099.000,0.730,RGO
1898-10-25,603,4.913,7.400,-75.300,18.000,0.967,RGO
1898-11-21,604,1.948,-13.500,1.400,88.000,0.258,RGO
1898-12-18,605,-1.476,,,0.000,,RGO
1899-01-14,606,-4.584,-15.100,38.800,229.000,0.627,RGO
1899-02-11,607,-6.706,-10.900,62.500,28.000,0.876,RGO
1899-03-10,608,-7.224,,,0.000,,RGO
1899-04-06,609,-6.169,-12.500,61.200,264.000,0.865,RGO
1899-05-03,610,-3.838,-12.400,59.400,113.000,0.860,RGO
1899-05-31,611,-0.638,-12.000,69.400,14.000,0.936,RGO
1899-06-27,612,2.560,5.700,-27.100,661.000,0.459,RGO
1899-07-24,613,5.251,,,0.000,,RGO
1899-08-21,614,6.944,,,0.000,,RGO
1899-09-17,615,7.150,,,0.000,,RGO
1899-10-14,616,5.855,,,0.000,,RGO
1899-11-10,617,3.281,,,0.000,,RGO
1899-12-08,618,-0.170,-11.400,-11.400,30.000,0.272,RGO
1900-01-04,619,-3.490,,,0.000,,RGO
1900-01-31,620,-6.028,3.900,-15.500,219.000,0.316,RGO
1900-02-27,621,-7.204,,,0.000,,RGO
1900-03-27,622,-6.743,-11.300,-66.000,204.000,0.908,RGO
1900-04-23,623,-4.844,3.700,-25.800,20.000,0.456,RGO
1900-05-20,624,-1.977,,,0.000,,RGO
1900-06-17,625,1.373,3.500,-21.300,261.000,0.364,RGO
1900-07-14,626,4.325,,,0.000,,RGO
1900-08-10,627,6.428,4.800,-34.100,14.000,0.559,RGO
1900-09-06,628,7.248,-5.400,-50.100,107.000,0.783,RGO
1900-09-06,628,7.248,8.200,4.600,36.000,0.081,RGO
1900-10-04,629,6.517,,,0.000,,RGO
1900-10-31,630,4.382,,,0.000,,RGO
1900-11-27,631,1.265,,,0.000,,RGO
1900-12-25,632,-2.282,,,0.000,,RGO
1901-01-21,633,-5.199,,,0.000,,RGO
1901-02-17,634,-6.942,,,0.000,,RGO
1901-03-16,635,-7.132,,,0.000,,RGO
1901-04-13,636,-5.708,,,0.000,,RGO
1901-05-10,637,-3.143,,,0.000,,RGO
1901-06-06,638,0.024,,,0.000,,RGO
1901-07-03,639,3.167,,,0.000,,RGO
1901-07-31,640,5.760,,,0.000,,RGO
1901-08-27,641,7.107,,,0.000,,RGO
1901-09-23,642,7.006,,,0.000,,RGO
1901-10-21,643,5.338,,,0.000,,RGO
1901-11-17,644,2.526,-20.600,-25.200,120.000,0.556,RGO
1901-12-14,645,-0.872,,,0.000,,RGO
1902-01-10,646,-4.092,-7.800,5.900,356.000,0.120,RGO
1902-01-10,646,-4.092,26.700,46.300,7.000,0.817,RGO
1902-02-07,647,-6.450,,,0.000,,RGO
1902-03-05,648,-7.249,25.100,-41.300,308.000,0.783,RGO
1902-03-05,648,-7.249,24.800,20.700,61.000,0.613,RGO
1902-03-05,648,-7.249,19.700,30.200,19.000,0.647,RGO
1902-04-02,649,-6.461,,,0.000,,RGO
1902-04-29,650,-4.321,,,0.000,,RGO
1902-05-27,651,-1.210,26.000,-28.700,161.000,0.626,RGO
1902-06-23,652,2.016,27.300,-59.400,13.000,0.887,RGO
1902-07-20,653,4.837,,,0.000,,RGO
1902-08-17,654,6.754,22.000,-54.600,19.000,0.823,RGO
1902-09-13,655,7.224,,,0.000,,RGO
1902-10-10,656,6.187,9.800,2.400,182.000,0.077,RGO
1902-11-06,657,3.809,,,0.000,,RGO
1902-12-04,658,0.441,,,0.000,,RGO
1902-12-31,659,-2.940,,,0.000,,RGO
1903-01-27,660,-5.666,,,0.000,,RGO
1903-02-23,661,-7.111,19.800,-75.200,129.000,0.980,RGO
1903-02-23,661,-7.111,-18.500,37.700,28.000,0.621,RGO
1903-03-23,662,-6.940,21.300,-50.000,258.000,0.835,RGO
1903-03-23,662,-6.940,19.900,-66.400,147.000,0.943,RGO
1903-04-19,663,-5.265,23.000,-51.100,30.000,0.842,RGO
1903-04-19,663,-5.265,-18.000,-55.600,25.000,0.826,RGO
1903-05-16,664,-2.528,-30.300,-77.800,50.000,0.979,RGO
1903-06-13,665,0.805,-31.500,-72.100,33.000,0.967,RGO
1903-06-13,665,0.805,-13.900,17.000,18.000,0.381,RGO
1903-07-10,666,3.850,-20.400,45.700,443.000,0.778,RGO
1903-07-10,666,3.850,-18.900,9.900,167.000,0.421,RGO
1903-07-10,666,3.850,18.300,-11.500,137.000,0.312,RGO
1903-08-06,667,6.139,-22.300,-80.700,101.000,0.994,RGO
1903-08-06,667,6.139,-22.700,-50.900,43.000,0.844,RGO
1903-09-02,668,7.209,,,0.000,,RGO
1903-09-30,669,6.755,-23.200,69.300,22.000,0.961,RGO
1903-10-27,670,4.846,-19.400,-61.000,679.000,0.904,RGO
1903-11-23,671,1.859,-15.700,21.800,10.000,0.466,RGO
1903-12-21,672,-1.692,14.700,34.800,140.000,0.618,RGO
1903-12-21,672,-1.692,22.100,-0.200,101.000,0.405,RGO
1903-12-21,672,-1.692,-17.200,9.600,35.000,0.310,RGO
1903-12-21,672,-1.692,-24.500,59.700,17.000,0.882,RGO
1904-01-17,673,-4.753,20.500,-28.300,338.000,0.610,RGO
1904-01-17,673,-4.753,21.900,-42.800,59.000,0.762,RGO
1904-01-17,673,-4.753,24.400,-9.500,5.000,0.509,RGO
1904-02-13,674,-6.741,12.600,39.200,295.000,0.689,RGO
1904-02-13,674,-6.741,18.300,55.000,62.000,0.864,RGO
1904-02-13,674,-6.741,-15.400,-54.400,13.000,0.808,RGO
1904-02-13,674,-6.741,20.600,-4.200,9.000,0.462,RGO
1904-03-11,675,-7.215,16.100,67.500,206.000,0.944,RGO
1904-03-11,675,-7.215,-16.700,-49.200,179.000,0.754,RGO
1904-03-11,675,-7.215,-20.500,19.700,35.000,0.395,RGO
1904-04-08,676,-6.054,-15.200,-74.700,564.000,0.960,RGO
1904-04-08,676,-6.054,17.700,29.300,126.000,0.607,RGO
1904-05-05,677,-3.658,-19.600,-1.200,140.000,0.276,RGO
1904-05-05,677,-3.658,19.000,-40.200,92.000,0.714,RGO
1904-05-05,677,-3.658,24.700,13.400,34.000,0.517,RGO
1904-06-01,678,-0.551,-21.900,8.300,126.000,0.390,RGO
1904-06-28,679,2.641,19.900,47.800,50.000,0.751,RGO
1904-06-28,679,2.641,-17.300,-50.300,8.000,0.814,RGO
1904-07-26,680,5.392,-18.300,67.900,401.000,0.945,RGO
1904-07-26,680,5.392,14.800,-51.400,118.000,0.781,RGO
1904-07-26,680,5.392,23.700,-26.700,58.000,0.523,RGO
1904-07-26,680,5.392,21.100,-17.400,7.000,0.391,RGO
1904-07-26,680,5.392,-19.200,13.400,2.000,0.468,RGO
1904-08-22,681,6.968,-16.700,-78.800,177.000,0.989,RGO
1904-08-22,681,6.968,13.400,-40.500,59.000,0.647,RGO
1904-09-18,682,7.135,18.900,-13.400,42.000,0.302,RGO
1904-09-18,682,7.135,-21.100,-18.700,38.000,0.554,RGO
1904-09-18,682,7.135,17.700,-5.500,7.000,0.206,RGO
1904-09-18,682,7.135,21.300,48.400,6.000,0.752,RGO
1904-10-16,683,5.725,13.400,31.000,259.000,0.523,RGO
1904-10-16,683,5.725,-16.500,65.000,229.000,0.927,RGO
1904-10-16,683,5.725,-22.300,-31.400,20.000,0.663,RGO
1904-10-16,683,5.725,-20.700,-5.700,18.000,0.452,RGO
1904-10-16,683,5.725,10.200,71.500,13.000,0.945,RGO
1904-10-16,683,5.725,-16.600,44.900,2.000,0.765,RGO
1904-11-12,684,3.085,-22.000,-56.800,259.000,0.873,RGO
1904-11-12,684,3.085,-15.900,62.300,54.000,0.902,RGO
1904-11-12,684,3.085,20.800,-15.300,12.000,0.394,RGO
1904-12-09,685,-0.262,17.200,-25.000,453.000,0.504,RGO
1904-12-09,685,-0.262,9.500,-9.000,329.000,0.231,RGO
1904-12-09,685,-0.262,14.200,-57.300,252.000,0.853,RGO
1904-12-09,685,-0.262,11.900,-71.100,252.000,0.949,RGO
1904-12-09,685,-0.262,20.900,-7.600,164.000,0.384,RGO
1904-12-09,685,-0.262,14.600,-81.200,92.000,0.989,RGO
1904-12-09,685,-0.262,13.600,-6.900,38.000,0.269,RGO
1904-12-09,685,-0.262,8.000,-28.500,20.000,0.494,RGO
1905-01-05,686,-3.571,-15.500,76.100,174.000,0.965,RGO
1905-01-05,686,-3.571,-19.000,-39.200,8.000,0.665,RGO
1905-02-02,687,-6.148,-15.200,-22.300,3339.000,0.413,RGO
1905-02-02,687,-6.148,12.300,-75.200,756.000,0.974,RGO
1905-02-02,687,-6.148,-15.400,69.500,19.000,0.927,RGO
1905-03-01,688,-7.226,-17.100,-29.000,1199.000,0.508,RGO
1905-03-01,688,-7.226,10.000,-80.800,767.000,0.993,RGO
1905-03-01,688,-7.226,6.700,40.800,181.000,0.674,RGO
1905-03-01,688,-7.226,-30.800,-38.200,12.000,0.679,RGO
1905-03-28,689,-6.709,-16.000,-37.000,550.000,0.619,RGO
1905-03-28,689,-6.709,30.500,27.300,73.000,0.707,RGO
1905-03-28,689,-6.709,-18.000,38.600,18.000,0.627,RGO
1905-04-24,690,-4.777,14.100,-21.300,422.000,0.474,RGO
1905-04-24,690,-4.777,17.200,-57.600,121.000,0.880,RGO
1905-04-24,690,-4.777,-17.800,10.400,92.000,0.267,RGO
1905-05-22,691,-1.776,-15.500,72.700,830.000,0.956,RGO
1905-05-22,691,-1.776,27.700,-14.100,5.000,0.528,RGO
1905-05-22,691,-1.776,13.500,-9.100,5.000,0.298,RGO
1905-06-18,692,1.458,-16.100,74.000,126.000,0.964,RGO
1905-06-18,692,1.458,-15.300,56.800,101.000,0.851,RGO
1905-06-18,692,1.458,-22.700,-25.600,80.000,0.574,RGO
1905-06-18,692,1.458,18.900,57.600,34.000,0.855,RGO
1905-06-18,692,1.458,5.100,-49.100,11.000,0.761,RGO
1905-06-18,692,1.458,-16.000,-56.500,4.000,0.853,RGO
1905-07-15,693,4.394,13.400,-15.000,1939.000,0.295,RGO
1905-07-15,693,4.394,-14.600,55.800,1156.000,0.843,RGO
1905-07-15,693,4.394,7.800,-82.600,196.000,0.992,RGO
1905-07-15,693,4.394,-11.400,-40.900,119.000,0.691,RGO
1905-07-15,693,4.394,-14.800,-60.900,91.000,0.894,RGO
1905-07-15,693,4.394,28.200,68.000,3.000,0.930,RGO
1905-08-12,694,6.522,12.200,-3.200,847.000,0.110,RGO
1905-08-12,694,6.522,-16.500,71.800,767.000,0.963,RGO
1905-08-12,694,6.522,14.800,-25.700,235.000,0.452,RGO
1905-08-12,694,6.522,-4.600,56.900,14.000,0.844,RGO
1905-08-12,694,6.522,8.600,-65.400,5.000,0.913,RGO
1905-09-08,695,7.250,-13.300,-79.200,308.000,0.989,RGO
1905-09-08,695,7.250,-18.700,69.100,219.000,0.952,RGO
1905-09-08,695,7.250,13.000,83.600,176.000,0.990,RGO
1905-09-08,695,7.250,7.000,53.900,133.000,0.799,RGO
1905-09-08,695,7.250,3.600,-67.400,102.000,0.923,RGO
1905-09-08,695,7.250,12.500,-26.700,58.000,0.462,RGO
1905-09-08,695,7.250,13.600,-1.000,19.000,0.103,RGO
1905-09-08,695,7.250,-8.300,46.700,15.000,0.771,RGO
1905-09-08,695,7.250,4.300,-32.200,14.000,0.537,RGO
1905-09-08,695,7.250,-12.600,61.300,10.000,0.892,RGO
1905-09-08,695,7.250,8.700,45.500,6.000,0.708,RGO
1905-10-05,696,6.477,6.300,47.000,1017.000,0.727,RGO
1905-10-05,696,6.477,21.800,20.200,393.000,0.410,RGO
1905-10-05,696,6.477,-8.700,-34.900,126.000,0.614,RGO
1905-10-05,696,6.477,8.600,-49.100,87.000,0.751,RGO
1905-10-05,696,6.477,-16.500,-2.400,27.000,0.384,RGO
1905-11-01,697,4.309,5.400,54.300,1226.000,0.801,RGO
1905-11-01,697,4.309,13.100,-38.000,594.000,0.631,RGO
1905-11-01,697,4.309,-18.000,79.000,68.000,0.986,RGO
1905-11-01,697,4.309,13.400,38.000,11.000,0.615,RGO
1905-11-01,697,4.309,6.800,38.800,7.000,0.620,RGO
1905-11-29,698,1.048,-13.400,-21.100,946.000,0.430,RGO
1905-11-29,698,1.048,-13.200,-34.800,430.000,0.614,RGO
1905-11-29,698,1.048,-14.900,-8.200,397.000,0.294,RGO
1905-11-29,698,1.048,3.900,65.400,258.000,0.903,RGO
1905-11-29,698,1.048,5.100,54.400,108.000,0.805,RGO
1905-11-29,698,1.048,-16.100,12.900,64.000,0.357,RGO
1905-11-29,698,1.048,-16.700,50.700,61.000,0.795,RGO
1905-11-29,698,1.048,10.700,-14.600,36.000,0.307,RGO
1905-12-26,699,-2.369,-7.400,-75.600,406.000,0.969,RGO
1905-12-26,699,-2.369,16.400,59.400,317.000,0.876,RGO
1905-12-26,699,-2.369,-13.300,-45.400,248.000,0.728,RGO
1905-12-26,699,-2.369,18.600,51.300,226.000,0.811,RGO
1905-12-26,699,-2.369,23.400,71.200,100.000,0.959,RGO
1905-12-26,699,-2.369,7.900,59.000,8.000,0.863,RGO
1906-01-22,700,-5.263,-11.300,-31.100,406.000,0.519,RGO
1906-01-22,700,-5.263,12.600,-38.700,149.000,0.676,RGO
1906-01-22,700,-5.263,-7.400,-76.200,84.000,0.973,RGO
1906-01-22,700,-5.263,-10.400,-56.800,22.000,0.836,RGO
1906-01-22,700,-5.263,4.700,-46.200,18.000,0.743,RGO
1906-02-18,701,-6.967,13.300,-62.700,190.000,0.910,RGO
1906-02-18,701,-6.967,16.500,-71.100,186.000,0.964,RGO
1906-02-18,701,-6.967,-10.400,-29.600,162.000,0.494,RGO
1906-02-18,701,-6.967,-6.500,-46.900,17.000,0.713,RGO
1906-03-18,702,-7.090,12.800,-80.200,305.000,0.991,RGO
1906-03-18,702,-7.090,-8.200,-64.500,244.000,0.905,RGO
1906-03-18,702,-7.090,5.200,79.300,153.000,0.983,RGO
1906-03-18,702,-7.090,16.800,-45.200,132.000,0.772,RGO
1906-03-18,702,-7.090,22.200,56.000,42.000,0.881,RGO
1906-03-18,702,-7.090,-8.900,-31.400,6.000,0.517,RGO
1906-04-14,703,-5.653,15.700,-81.700,448.000,0.994,RGO
1906-04-14,703,-5.653,24.300,43.000,282.000,0.774,RGO
1906-04-14,703,-5.653,10.700,5.100,60.000,0.279,RGO
1906-04-14,703,-5.653,-19.100,24.100,16.000,0.444,RGO
1906-05-11,704,-3.064,-20.800,0.800,329.000,0.293,RGO
1906-05-11,704,-3.064,6.700,10.800,146.000,0.240,RGO
1906-05-11,704,-3.064,14.200,-59.000,12.000,0.877,RGO
1906-05-11,704,-3.064,13.900,-9.500,4.000,0.326,RGO
1906-06-08,705,0.232,13.900,-42.800,199.000,0.698,RGO
1906-06-08,705,0.232,21.300,14.700,102.000,0.420,RGO
1906-06-08,705,0.232,14.700,46.700,53.000,0.739,RGO
1906-06-08,705,0.232,-17.100,19.000,45.000,0.422,RGO
1906-06-08,705,0.232,-26.600,10.100,33.000,0.467,RGO
1906-07-05,706,3.352,21.100,15.000,720.000,0.385,RGO
1906-07-05,706,3.352,21.300,-9.100,407.000,0.336,RGO
1906-07-05,706,3.352,-9.500,51.100,391.000,0.790,RGO
1906-07-05,706,3.352,17.900,4.100,211.000,0.242,RGO
1906-07-05,706,3.352,5.400,78.500,208.000,0.977,RGO
1906-07-05,706,3.352,11.400,3.700,202.000,0.139,RGO
1906-07-05,706,3.352,11.200,54.100,128.000,0.807,RGO
1906-07-05,706,3.352,10.500,17.700,60.000,0.307,RGO
1906-07-05,706,3.352,5.900,-72.000,60.000,0.951,RGO
1906-07-05,706,3.352,21.400,82.900,39.000,0.990,RGO
1906-07-05,706,3.352,4.600,8.300,21.000,0.136,RGO
1906-07-05,706,3.352,18.700,-61.500,18.000,0.887,RGO
1906-07-05,706,3.352,14.100,-45.500,13.000,0.728,RGO
1906-08-01,707,5.813,-14.700,30.500,1442.000,0.583,RGO
1906-08-01,707,5.813,22.000,7.400,451.000,0.299,RGO
1906-08-28,708,7.124,-4.500,25.500,491.000,0.465,RGO
1906-08-28,708,7.124,22.900,-3.000,242.000,0.262,RGO
1906-08-28,708,7.124,-17.400,26.100,214.000,0.572,RGO
1906-08-28,708,7.124,-9.300,18.200,163.000,0.402,RGO
1906-08-28,708,7.124,-12.300,-31.300,30.000,0.599,RGO
1906-08-28,708,7.124,-10.000,10.300,6.000,0.335,RGO
1906-09-25,709,6.948,-15.600,24.900,89.000,0.538,RGO
1906-09-25,709,6.948,-9.600,-14.600,17.000,0.368,RGO
1906-09-25,709,6.948,6.900,-0.200,15.000,0.020,RGO
1906-09-25,709,6.948,6.600,-64.500,11.000,0.901,RGO
1906-10-22,710,5.276,14.100,-29.600,23.000,0.518,RGO
1906-11-18,711,2.440,-10.200,58.600,297.000,0.860,RGO
1906-11-18,711,2.440,-24.100,-71.700,196.000,0.963,RGO
1906-11-18,711,2.440,6.700,30.900,9.000,0.506,RGO
1906-11-18,711,2.440,9.200,1.800,9.000,0.117,RGO
1906-12-16,712,-1.091,-15.700,-30.600,730.000,0.548,RGO
1906-12-16,712,-1.091,13.100,-22.700,338.000,0.460,RGO
1906-12-16,712,-1.091,12.100,-7.600,232.000,0.262,RGO
1906-12-16,712,-1.091,14.000,-30.900,166.000,0.571,RGO
1906-12-16,712,-1.091,2.100,38.900,101.000,0.623,RGO
1906-12-16,712,-1.091,9.900,73.400,16.000,0.960,RGO
1906-12-16,712,-1.091,-9.100,-61.500,8.000,0.869,RGO
1907-01-12,713,-4.273,-14.600,-32.500,574.000,0.552,RGO
1907-01-12,713,-4.273,-21.300,-35.100,182.000,0.620,RGO
1907-01-12,713,-4.273,-17.600,-42.600,137.000,0.701,RGO
1907-01-12,713,-4.273,-13.400,-26.000,107.000,0.463,RGO
1907-01-12,713,-4.273,10.400,38.100,79.000,0.643,RGO
1907-01-12,713,-4.273,14.900,-27.300,37.000,0.542,RGO
1907-01-12,713,-4.273,11.800,-4.800,24.000,0.280,RGO
1907-01-12,713,-4.273,2.300,53.800,17.000,0.807,RGO
1907-02-08,714,-6.492,-17.700,-53.600,793.000,0.802,RGO
1907-02-08,714,-6.492,-13.400,-22.500,691.000,0.394,RGO
1907-02-08,714,-6.492,-14.300,14.700,656.000,0.276,RGO
1907-02-08,714,-6.492,-4.700,-37.400,174.000,0.609,RGO
1907-02-08,714,-6.492,10.700,77.100,90.000,0.978,RGO
1907-02-08,714,-6.492,-18.000,-31.900,88.000,0.556,RGO
1907-02-08,714,-6.492,14.300,-43.000,40.000,0.742,RGO
1907-02-08,714,-6.492,-6.600,-10.300,28.000,0.183,RGO
1907-02-08,714,-6.492,12.700,52.400,21.000,0.822,RGO
1907-03-07,715,-7.249,-17.300,-53.700,718.000,0.804,RGO
1907-03-07,715,-7.249,-14.200,-24.800,374.000,0.430,RGO
1907-03-07,715,-7.249,12.700,-7.200,183.000,0.356,RGO
1907-03-07,715,-7.249,9.200,21.500,123.000,0.447,RGO
1907-03-07,715,-7.249,-18.200,-47.400,111.000,0.742,RGO
1907-03-07,715,-7.249,-16.100,-19.100,86.000,0.365,RGO
1907-03-07,715,-7.249,-13.500,-53.600,75.000,0.802,RGO
1907-03-07,715,-7.249,-5.800,10.500,42.000,0.177,RGO
1907-03-07,715,-7.249,-9.100,43.500,36.000,0.677,RGO
1907-03-07,715,-7.249,9.100,46.600,14.000,0.763,RGO
1907-03-07,715,-7.249,-15.900,57.800,10.000,0.832,RGO
1907-04-04,716,-6.360,11.000,-34.400,997.000,0.624,RGO
1907-04-04,716,-6.360,15.600,-11.900,194.000,0.419,RGO
1907-04-04,716,-6.360,-17.400,-53.100,121.000,0.804,RGO
1907-04-04,716,-6.360,11.900,-2.100,94.000,0.301,RGO
1907-04-04,716,-6.360,-11.200,-34.000,60.000,0.568,RGO
1907-04-04,716,-6.360,-18.400,61.800,15.000,0.873,RGO
1907-05-01,717,-4.150,-6.000,62.600,14.000,0.881,RGO
1907-05-01,717,-4.150,-21.500,10.900,2.000,0.334,RGO
1907-05-28,718,-1.124,-6.800,44.200,38.000,0.688,RGO
1907-05-28,718,-1.124,12.000,-40.800,27.000,0.687,RGO
1907-06-24,719,2.099,-15.100,59.200,1555.000,0.875,RGO
1907-07-22,720,4.990,-5.900,66.100,517.000,0.916,RGO
1907-07-22,720,4.990,-18.600,71.000,350.000,0.958,RGO
1907-07-22,720,4.990,-7.600,-48.200,288.000,0.762,RGO
1907-07-22,720,4.990,-19.700,41.500,63.000,0.728,RGO
1907-07-22,720,4.990,-2.900,-54.600,4.000,0.826,RGO
1907-08-18,721,6.786,-23.800,-20.400,659.000,0.590,RGO
1907-08-18,721,6.786,-8.100,-43.300,135.000,0.723,RGO
1907-08-18,721,6.786,15.800,33.300,88.000,0.550,RGO
1907-08-18,721,6.786,-19.000,61.500,79.000,0.909,RGO
1907-08-18,721,6.786,-14.100,66.300,25.000,0.932,RGO
1907-08-18,721,6.786,-11.400,63.800,9.000,0.908,RGO
1907-09-14,722,7.216,-5.600,28.100,632.000,0.500,RGO
1907-09-14,722,7.216,6.500,-49.500,531.000,0.757,RGO
1907-09-14,722,7.216,-23.900,-30.900,253.000,0.684,RGO
1907-09-14,722,7.216,-7.500,39.600,171.000,0.668,RGO
1907-09-14,722,7.216,26.100,85.300,99.000,0.990,RGO
1907-09-14,722,7.216,16.600,32.200,6.000,0.530,RGO
1907-09-14,722,7.216,9.300,8.200,6.000,0.133,RGO
1907-10-12,723,6.072,-5.800,-34.100,425.000,0.587,RGO
1907-10-12,723,6.072,-22.100,3.600,346.000,0.471,RGO
1907-10-12,723,6.072,7.500,-37.700,225.000,0.616,RGO
1907-10-12,723,6.072,-22.500,12.700,173.000,0.510,RGO
1907-10-12,723,6.072,-22.900,-5.800,167.000,0.480,RGO
1907-10-12,723,6.072,-6.100,-39.400,54.000,0.669,RGO
1907-10-12,723,6.072,-20.900,-35.600,33.000,0.697,RGO
1907-10-12,723,6.072,-9.600,60.900,9.000,0.886,RGO
1907-11-08,724,3.622,-14.500,-16.400,177.000,0.416,RGO
1907-11-08,724,3.622,10.300,83.200,72.000,0.991,RGO
1907-11-08,724,3.622,9.100,-18.100,48.000,0.325,RGO
1907-11-08,724,3.622,-6.900,-36.800,38.000,0.622,RGO
1907-11-08,724,3.622,-20.500,-3.100,35.000,0.404,RGO
1907-12-05,725,0.349,-13.000,-14.500,227.000,0.340,RGO
1907-12-05,725,0.349,12.600,-78.700,200.000,0.982,RGO
1907-12-05,725,0.349,-7.800,-32.400,18.000,0.554,RGO
1908-01-01,726,-3.024,-6.100,-63.000,303.000,0.891,RGO
1908-01-01,726,-3.024,21.200,-1.000,33.000,0.410,RGO
1908-01-01,726,-3.024,18.700,9.700,21.000,0.402,RGO
1908-01-01,726,-3.024,9.000,7.200,12.000,0.242,RGO
1908-01-01,726,-3.024,-7.700,50.900,7.000,0.776,RGO
1908-01-01,726,-3.024,10.000,-6.900,4.000,0.254,RGO
1908-01-29,727,-5.801,23.100,-67.500,174.000,0.955,RGO
1908-02-25,728,-7.151,-15.000,-16.100,124.000,0.316,RGO
1908-02-25,728,-7.151,-4.700,22.400,77.000,0.377,RGO
1908-03-23,729,-6.913,-8.500,21.600,74.000,0.358,RGO
1908-03-23,729,-6.913,-4.400,30.500,62.000,0.501,RGO
1908-03-23,729,-6.913,10.600,45.300,16.000,0.743,RGO
1908-03-23,729,-6.913,7.800,7.000,7.000,0.262,RGO
1908-04-19,730,-5.204,-6.600,55.100,236.000,0.808,RGO
1908-04-19,730,-5.204,-8.500,-69.000,152.000,0.936,RGO
1908-04-19,730,-5.204,-3.400,-56.700,68.000,0.836,RGO
1908-04-19,730,-5.204,10.300,56.900,19.000,0.848,RGO
1908-04-19,730,-5.204,-15.000,3.800,15.000,0.179,RGO
1908-05-17,731,-2.331,11.100,-21.100,255.000,0.431,RGO
1908-05-17,731,-2.331,9.200,-31.000,10.000,0.555,RGO
1908-05-17,731,-2.331,-12.600,43.000,7.000,0.680,RGO
1908-06-13,732,0.891,10.300,-29.100,92.000,0.511,RGO
1908-06-13,732,0.891,10.100,59.000,27.000,0.856,RGO
1908-06-13,732,0.891,6.300,-40.200,10.000,0.653,RGO
1908-07-10,733,3.923,10.600,-5.800,40.000,0.156,RGO
1908-07-10,733,3.923,-21.400,3.900,9.000,0.426,RGO
1908-08-07,734,6.248,-15.400,35.600,1593.000,0.654,RGO
1908-08-07,734,6.248,11.800,10.000,653.000,0.178,RGO
1908-08-07,734,6.248,-6.800,-2.900,461.000,0.223,RGO
1908-08-07,734,6.248,7.600,35.500,365.000,0.573,RGO
1908-09-03,735,7.228,6.800,39.800,1646.000,0.637,RGO
1908-09-03,735,7.228,-14.100,33.100,477.000,0.627,RGO
1908-09-03,735,7.228,-5.800,-78.000,471.000,0.982,RGO
1908-09-03,735,7.228,-6.500,-2.300,309.000,0.235,RGO
1908-09-03,735,7.228,13.300,3.200,187.000,0.112,RGO
1908-09-30,736,6.722,-5.700,-77.100,362.000,0.979,RGO
1908-09-30,736,6.722,9.500,52.000,347.000,0.776,RGO
1908-09-30,736,6.722,11.000,-83.300,346.000,0.991,RGO
1908-09-30,736,6.722,-12.100,-42.300,186.000,0.723,RGO
1908-09-30,736,6.722,7.300,61.100,117.000,0.865,RGO
1908-09-30,736,6.722,-15.400,-31.300,45.000,0.617,RGO
1908-09-30,736,6.722,-6.500,1.700,11.000,0.221,RGO
1908-10-27,737,4.778,-16.900,-17.700,32.000,0.458,RGO
1908-10-27,737,4.778,-5.500,35.800,25.000,0.595,RGO
1908-10-27,737,4.778,7.200,-72.000,22.000,0.953,RGO
1908-11-24,738,1.646,11.000,67.400,382.000,0.919,RGO
1908-11-24,738,1.646,14.300,-78.100,78.000,0.979,RGO
1908-11-24,738,1.646,3.900,81.300,21.000,0.986,RGO
1908-11-24,738,1.646,-2.100,-41.600,13.000,0.676,RGO
1908-11-24,738,1.646,7.100,-58.700,4.000,0.861,RGO
1908-12-21,739,-1.781,5.300,28.100,194.000,0.470,RGO
1908-12-21,739,-1.781,-16.900,3.500,51.000,0.251,RGO
1908-12-21,739,-1.781,-16.000,-52.300,6.000,0.808,RGO
1908-12-21,739,-1.781,-11.100,37.300,4.000,0.616,RGO
1909-01-17,740,-4.823,6.700,-61.800,355.000,0.894,RGO
1909-01-17,740,-4.823,-13.300,-43.500,293.000,0.690,RGO
1909-01-17,740,-4.823,-3.300,-32.700,222.000,0.552,RGO
1909-01-17,740,-4.823,10.200,64.800,220.000,0.913,RGO
1909-02-14,741,-6.819,-11.300,-27.600,431.000,0.470,RGO
1909-02-14,741,-6.819,10.000,-57.000,135.000,0.860,RGO
1909-02-14,741,-6.819,-2.700,-23.600,60.000,0.415,RGO
1909-02-14,741,-6.819,-16.800,54.300,23.000,0.804,RGO
1909-02-14,741,-6.819,-10.500,-46.200,11.000,0.727,RGO
1909-02-14,741,-6.819,-5.900,43.100,4.000,0.678,RGO
1909-03-13,742,-7.191,-9.300,-18.200,149.000,0.317,RGO
1909-03-13,742,-7.191,-18.000,64.000,71.000,0.887,RGO
1909-04-09,743,-6.005,-10.600,81.000,472.000,0.985,RGO
1909-04-09,743,-6.005,9.900,75.300,31.000,0.971,RGO
1909-05-06,744,-3.582,9.300,-60.600,229.000,0.883,RGO
1909-05-06,744,-3.582,-13.100,62.300,107.000,0.883,RGO
1909-06-03,745,-0.344,,,0.000,,RGO
1909-06-30,746,2.833,-1.000,-12.000,147.000,0.228,RGO
1909-06-30,746,2.833,5.500,69.500,10.000,0.935,RGO
1909-07-27,747,5.450,6.800,39.900,572.000,0.631,RGO
1909-07-27,747,5.450,6.600,75.400,253.000,0.965,RGO
1909-07-27,747,5.450,3.300,78.400,244.000,0.978,RGO
1909-07-27,747,5.450,15.400,-22.200,227.000,0.411,RGO
1909-07-27,747,5.450,9.300,41.300,5.000,0.657,RGO
1909-08-23,748,6.992,7.600,42.300,15.000,0.666,RGO
1909-08-23,748,6.992,-15.400,16.900,15.000,0.457,RGO
1909-09-20,749,7.094,-5.000,-49.100,434.000,0.773,RGO
1909-09-20,749,7.094,7.800,71.700,26.000,0.943,RGO
1909-09-20,749,7.094,-17.000,-31.500,19.000,0.643,RGO
1909-10-17,750,5.669,9.700,62.100,287.000,0.877,RGO
1909-10-17,750,5.669,-14.400,52.900,223.000,0.828,RGO
1909-10-17,750,5.669,-6.000,-41.000,115.000,0.679,RGO
1909-10-17,750,5.669,-7.800,-46.100,61.000,0.741,RGO
1909-10-17,750,5.669,-4.000,-33.900,37.000,0.580,RGO
1909-11-13,751,3.002,-5.200,-53.300,148.000,0.808,RGO
1909-11-13,751,3.002,-8.000,-57.600,110.000,0.860,RGO
1909-11-13,751,3.002,16.600,-27.500,77.000,0.512,RGO
1909-12-11,752,-0.482,-12.900,77.700,66.000,0.975,RGO
1910-01-07,753,-3.762,4.400,63.900,172.000,0.901,RGO
1910-01-07,753,-3.762,4.900,-60.400,8.000,0.896,RGO
1910-01-07,753,-3.762,-16.000,21.100,5.000,0.405,RGO
1910-02-03,754,-6.196,-16.200,79.900,189.000,0.978,RGO
1910-02-03,754,-6.196,-12.900,84.600,148.000,0.992,RGO
1910-02-03,754,-6.196,7.000,64.700,18.000,0.909,RGO
1910-03-02,755,-7.233,17.800,-5.200,175.000,0.419,RGO
1910-03-02,755,-7.233,-15.800,25.800,30.000,0.446,RGO
1910-03-30,756,-6.625,15.700,10.500,108.000,0.404,RGO
1910-04-26,757,-4.616,-7.500,1.200,9.000,0.055,RGO
1910-05-23,758,-1.691,-9.600,51.900,395.000,0.785,RGO
1910-05-23,758,-1.691,-11.600,75.300,29.000,0.964,RGO
1910-05-23,758,-1.691,-11.100,-16.800,9.000,0.331,RGO
1910-05-23,758,-1.691,9.000,-5.600,7.000,0.215,RGO
1910-06-19,759,1.543,,,0.000,,RGO
1910-07-17,760,4.557,-5.500,-14.100,69.000,0.306,RGO
1910-07-17,760,4.557,16.900,10.000,9.000,0.260,RGO
1910-08-13,761,6.559,-15.400,51.900,331.000,0.824,RGO
1910-09-09,762,7.249,-15.800,51.500,155.000,0.818,RGO
1910-09-09,762,7.249,-12.000,-29.300,45.000,0.572,RGO
1910-09-09,762,7.249,-13.400,-35.800,8.000,0.660,RGO
1910-10-07,763,6.378,-12.500,59.900,489.000,0.884,RGO
1910-10-07,763,6.378,1.800,-66.600,26.000,0.923,RGO
1910-10-07,763,6.378,-12.700,73.300,16.000,0.964,RGO
1910-11-03,764,4.132,-5.500,49.200,18.000,0.761,RGO
1910-11-03,764,4.132,9.100,44.100,13.000,0.692,RGO
1910-11-30,765,0.957,,,0.000,,RGO
1910-12-27,766,-2.456,,,0.000,,RGO
1911-01-24,767,-5.413,,,0.000,,RGO
1911-02-20,768,-7.025,-11.400,61.700,33.000,0.881,RGO
1911-02-20,768,-7.025,1.400,10.600,7.000,0.235,RGO
1911-03-19,769,-7.070,,,0.000,,RGO
1911-04-15,770,-5.597,-8.800,81.600,175.000,0.988,RGO
1911-05-13,771,-2.873,,,0.000,,RGO
1911-06-09,772,0.318,,,0.000,,RGO
1911-07-06,773,3.429,,,0.000,,RGO
1911-08-03,774,5.935,,,0.000,,RGO
1911-08-30,775,7.160,,,0.000,,RGO
1911-09-26,776,6.922,,,0.000,,RGO
1911-10-23,777,5.214,,,0.000,,RGO
1911-11-20,778,2.232,,,0.000,,RGO
1911-12-17,779,-1.182,,,0.000,,RGO
1912-01-13,780,-4.347,,,0.000,,RGO
1912-02-10,781,-6.587,,,0.000,,RGO
1912-03-08,782,-7.243,-12.400,-63.700,292.000,0.891,RGO
1912-04-04,783,-6.317,,,0.000,,RGO
1912-05-01,784,-4.077,-11.200,-61.400,56.000,0.878,RGO
1912-05-01,784,-4.077,-8.200,-54.800,6.000,0.817,RGO
1912-05-29,785,-0.918,-8.400,-30.300,43.000,0.517,RGO
1912-06-25,786,2.296,-5.800,32.500,146.000,0.552,RGO
1912-06-25,786,2.296,-15.100,-21.300,10.000,0.460,RGO
1912-07-22,787,5.053,,,0.000,,RGO
1912-08-18,788,6.816,,,0.000,,RGO
1912-09-15,789,7.192,-8.100,2.200,106.000,0.266,RGO
1912-10-12,790,6.023,,,0.000,,RGO
1912-11-08,791,3.542,,,0.000,,RGO
1912-12-06,792,0.129,,,0.000,,RGO
1913-01-02,793,-3.224,26.500,59.500,138.000,0.905,RGO
1913-01-29,794,-5.856,,,0.000,,RGO
1913-02-25,795,-7.165,31.300,22.700,47.000,0.698,RGO
1913-02-25,795,-7.165,30.900,16.100,3.000,0.658,RGO
1913-03-25,796,-6.845,,,0.000,,RGO
1913-04-21,797,-5.054,,,0.000,,RGO
1913-05-18,798,-2.248,,,0.000,,RGO
1913-06-14,799,0.977,,,0.000,,RGO
1913-07-12,800,4.096,28.600,1.200,53.000,0.443,RGO
1913-08-08,801,6.292,,,0.000,,RGO
1913-09-04,802,7.235,,,0.000,,RGO
1913-10-02,803,6.639,,,0.000,,RGO
1913-10-29,804,4.613,18.600,-13.700,61.000,0.333,RGO
1913-11-25,805,1.557,-27.500,70.400,97.000,0.959,RGO
1913-12-22,806,-1.871,,,0.000,,RGO
1914-01-19,807,-4.986,,,0.000,,RGO
1914-02-15,808,-6.849,,,0.000,,RGO
1914-03-14,809,-7.179,13.600,-35.100,8.000,0.654,RGO
1914-04-10,810,-5.954,28.500,63.800,431.000,0.940,RGO
1914-05-08,811,-3.397,,,0.000,,RGO
1914-06-04,812,-0.257,,,0.000,,RGO
1914-07-01,813,2.912,-20.400,38.200,44.000,0.697,RGO
1914-07-29,814,5.585,-23.900,24.200,14.000,0.575,RGO
1914-08-25,815,7.045,19.500,74.100,681.000,0.956,RGO
1914-09-21,816,7.075,16.900,68.400,432.000,0.924,RGO
1914-09-21,816,7.075,-28.800,44.800,14.000,0.833,RGO
1914-10-18,817,5.613,,,0.000,,RGO
1914-11-15,818,2.802,21.900,86.400,128.000,0.997,RGO
1914-11-15,818,2.802,-16.900,-25.100,20.000,0.525,RGO
1914-12-12,819,-0.574,-23.000,-16.200,282.000,0.460,RGO
1914-12-12,819,-0.574,19.300,31.100,55.000,0.597,RGO
1914-12-12,819,-0.574,-24.700,29.000,30.000,0.601,RGO
1914-12-12,819,-0.574,-15.300,52.100,12.000,0.803,RGO
1914-12-12,819,-0.574,23.300,-30.500,2.000,0.617,RGO
1915-01-08,820,-3.841,15.400,25.300,593.000,0.522,RGO
1915-02-05,821,-6.308,-19.900,-84.400,232.000,0.994,RGO
1915-02-05,821,-6.308,-20.500,-11.500,124.000,0.301,RGO
1915-02-05,821,-6.308,18.300,-10.500,91.000,0.446,RGO
1915-02-05,821,-6.308,-23.600,-28.200,72.000,0.537,RGO
1915-02-05,821,-6.308,-19.200,-24.000,33.000,0.446,RGO
1915-02-05,821,-6.308,-22.900,-13.100,16.000,0.350,RGO
1915-02-05,821,-6.308,-14.000,-50.900,12.000,0.772,RGO
1915-03-04,822,-7.244,-18.500,-2.900,258.000,0.199,RGO
1915-03-04,822,-7.244,-23.000,-27.700,178.000,0.508,RGO
1915-03-04,822,-7.244,-22.400,11.500,92.000,0.317,RGO
1915-03-04,822,-7.244,22.100,-71.300,73.000,0.968,RGO
1915-03-04,822,-7.244,-19.000,39.700,25.000,0.649,RGO
1915-03-04,822,-7.244,-23.700,-6.600,6.000,0.301,RGO
1915-03-04,822,-7.244,-22.400,5.300,4.000,0.284,RGO
1915-03-31,823,-6.588,20.500,-58.900,1077.000,0.895,RGO
1915-03-31,823,-6.588,16.300,-69.200,261.000,0.954,RGO
1915-03-31,823,-6.588,16.400,-75.900,89.000,0.980,RGO
1915-03-31,823,-6.588,25.000,38.600,75.000,0.760,RGO
1915-03-31,823,-6.588,-17.500,-27.700,36.000,0.492,RGO
1915-03-31,823,-6.588,-29.200,39.400,4.000,0.688,RGO
1915-04-27,824,-4.548,19.000,-65.200,485.000,0.930,RGO
1915-04-27,824,-4.548,-21.000,-63.400,209.000,0.895,RGO
1915-04-27,824,-4.548,-27.600,72.900,86.000,0.954,RGO
1915-04-27,824,-4.548,16.300,-70.700,55.000,0.954,RGO
1915-04-27,824,-4.548,-21.400,66.800,16.000,0.917,RGO
1915-04-27,824,-4.548,20.500,-55.200,2.000,0.862,RGO
1915-05-25,825,-1.488,21.600,-40.200,609.000,0.713,RGO
1915-05-25,825,-1.488,20.300,-63.100,122.000,0.910,RGO
1915-05-25,825,-1.488,18.300,-30.100,30.000,0.581,RGO
1915-05-25,825,-1.488,20.900,-22.900,19.000,0.522,RGO
1915-05-25,825,-1.488,19.400,-15.500,17.000,0.431,RGO
1915-05-25,825,-1.488,-23.400,-48.200,6.000,0.783,RGO
1915-05-25,825,-1.488,-29.500,35.000,5.000,0.688,RGO
1915-05-25,825,-1.488,24.900,-62.100,4.000,0.910,RGO
1915-06-21,826,1.745,18.300,3.700,1301.000,0.284,RGO
1915-06-21,826,1.745,-22.800,-56.100,562.000,0.862,RGO
1915-06-21,826,1.745,-24.800,34.000,373.000,0.676,RGO
1915-06-21,826,1.745,-17.800,28.200,170.000,0.566,RGO
1915-06-21,826,1.745,1.900,37.900,157.000,0.609,RGO
1915-06-21,826,1.745,21.800,-51.000,147.000,0.804,RGO
1915-06-21,826,1.745,-18.400,55.600,25.000,0.853,RGO
1915-06-21,826,1.745,-18.900,15.700,18.000,0.431,RGO
1915-06-21,826,1.745,-11.300,-16.100,3.000,0.353,RGO
1915-07-18,827,4.624,18.100,13.300,180.000,0.317,RGO
1915-07-18,827,4.624,18.800,-6.600,122.000,0.267,RGO
1915-07-18,827,4.624,16.200,-44.300,93.000,0.701,RGO
1915-07-18,827,4.624,-24.900,27.000,26.000,0.636,RGO
1915-07-18,827,4.624,-24.000,3.000,12.000,0.477,RGO
1915-07-18,827,4.624,20.800,-12.200,9.000,0.334,RGO
1915-07-18,827,4.624,19.000,4.100,2.000,0.250,RGO
1915-08-14,828,6.596,18.200,6.500,104.000,0.233,RGO
1915-08-14,828,6.596,-17.400,59.100,32.000,0.895,RGO
1915-08-14,828,6.596,-20.300,-23.300,30.000,0.581,RGO
1915-08-14,828,6.596,-26.400,24.200,18.000,0.649,RGO
1915-08-14,828,6.596,-29.300,-22.400,8.000,0.663,RGO
1915-09-11,829,7.243,-22.000,27.500,251.000,0.636,RGO
1915-09-11,829,7.243,-17.900,61.200,77.000,0.910,RGO
1915-09-11,829,7.243,9.700,-60.300,30.000,0.862,RGO
1915-10-08,830,6.335,9.400,-69.500,416.000,0.930,RGO
1915-10-08,830,6.335,21.700,-10.500,112.000,0.317,RGO
1915-10-08,830,6.335,7.700,-52.800,15.000,0.793,RGO
1915-10-08,830,6.335,11.500,8.800,5.000,0.182,RGO
1915-10-08,830,6.335,11.500,-49.000,5.000,0.749,RGO
1915-11-04,831,4.057,-20.400,26.900,206.000,0.581,RGO
1915-11-04,831,4.057,28.700,77.600,101.000,0.976,RGO
1915-11-04,831,4.057,19.500,69.100,98.000,0.937,RGO
1915-11-04,831,4.057,-43.900,1.200,5.000,0.742,RGO
1915-11-04,831,4.057,15.000,25.000,4.000,0.479,RGO
1915-11-04,831,4.057,18.200,-20.900,3.000,0.415,RGO
1915-11-04,831,4.057,-46.800,-4.300,3.000,0.749,RGO
1915-11-04,831,4.057,20.800,-13.900,2.000,0.368,RGO
1915-12-02,832,0.739,20.900,-78.600,53.000,0.983,RGO
1915-12-02,832,0.739,-26.000,35.800,30.000,0.688,RGO
1915-12-02,832,0.739,-20.200,37.300,26.000,0.676,RGO
1915-12-02,832,0.739,36.600,-10.900,12.000,0.609,RGO
1915-12-02,832,0.739,-21.700,57.600,6.000,0.870,RGO
1915-12-02,832,0.739,6.800,6.400,6.000,0.154,RGO
1915-12-02,832,0.739,27.700,-14.300,1.000,0.504,RGO
1915-12-29,833,-2.663,-17.800,-48.800,260.000,0.772,RGO
1915-12-29,833,-2.663,-19.600,36.400,96.000,0.636,RGO
1915-12-29,833,-2.663,-28.300,24.700,42.000,0.566,RGO
1915-12-29,833,-2.663,12.300,-68.300,19.000,0.937,RGO
1915-12-29,833,-2.663,13.000,-75.600,11.000,0.972,RGO
1915-12-29,833,-2.663,39.200,-32.100,5.000,0.796,RGO
1916-01-25,834,-5.474,14.700,-17.800,159.000,0.453,RGO
1916-01-25,834,-5.474,20.200,-32.800,143.000,0.661,RGO
1916-01-25,834,-5.474,32.400,-60.900,39.000,0.935,RGO
1916-01-25,834,-5.474,17.000,-55.500,8.000,0.861,RGO
1916-01-25,834,-5.474,-24.800,29.900,2.000,0.570,RGO
1916-02-21,835,-7.047,-18.900,30.300,258.000,0.527,RGO
1916-02-21,835,-7.047,-21.700,74.800,37.000,0.959,RGO
1916-02-21,835,-7.047,11.300,69.000,20.000,0.947,RGO
1916-02-21,835,-7.047,-20.100,-55.200,19.000,0.821,RGO
1916-02-21,835,-7.047,-17.500,-59.500,10.000,0.858,RGO
1916-02-21,835,-7.047,-19.800,20.100,2.000,0.396,RGO
1916-03-20,836,-7.019,12.600,-76.200,187.000,0.980,RGO
1916-03-20,836,-7.019,-19.500,-31.200,86.000,0.543,RGO
1916-03-20,836,-7.019,34.300,75.900,42.000,0.992,RGO
1916-03-20,836,-7.019,-18.600,26.800,32.000,0.480,RGO
1916-03-20,836,-7.019,18.300,-6.400,6.000,0.442,RGO
1916-03-20,836,-7.019,-22.700,46.000,4.000,0.732,RGO
1916-03-20,836,-7.019,-32.700,-35.200,2.000,0.666,RGO
1916-04-16,837,-5.459,-20.000,8.500,114.000,0.290,RGO
1916-04-16,837,-5.459,-18.600,31.000,97.000,0.546,RGO
1916-04-16,837,-5.459,2.400,62.100,22.000,0.889,RGO
1916-04-16,837,-5.459,17.500,-25.600,7.000,0.564,RGO
1916-05-13,838,-2.792,-19.000,-49.600,96.000,0.781,RGO
1916-05-13,838,-2.792,25.300,-75.400,33.000,0.979,RGO
1916-05-13,838,-2.792,-19.000,15.600,20.000,0.381,RGO
1916-05-13,838,-2.792,-14.700,57.300,13.000,0.847,RGO
1916-05-13,838,-2.792,-24.700,5.300,11.000,0.383,RGO
1916-05-13,838,-2.792,-22.700,-60.900,6.000,0.886,RGO
1916-06-09,839,0.405,6.600,-68.000,395.000,0.929,RGO
1916-06-09,839,0.405,-18.000,35.800,26.000,0.642,RGO
1916-06-09,839,0.405,-24.800,-64.200,8.000,0.922,RGO
1916-07-07,840,3.610,13.600,-73.700,278.000,0.959,RGO
1916-07-07,840,3.610,6.900,-49.000,69.000,0.756,RGO
1916-07-07,840,3.610,-31.300,-23.000,60.000,0.662,RGO
1916-07-07,840,3.610,-21.300,39.100,50.000,0.718,RGO
1916-07-07,840,3.610,-13.600,-50.400,21.000,0.800,RGO
1916-07-07,840,3.610,-15.700,64.900,9.000,0.923,RGO
1916-08-03,841,5.984,12.700,-81.200,128.000,0.986,RGO
1916-08-03,841,5.984,22.400,-29.800,20.000,0.548,RGO
1916-08-03,841,5.984,-23.800,-34.000,15.000,0.705,RGO
1916-08-03,841,5.984,17.900,-7.500,8.000,0.243,RGO
1916-08-30,842,7.173,-17.900,-5.300,45.000,0.434,RGO
1916-09-27,843,6.855,-22.000,-15.500,22.000,0.541,RGO
1916-09-27,843,6.855,-21.500,-23.500,16.000,0.597,RGO
1916-09-27,843,6.855,22.500,-34.100,12.000,0.596,RGO
1916-09-27,843,6.855,6.400,7.400,2.000,0.129,RGO
1916-10-24,844,5.061,9.400,-62.500,30.000,0.885,RGO
1916-10-24,844,5.061,-22.400,-40.900,23.000,0.751,RGO
1916-10-24,844,5.061,-14.600,-64.200,6.000,0.919,RGO
1916-11-20,845,2.145,14.000,60.000,144.000,0.872,RGO
1916-11-20,845,2.145,-7.100,-68.500,17.000,0.935,RGO
1916-12-17,846,-1.273,-17.700,-49.800,131.000,0.785,RGO
1916-12-17,846,-1.273,-22.900,17.100,37.000,0.460,RGO
1916-12-17,846,-1.273,-16.400,-76.500,25.000,0.976,RGO
1916-12-17,846,-1.273,14.500,-70.800,13.000,0.951,RGO
1916-12-17,846,-1.273,15.600,55.100,11.000,0.840,RGO
1917-01-14,847,-4.522,22.200,79.000,489.000,0.990,RGO
1917-01-14,847,-4.522,14.800,20.500,180.000,0.472,RGO
1917-01-14,847,-4.522,18.800,-10.400,172.000,0.433,RGO
1917-01-14,847,-4.522,-20.000,-65.900,109.000,0.914,RGO
1917-01-14,847,-4.522,11.800,15.000,39.000,0.379,RGO
1917-01-14,847,-4.522,-16.000,21.900,23.000,0.414,RGO
1917-01-14,847,-4.522,27.700,-51.400,18.000,0.860,RGO
1917-01-14,847,-4.522,-22.200,79.000,10.000,0.980,RGO
1917-01-14,847,-4.522,16.500,7.900,5.000,0.383,RGO
1917-02-10,848,-6.625,-15.800,14.700,3020.000,0.295,RGO
1917-02-10,848,-6.625,15.400,37.700,179.000,0.690,RGO
1917-02-10,848,-6.625,11.000,24.700,52.000,0.507,RGO
1917-02-10,848,-6.625,6.100,7.700,46.000,0.259,RGO
1917-02-10,848,-6.625,21.600,-35.600,16.000,0.709,RGO
1917-02-10,848,-6.625,20.300,-10.900,10.000,0.487,RGO
1917-02-10,848,-6.625,-14.000,-2.400,9.000,0.134,RGO
1917-02-10,848,-6.625,-23.300,-0.400,4.000,0.287,RGO
1917-02-10,848,-6.625,-10.500,8.100,2.000,0.155,RGO
1917-02-10,848,-6.625,12.900,-16.700,1.000,0.436,RGO
1917-03-09,849,-7.238,19.900,-26.600,567.000,0.613,RGO
1917-03-09,849,-7.238,-16.000,9.100,397.000,0.220,RGO
1917-03-09,849,-7.238,11.800,49.000,256.000,0.793,RGO
1917-03-09,849,-7.238,23.800,64.700,177.000,0.943,RGO
1917-03-09,849,-7.238,-15.100,22.100,51.000,0.394,RGO
1917-03-09,849,-7.238,-11.200,-34.700,4.000,0.568,RGO
1917-03-09,849,-7.238,-9.100,24.100,2.000,0.407,RGO
1917-04-06,850,-6.209,14.000,20.700,10.000,0.484,RGO
1917-04-06,850,-6.209,4.900,-25.800,8.000,0.472,RGO
1917-04-06,850,-6.209,-19.600,28.900,7.000,0.519,RGO
1917-04-06,850,-6.209,-20.800,12.800,6.000,0.330,RGO
1917-04-06,850,-6.209,-9.300,43.200,1.000,0.683,RGO
1917-05-03,851,-3.901,-19.900,25.100,492.000,0.491,RGO
1917-05-03,851,-3.901,-17.000,-26.100,170.000,0.483,RGO
1917-05-03,851,-3.901,-22.800,28.100,134.000,0.548,RGO
1917-05-03,851,-3.901,-19.600,-38.600,64.000,0.655,RGO
1917-05-03,851,-3.901,-17.400,63.000,43.000,0.894,RGO
1917-05-03,851,-3.901,24.400,75.200,25.000,0.980,RGO
1917-05-03,851,-3.901,-23.300,-14.700,21.000,0.410,RGO
1917-05-03,851,-3.901,-21.600,10.700,17.000,0.352,RGO
1917-05-03,851,-3.901,18.200,10.800,14.000,0.417,RGO
1917-05-03,851,-3.901,19.500,-64.900,11.000,0.928,RGO
1917-05-03,851,-3.901,12.100,-35.600,1.000,0.629,RGO
1917-05-30,852,-0.832,-24.400,19.300,508.000,0.504,RGO
1917-05-30,852,-0.832,-15.000,-19.600,476.000,0.408,RGO
1917-05-30,852,-0.832,-16.700,-39.300,430.000,0.668,RGO
1917-05-30,852,-0.832,-5.400,1.000,394.000,0.083,RGO
1917-05-30,852,-0.832,15.800,11.100,158.000,0.342,RGO
1917-05-30,852,-0.832,-5.200,-19.900,127.000,0.349,RGO
1917-05-30,852,-0.832,5.100,17.900,37.000,0.324,RGO
1917-05-30,852,-0.832,-21.700,72.800,25.000,0.961,RGO
1917-05-30,852,-0.832,11.400,-17.100,6.000,0.358,RGO
1917-06-26,853,2.378,17.400,-37.200,443.000,0.638,RGO
1917-06-26,853,2.378,10.500,1.400,404.000,0.144,RGO
1917-06-26,853,2.378,13.500,43.400,380.000,0.700,RGO
1917-06-26,853,2.378,-24.200,18.000,233.000,0.529,RGO
1917-06-26,853,2.378,-8.200,16.800,174.000,0.340,RGO
1917-06-26,853,2.378,10.100,-45.600,50.000,0.721,RGO
1917-06-26,853,2.378,-21.600,-37.400,44.000,0.694,RGO
1917-06-26,853,2.378,5.000,-7.900,13.000,0.145,RGO
1917-06-26,853,2.378,-22.800,5.300,4.000,0.437,RGO
1917-06-26,853,2.378,-24.500,28.300,4.000,0.625,RGO
1917-06-26,853,2.378,-8.900,-4.400,2.000,0.211,RGO
1917-07-24,854,5.200,-14.900,-44.600,348.000,0.754,RGO
1917-07-24,854,5.200,15.000,-65.400,319.000,0.907,RGO
1917-07-24,854,5.200,9.900,-31.200,274.000,0.521,RGO
1917-07-24,854,5.200,14.700,50.800,196.000,0.777,RGO
1917-07-24,854,5.200,13.300,22.500,126.000,0.402,RGO
1917-07-24,854,5.200,-22.700,19.400,69.000,0.557,RGO
1917-08-20,855,6.885,-22.900,19.900,802.000,0.585,RGO
1917-08-20,855,6.885,8.200,21.700,537.000,0.369,RGO
1917-08-20,855,6.885,12.900,-40.500,449.000,0.649,RGO
1917-08-20,855,6.885,-17.000,77.100,178.000,0.985,RGO
1917-08-20,855,6.885,-15.300,63.900,125.000,0.923,RGO
1917-08-20,855,6.885,17.700,42.000,74.000,0.676,RGO
1917-08-20,855,6.885,-24.400,36.700,67.000,0.740,RGO
1917-08-20,855,6.885,-10.400,15.200,65.000,0.393,RGO
1917-08-20,855,6.885,13.500,-67.100,12.000,0.916,RGO
1917-08-20,855,6.885,15.900,16.600,2.000,0.320,RGO
1917-09-16,856,7.180,13.800,-86.100,862.000,0.996,RGO
1917-09-16,856,7.180,24.900,-27.200,502.000,0.524,RGO
1917-09-16,856,7.180,-13.300,-43.800,346.000,0.747,RGO
1917-09-16,856,7.180,7.700,21.200,76.000,0.361,RGO
1917-09-16,856,7.180,9.700,42.400,50.000,0.671,RGO
1917-09-16,856,7.180,-13.100,-78.800,19.000,0.988,RGO
1917-09-16,856,7.180,9.100,28.400,15.000,0.475,RGO
1917-09-16,856,7.180,-14.700,-54.600,13.000,0.854,RGO
1917-09-16,856,7.180,27.700,31.300,11.000,0.590,RGO
1917-10-13,857,5.972,-13.300,-72.100,464.000,0.963,RGO
1917-10-13,857,5.972,11.700,-45.700,85.000,0.716,RGO
1917-10-13,857,5.972,20.000,84.000,50.000,0.992,RGO
1917-10-13,857,5.972,9.700,45.600,37.000,0.713,RGO
1917-10-13,857,5.972,5.000,41.000,28.000,0.656,RGO
1917-10-13,857,5.972,-18.600,-50.100,10.000,0.823,RGO
1917-10-13,857,5.972,-10.100,-3.200,8.000,0.282,RGO
1917-10-13,857,5.972,-18.900,61.600,6.000,0.912,RGO
1917-10-13,857,5.972,13.600,-52.200,5.000,0.790,RGO
1917-11-10,858,3.351,6.700,65.200,410.000,0.908,RGO
1917-11-10,858,3.351,-14.300,36.400,322.000,0.647,RGO
1917-11-10,858,3.351,12.700,-75.700,296.000,0.968,RGO
1917-11-10,858,3.351,-9.300,-64.000,181.000,0.908,RGO
1917-11-10,858,3.351,14.800,-33.900,155.000,0.581,RGO
1917-11-10,858,3.351,9.500,47.700,97.000,0.743,RGO
1917-11-10,858,3.351,-20.600,-57.500,39.000,0.878,RGO
1917-12-07,859,0.037,7.500,-49.700,331.000,0.770,RGO
1917-12-07,859,0.037,6.900,50.000,119.000,0.772,RGO
1917-12-07,859,0.037,8.800,-77.300,92.000,0.977,RGO
1917-12-07,859,0.037,-20.700,57.000,30.000,0.862,RGO
1917-12-07,859,0.037,-15.700,41.500,25.000,0.695,RGO
1917-12-07,859,0.037,20.800,62.600,15.000,0.904,RGO
1917-12-07,859,0.037,-6.700,42.100,13.000,0.678,RGO
1917-12-07,859,0.037,11.700,65.300,6.000,0.914,RGO
1918-01-03,860,-3.306,6.600,-53.700,619.000,0.816,RGO
1918-01-03,860,-3.306,-7.700,54.400,443.000,0.814,RGO
1918-01-03,860,-3.306,10.000,13.500,241.000,0.326,RGO
1918-01-03,860,-3.306,7.400,50.000,169.000,0.780,RGO
1918-01-03,860,-3.306,-19.700,-11.600,30.000,0.342,RGO
1918-01-31,861,-5.984,8.100,-41.900,260.000,0.698,RGO
1918-01-31,861,-5.984,-18.800,42.100,152.000,0.683,RGO
1918-01-31,861,-5.984,13.200,74.200,147.000,0.972,RGO
1918-01-31,861,-5.984,-31.400,-53.200,138.000,0.828,RGO
1918-01-31,861,-5.984,-18.600,59.000,112.000,0.857,RGO
1918-01-31,861,-5.984,-9.900,20.100,80.000,0.348,RGO
1918-01-31,861,-5.984,-9.100,69.800,17.000,0.936,RGO
1918-01-31,861,-5.984,13.000,52.100,11.000,0.823,RGO
1918-01-31,861,-5.984,10.100,29.800,8.000,0.557,RGO
1918-02-27,862,-7.195,8.000,-3.200,291.000,0.270,RGO
1918-02-27,862,-7.195,6.900,-48.900,137.000,0.777,RGO
1918-02-27,862,-7.195,-13.300,-65.000,94.000,0.901,RGO
1918-02-27,862,-7.195,-20.400,45.100,51.000,0.716,RGO
1918-02-27,862,-7.195,15.000,15.800,8.000,0.458,RGO
1918-02-27,862,-7.195,13.800,49.700,7.000,0.807,RGO
1918-03-26,863,-6.815,-14.900,-20.800,439.000,0.375,RGO
1918-03-26,863,-6.815,-4.700,-38.500,264.000,0.623,RGO
1918-03-26,863,-6.815,-17.700,11.400,216.000,0.270,RGO
1918-03-26,863,-6.815,-18.600,1.400,90.000,0.208,RGO
1918-03-26,863,-6.815,7.000,-53.300,44.000,0.821,RGO
1918-03-26,863,-6.815,-23.200,-15.400,15.000,0.378,RGO
1918-03-26,863,-6.815,-18.200,-64.500,9.000,0.899,RGO
1918-04-22,864,-4.990,-11.000,20.100,224.000,0.356,RGO
1918-04-22,864,-4.990,-22.100,-74.600,209.000,0.962,RGO
1918-04-22,864,-4.990,-5.600,-38.600,131.000,0.624,RGO
1918-04-22,864,-4.990,-21.500,42.000,41.000,0.695,RGO
1918-05-20,865,-2.049,-9.500,-77.300,189.000,0.976,RGO
1918-05-20,865,-2.049,-22.000,40.500,62.000,0.699,RGO
1918-05-20,865,-2.049,10.800,-0.100,36.000,0.222,RGO
1918-05-20,865,-2.049,12.100,-7.700,9.000,0.278,RGO
1918-05-20,865,-2.049,12.600,21.500,2.000,0.438,RGO
1918-06-16,866,1.182,18.600,-35.900,35.000,0.636,RGO
1918-06-16,866,1.182,-12.000,-77.800,15.000,0.980,RGO
1918-07-13,867,4.167,-14.800,56.100,231.000,0.857,RGO
1918-07-13,867,4.167,-11.900,28.700,136.000,0.544,RGO
1918-07-13,867,4.167,11.600,84.800,134.000,0.995,RGO
1918-07-13,867,4.167,4.200,-57.300,47.000,0.842,RGO
1918-07-13,867,4.167,15.800,53.600,37.000,0.810,RGO
1918-07-13,867,4.167,-17.800,73.200,18.000,0.969,RGO
1918-07-13,867,4.167,-10.500,-23.300,17.000,0.463,RGO
1918-07-13,867,4.167,-13.300,-61.500,16.000,0.897,RGO
1918-07-13,867,4.167,-8.500,-7.200,7.000,0.254,RGO
1918-07-13,867,4.167,-18.900,22.900,6.000,0.536,RGO
1918-07-13,867,4.167,-19.900,9.900,3.000,0.441,RGO
1918-07-13,867,4.167,11.800,-6.300,2.000,0.171,RGO
1918-08-09,868,6.335,-20.400,23.800,398.000,0.583,RGO
1918-08-09,868,6.335,16.800,-69.400,131.000,0.932,RGO
1918-08-09,868,6.335,10.200,81.400,76.000,0.987,RGO
1918-08-09,868,6.335,-22.100,9.500,71.000,0.500,RGO
1918-08-09,868,6.335,14.300,-31.000,62.000,0.524,RGO
1918-08-09,868,6.335,-11.000,-70.000,40.000,0.951,RGO
1918-08-09,868,6.335,-6.000,43.000,21.000,0.705,RGO
1918-08-09,868,6.335,-9.900,-4.600,18.000,0.292,RGO
1918-08-09,868,6.335,18.500,-79.100,16.000,0.978,RGO
1918-09-06,869,7.245,11.600,-79.500,130.000,0.980,RGO
1918-09-06,869,7.245,-14.400,-52.300,106.000,0.833,RGO
1918-09-06,869,7.245,-21.300,-17.300,48.000,0.549,RGO
1918-09-06,869,7.245,13.100,-59.400,32.000,0.856,RGO
1918-09-06,869,7.245,-18.000,22.300,23.000,0.552,RGO
1918-10-03,870,6.603,-11.000,45.900,1028.000,0.756,RGO
1918-10-03,870,6.603,6.000,70.400,210.000,0.941,RGO
1918-10-03,870,6.603,-18.700,-29.700,93.000,0.628,RGO
1918-10-03,870,6.603,-13.600,-43.000,33.000,0.736,RGO
1918-10-03,870,6.603,8.800,80.600,11.000,0.985,RGO
1918-10-03,870,6.603,17.200,-14.600,9.000,0.307,RGO
1918-10-03,870,6.603,11.000,2.200,4.000,0.087,RGO
1918-10-30,871,4.543,-17.700,72.900,274.000,0.968,RGO
1918-10-30,871,4.543,22.700,7.200,234.000,0.335,RGO
1918-10-30,871,4.543,8.000,-57.500,214.000,0.843,RGO
1918-10-30,871,4.543,-12.800,-15.600,151.000,0.396,RGO
1918-10-30,871,4.543,0.700,-52.700,108.000,0.798,RGO
1918-10-30,871,4.543,-18.000,13.900,104.000,0.446,RGO
1918-10-30,871,4.543,-7.900,50.900,3.000,0.793,RGO
1918-11-27,872,1.342,-9.500,6.100,826.000,0.215,RGO
1918-11-27,872,1.342,-18.900,-47.900,199.000,0.781,RGO
1918-11-27,872,1.342,-16.800,78.300,96.000,0.983,RGO
1918-11-27,872,1.342,-17.400,-8.000,31.000,0.347,RGO
1918-11-27,872,1.342,8.800,29.300,9.000,0.503,RGO
1918-12-24,873,-2.083,-7.500,7.800,769.000,0.166,RGO
1918-12-24,873,-2.083,-8.900,40.400,706.000,0.657,RGO
1918-12-24,873,-2.083,-20.900,11.300,175.000,0.373,RGO
1918-12-24,873,-2.083,-15.600,-27.000,151.000,0.500,RGO
1918-12-24,873,-2.083,-21.300,29.000,104.000,0.564,RGO
1918-12-24,873,-2.083,11.300,10.200,34.000,0.289,RGO
1918-12-24,873,-2.083,-22.500,-17.600,3.000,0.450,RGO
1919-01-20,874,-5.052,-7.600,43.400,99.000,0.687,RGO
1919-01-20,874,-5.052,13.000,23.100,38.000,0.491,RGO
1919-01-20,874,-5.052,7.000,-70.100,29.000,0.947,RGO
1919-01-20,874,-5.052,18.400,-6.400,14.000,0.414,RGO
1919-01-20,874,-5.052,-16.500,73.900,12.000,0.958,RGO
1919-02-16,875,-6.879,9.600,27.300,1179.000,0.528,RGO
1919-02-16,875,-6.879,-5.400,-61.000,157.000,0.874,RGO
1919-02-16,875,-6.879,8.800,-77.500,114.000,0.982,RGO
1919-02-16,875,-6.879,12.200,55.600,65.000,0.855,RGO
1919-02-16,875,-6.879,24.900,-32.700,11.000,0.709,RGO
1919-02-16,875,-6.879,3.600,63.500,7.000,0.902,RGO
1919-02-16,875,-6.879,16.200,-15.600,5.000,0.467,RGO
1919-03-16,876,-7.145,8.100,45.700,592.000,0.746,RGO
1919-03-16,876,-7.145,-18.200,-4.300,357.000,0.207,RGO
1919-03-16,876,-7.145,16.700,1.400,339.000,0.406,RGO
1919-03-16,876,-7.145,-6.300,-51.000,81.000,0.776,RGO
1919-04-12,877,-5.830,14.700,30.300,374.000,0.594,RGO
1919-04-12,877,-5.830,-11.500,23.500,23.000,0.407,RGO
1919-04-12,877,-5.830,-7.000,-9.600,4.000,0.179,RGO
1919-05-09,878,-3.320,6.600,3.300,756.000,0.182,RGO
1919-05-09,878,-3.320,-16.800,-37.700,254.000,0.637,RGO
1919-05-09,878,-3.320,-9.800,-45.900,199.000,0.722,RGO
1919-05-09,878,-3.320,-16.800,83.100,196.000,0.992,RGO
1919-05-09,878,-3.320,6.700,85.200,184.000,0.997,RGO
1919-05-09,878,-3.320,13.100,-2.000,174.000,0.286,RGO
1919-05-09,878,-3.320,-6.100,19.000,154.000,0.330,RGO
1919-06-05,879,-0.170,24.000,-0.100,438.000,0.410,RGO
1919-06-05,879,-0.170,-6.900,72.200,385.000,0.954,RGO
1919-06-05,879,-0.170,7.200,48.200,370.000,0.753,RGO
1919-06-05,879,-0.170,7.300,8.500,231.000,0.196,RGO
1919-06-05,879,-0.170,-7.700,-20.900,103.000,0.378,RGO
1919-06-05,879,-0.170,16.200,5.300,20.000,0.297,RGO
1919-06-05,879,-0.170,-18.900,-15.300,14.000,0.410,RGO
1919-06-05,879,-0.170,13.300,10.600,9.000,0.294,RGO
1919-06-05,879,-0.170,-12.800,-32.000,8.000,0.564,RGO
1919-06-05,879,-0.170,-21.200,34.000,8.000,0.636,RGO
1919-06-05,879,-0.170,-8.800,-6.500,8.000,0.188,RGO
1919-06-05,879,-0.170,12.700,51.300,7.000,0.795,RGO
1919-06-05,879,-0.170,14.200,58.100,4.000,0.861,RGO
1919-07-03,880,3.101,-15.000,47.800,297.000,0.776,RGO
1919-07-03,880,3.101,9.600,-72.400,144.000,0.953,RGO
1919-07-03,880,3.101,5.000,68.300,139.000,0.930,RGO
1919-07-03,880,3.101,-7.400,-27.100,89.000,0.487,RGO
1919-07-03,880,3.101,-9.300,79.000,79.000,0.985,RGO
1919-07-03,880,3.101,-8.200,23.900,53.000,0.446,RGO
1919-07-03,880,3.101,9.100,-59.900,22.000,0.866,RGO
1919-07-03,880,3.101,-4.400,78.900,16.000,0.983,RGO
1919-07-03,880,3.101,5.800,52.000,6.000,0.789,RGO
1919-07-03,880,3.101,9.800,20.800,5.000,0.372,RGO
1919-07-30,881,5.640,-11.900,47.100,163.000,0.768,RGO
1919-07-30,881,5.640,-15.600,-78.800,88.000,0.988,RGO
1919-07-30,881,5.640,7.400,-54.000,58.000,0.808,RGO
1919-07-30,881,5.640,-5.900,-30.100,15.000,0.535,RGO
1919-07-30,881,5.640,-14.700,38.200,14.000,0.685,RGO
1919-07-30,881,5.640,-17.700,-38.800,3.000,0.707,RGO
1919-08-26,882,7.065,-6.900,-2.500,432.000,0.246,RGO
1919-08-26,882,7.065,-8.500,66.300,72.000,0.928,RGO
1919-08-26,882,7.065,-15.900,-7.100,71.000,0.409,RGO
1919-08-26,882,7.065,-5.800,-24.200,8.000,0.462,RGO
1919-08-26,882,7.065,-11.600,54.300,6.000,0.842,RGO
1919-08-26,882,7.065,6.100,-50.900,5.000,0.774,RGO
1919-09-23,883,7.025,11.000,-39.100,484.000,0.629,RGO
1919-09-23,883,7.025,-12.400,-76.300,265.000,0.980,RGO
1919-09-23,883,7.025,-14.900,-64.300,111.000,0.925,RGO
1919-09-23,883,7.025,-5.500,0.800,96.000,0.217,RGO
1919-09-23,883,7.025,-14.800,-10.300,94.000,0.409,RGO
1919-10-20,884,5.473,-10.700,-77.000,170.000,0.980,RGO
1919-10-20,884,5.473,-15.800,19.400,32.000,0.479,RGO
1919-11-16,885,2.717,4.700,-24.500,25.000,0.417,RGO
1919-11-16,885,2.717,20.700,-55.600,5.000,0.841,RGO
1919-12-13,886,-0.666,4.400,-22.400,297.000,0.392,RGO
1919-12-13,886,-0.666,4.700,-14.800,59.000,0.272,RGO
1919-12-13,886,-0.666,-12.200,43.300,29.000,0.703,RGO
1919-12-13,886,-0.666,30.200,-9.900,24.000,0.536,RGO
1919-12-13,886,-0.666,-19.200,-65.700,16.000,0.921,RGO
1919-12-13,886,-0.666,11.000,-16.500,7.000,0.345,RGO
1919-12-13,886,-0.666,8.800,-2.100,6.000,0.170,RGO
1920-01-10,887,-4.026,-14.700,-61.200,158.000,0.878,RGO
1920-01-10,887,-4.026,13.400,-51.300,143.000,0.809,RGO
1920-01-10,887,-4.026,11.000,-59.300,92.000,0.876,RGO
1920-01-10,887,-4.026,12.100,-67.700,27.000,0.936,RGO
1920-01-10,887,-4.026,-15.000,-72.300,24.000,0.952,RGO
1920-02-06,888,-6.353,-16.200,-16.400,152.000,0.325,RGO
1920-02-06,888,-6.353,7.400,31.400,46.000,0.564,RGO
1920-03-04,889,-7.247,-10.000,57.500,293.000,0.839,RGO
1920-03-04,889,-7.247,18.000,-37.800,35.000,0.710,RGO
1920-03-04,889,-7.247,11.600,-61.200,15.000,0.898,RGO
1920-03-04,889,-7.247,15.600,-44.500,13.000,0.764,RGO
1920-04-01,890,-6.495,8.900,31.900,209.000,0.580,RGO
1920-04-01,890,-6.495,-13.600,-65.300,12.000,0.904,RGO
1920-04-01,890,-6.495,12.300,-51.300,3.000,0.815,RGO
1920-04-28,891,-4.381,10.100,-40.900,106.000,0.687,RGO
1920-04-28,891,-4.381,13.500,-24.200,23.000,0.501,RGO
1920-04-28,891,-4.381,2.000,-3.000,7.000,0.130,RGO
1920-04-28,891,-4.381,-5.500,35.500,6.000,0.580,RGO
1920-05-25,892,-1.402,7.400,-34.100,228.000,0.578,RGO
1920-05-25,892,-1.402,-9.300,-39.400,10.000,0.645,RGO
1920-05-25,892,-1.402,9.200,-42.200,8.000,0.689,RGO
1920-06-21,893,1.829,13.900,-82.300,183.000,0.991,RGO
1920-06-21,893,1.829,-7.300,-25.500,93.000,0.456,RGO
1920-06-21,893,1.829,-9.100,5.000,81.000,0.209,RGO
1920-06-21,893,1.829,8.000,30.800,12.000,0.522,RGO
1920-06-21,893,1.829,5.500,-28.900,3.000,0.489,RGO
1920-07-19,894,4.782,11.300,-52.300,185.000,0.792,RGO
1920-07-19,894,4.782,-13.900,-25.200,19.000,0.521,RGO
1920-07-19,894,4.782,-6.000,71.100,14.000,0.951,RGO
1920-07-19,894,4.782,7.100,21.200,4.000,0.363,RGO
1920-08-15,895,6.680,-21.700,-35.100,231.000,0.704,RGO
1920-08-15,895,6.680,12.400,-3.300,116.000,0.114,RGO
1920-08-15,895,6.680,11.800,-50.200,46.000,0.765,RGO
1920-08-15,895,6.680,-11.500,-40.900,30.000,0.704,RGO
1920-09-11,896,7.238,-12.000,-22.700,219.000,0.497,RGO
1920-09-11,896,7.238,13.300,5.200,2.000,0.140,RGO
1920-10-08,897,6.290,-16.700,-57.900,524.000,0.882,RGO
1920-10-08,897,6.290,9.000,-20.000,436.000,0.344,RGO
1920-10-08,897,6.290,-15.600,-66.400,234.000,0.937,RGO
1920-10-08,897,6.290,7.400,17.800,50.000,0.305,RGO
1920-10-08,897,6.290,13.000,-18.200,34.000,0.330,RGO
1920-11-05,898,3.875,-10.500,-5.600,1002.000,0.267,RGO
1920-11-05,898,3.875,10.200,6.300,65.000,0.157,RGO
1920-12-02,899,0.647,-9.300,0.800,262.000,0.173,RGO
1920-12-02,899,0.647,-11.500,57.000,25.000,0.849,RGO
1920-12-02,899,0.647,-11.300,6.200,16.000,0.233,RGO
1920-12-02,899,0.647,-11.300,33.500,13.000,0.581,RGO
1920-12-29,900,-2.749,-12.400,-14.400,427.000,0.296,RGO
1920-12-29,900,-2.749,8.200,36.100,249.000,0.613,RGO
1920-12-29,900,-2.749,17.700,-25.900,139.000,0.543,RGO
1921-01-26,901,-5.616,-11.800,1.000,29.000,0.109,RGO
1921-01-26,901,-5.616,-9.800,9.000,8.000,0.171,RGO
1921-01-26,901,-5.616,-13.300,-4.700,5.000,0.158,RGO
1921-01-26,901,-5.616,12.300,-47.000,3.000,0.769,RGO
1921-02-22,902,-7.095,-6.800,53.700,723.000,0.804,RGO
1921-02-22,902,-7.095,-10.200,16.100,53.000,0.280,RGO
1921-03-21,903,-6.996,9.600,-77.700,455.000,0.983,RGO
1921-03-21,903,-6.996,14.100,57.300,107.000,0.874,RGO
1921-03-21,903,-6.996,-13.000,36.200,10.000,0.592,RGO
1921-04-17,904,-5.400,9.900,-79.300,297.000,0.987,RGO
1921-04-17,904,-5.400,9.700,12.700,246.000,0.338,RGO
1921-04-17,904,-5.400,8.800,35.500,219.000,0.620,RGO
1921-04-17,904,-5.400,-15.600,-63.000,105.000,0.890,RGO
1921-04-17,904,-5.400,-8.200,77.800,14.000,0.976,RGO
1921-04-17,904,-5.400,15.100,-5.800,5.000,0.366,RGO
1921-05-15,905,-2.598,0.800,9.700,1155.000,0.180,RGO
1921-06-11,906,0.612,7.200,17.100,162.000,0.314,RGO
1921-06-11,906,0.612,0.900,18.800,126.000,0.323,RGO
1921-06-11,906,0.612,16.000,7.800,32.000,0.296,RGO
1921-06-11,906,0.612,-13.300,2.300,10.000,0.245,RGO
1921-06-11,906,0.612,-9.500,50.300,6.000,0.781,RGO
1921-07-08,907,3.684,12.600,9.300,358.000,0.222,RGO
1921-07-08,907,3.684,3.400,23.100,283.000,0.394,RGO
1921-07-08,907,3.684,2.500,-49.500,58.000,0.762,RGO
1921-07-08,907,3.684,12.400,2.100,15.000,0.155,RGO
1921-07-08,907,3.684,-14.100,-4.100,8.000,0.315,RGO
1921-07-08,907,3.684,9.100,29.800,5.000,0.502,RGO
1921-07-08,907,3.684,11.100,26.900,4.000,0.467,RGO
1921-08-04,908,6.033,-9.100,64.400,177.000,0.915,RGO
1921-09-01,909,7.201,10.400,65.900,67.000,0.909,RGO
1921-09-01,909,7.201,-9.600,50.900,60.000,0.805,RGO
1921-09-28,910,6.826,8.200,59.100,418.000,0.855,RGO
1921-10-25,911,4.996,3.900,-32.400,625.000,0.536,RGO
1921-10-25,911,4.996,7.800,37.400,477.000,0.608,RGO
1921-10-25,911,4.996,6.300,61.700,12.000,0.880,RGO
1921-11-22,912,1.935,-5.900,-33.300,655.000,0.563,RGO
1921-11-22,912,1.935,8.300,52.200,326.000,0.794,RGO
1921-11-22,912,1.935,4.200,-18.500,102.000,0.320,RGO
1921-12-19,913,-1.489,8.800,49.800,516.000,0.776,RGO
1921-12-19,913,-1.489,-5.200,-31.200,464.000,0.523,RGO
1921-12-19,913,-1.489,12.900,10.700,83.000,0.308,RGO
1921-12-19,913,-1.489,6.400,59.700,31.000,0.869,RGO
1922-01-15,914,-4.594,-6.000,-30.300,144.000,0.505,RGO
1922-01-15,914,-4.594,6.200,62.000,20.000,0.892,RGO
1922-02-11,915,-6.662,9.700,40.200,632.000,0.687,RGO
1922-02-11,915,-6.662,-8.200,-25.900,223.000,0.435,RGO
1922-02-11,915,-6.662,-5.200,-27.000,78.000,0.454,RGO
1922-03-11,916,-7.223,-5.000,-8.900,866.000,0.160,RGO
1922-03-11,916,-7.223,6.900,-21.800,425.000,0.440,RGO
1922-03-11,916,-7.223,13.300,56.900,310.000,0.869,RGO
1922-03-11,916,-7.223,10.200,59.800,158.000,0.885,RGO
1922-03-11,916,-7.223,-17.300,31.000,42.000,0.530,RGO
1922-04-07,917,-6.162,11.000,56.000,91.000,0.853,RGO
1922-04-07,917,-6.162,10.500,9.500,45.000,0.329,RGO
1922-05-04,918,-3.827,8.000,14.900,394.000,0.327,RGO
1922-05-31,919,-0.746,8.500,17.600,87.000,0.339,RGO
1922-06-28,920,2.572,,,0.000,,RGO
1922-07-25,921,5.260,-5.700,32.100,269.000,0.560,RGO
1922-07-25,921,5.260,-6.700,1.200,8.000,0.210,RGO
1922-08-21,922,6.912,-10.500,-19.500,3.000,0.442,RGO
1922-08-21,922,6.912,21.100,39.000,1.000,0.649,RGO
1922-08-21,922,6.912,9.500,27.800,1.000,0.465,RGO
1922-09-18,923,7.148,-11.600,-5.500,119.000,0.335,RGO
1922-10-15,924,5.847,,,0.000,,RGO
1922-11-11,925,3.269,-5.600,2.000,282.000,0.158,RGO
1922-12-08,926,-0.055,-2.400,49.900,165.000,0.768,RGO
1922-12-08,926,-0.055,-5.200,1.800,30.000,0.094,RGO
1923-01-05,927,-3.502,,,0.000,,RGO
1923-02-01,928,-6.035,,,0.000,,RGO
1923-02-28,929,-7.206,,,0.000,,RGO
1923-03-28,930,-6.738,,,0.000,,RGO
1923-04-24,931,-4.834,-6.600,5.000,42.000,0.092,RGO
1923-05-21,932,-1.965,7.400,-33.200,4.000,0.567,RGO
1923-06-17,933,1.267,,,0.000,,RGO
1923-07-15,934,4.335,,,0.000,,RGO
1923-08-11,935,6.434,,,0.000,,RGO
1923-09-07,936,7.248,-27.100,44.800,192.000,0.824,RGO
1923-09-07,936,7.248,22.700,-74.400,31.000,0.957,RGO
1923-10-04,937,6.565,-16.800,59.000,146.000,0.892,RGO
1923-11-01,938,4.371,-28.300,-18.000,166.000,0.604,RGO
1923-11-01,938,4.371,-16.500,63.700,14.000,0.917,RGO
1923-11-28,939,1.252,-22.500,-20.500,7.000,0.518,RGO
1923-12-25,940,-2.172,26.900,33.100,30.000,0.687,RGO
1923-12-25,940,-2.172,28.500,-27.200,12.000,0.648,RGO
1924-01-22,941,-5.209,,,0.000,,RGO
1924-02-18,942,-6.945,,,0.000,,RGO
1924-03-16,943,-7.129,,,0.000,,RGO
1924-04-12,944,-5.776,,,0.000,,RGO
1924-05-10,945,-3.132,31.700,7.800,103.000,0.584,RGO
1924-06-06,946,0.037,31.200,11.700,1101.000,0.549,RGO
1924-07-03,947,3.179,32.800,-5.800,191.000,0.504,RGO
1924-07-03,947,3.179,26.200,-31.500,57.000,0.618,RGO
1924-07-03,947,3.179,18.800,-28.000,36.000,0.525,RGO
1924-07-30,948,5.694,34.900,-5.900,162.000,0.499,RGO
1924-07-30,948,5.694,39.700,-81.600,18.000,0.986,RGO
1924-08-27,949,7.109,14.400,82.300,82.000,0.988,RGO
1924-09-23,950,7.003,-25.200,3.100,233.000,0.537,RGO
1924-10-20,951,5.414,22.800,5.300,556.000,0.314,RGO
1924-11-17,952,2.513,17.800,-52.800,525.000,0.811,RGO
1924-11-17,952,2.513,27.300,13.400,144.000,0.470,RGO
1924-11-17,952,2.513,25.900,-45.100,7.000,0.760,RGO
1924-11-17,952,2.513,24.000,-6.200,5.000,0.381,RGO
1924-11-17,952,2.513,29.100,-0.900,3.000,0.450,RGO
1924-12-14,953,-0.885,20.800,-54.100,239.000,0.842,RGO
1924-12-14,953,-0.885,28.300,5.000,40.000,0.496,RGO
1924-12-14,953,-0.885,20.800,22.000,25.000,0.510,RGO
1925-01-10,954,-4.103,,,0.000,,RGO
1925-02-06,955,-6.397,23.400,48.400,53.000,0.830,RGO
1925-02-06,955,-6.397,23.700,70.500,8.000,0.967,RGO
1925-03-06,956,-7.250,,,0.000,,RGO
1925-04-02,957,-6.455,-32.900,-77.700,109.000,0.973,RGO
1925-04-29,958,-4.311,11.600,36.600,26.000,0.642,RGO
1925-05-27,959,-1.198,22.100,62.700,635.000,0.911,RGO
1925-05-27,959,-1.198,14.400,-81.000,213.000,0.990,RGO
1925-05-27,959,-1.198,22.300,76.200,28.000,0.978,RGO
1925-05-27,959,-1.198,-20.500,4.600,17.000,0.340,RGO
1925-05-27,959,-1.198,-27.500,7.000,12.000,0.458,RGO
1925-05-27,959,-1.198,-19.500,-15.700,6.000,0.406,RGO
1925-06-23,960,2.028,-28.400,47.200,23.000,0.817,RGO
1925-06-23,960,2.028,9.100,54.600,15.000,0.818,RGO
1925-07-20,961,4.847,17.700,11.800,45.000,0.298,RGO
1925-07-20,961,4.847,-25.300,30.800,27.000,0.678,RGO
1925-07-20,961,4.847,24.000,48.500,13.000,0.772,RGO
1925-07-20,961,4.847,-17.100,-1.800,12.000,0.376,RGO
1925-07-20,961,4.847,14.300,-64.900,8.000,0.904,RGO
1925-08-16,962,6.714,,,0.000,,RGO
1925-09-13,963,7.223,19.300,70.700,936.000,0.938,RGO
1925-09-13,963,7.223,18.900,33.500,18.000,0.570,RGO
1925-09-13,963,7.223,-19.600,19.800,2.000,0.549,RGO
1925-10-10,964,6.181,20.500,33.100,140.000,0.578,RGO
1925-10-10,964,6.181,-16.900,-43.100,83.000,0.751,RGO
1925-10-10,964,6.181,16.800,79.400,66.000,0.980,RGO
1925-10-10,964,6.181,-19.500,-69.800,40.000,0.959,RGO
1925-10-10,964,6.181,15.000,41.100,9.000,0.662,RGO
1925-10-10,964,6.181,24.500,57.000,9.000,0.845,RGO
1925-11-06,965,3.798,-16.100,-67.000,87.000,0.936,RGO
1925-11-06,965,3.798,13.300,32.800,38.000,0.558,RGO
1925-11-06,965,3.798,22.900,71.500,3.000,0.950,RGO
1925-11-06,965,3.798,-23.600,20.700,2.000,0.562,RGO
1925-12-03,966,0.555,14.900,57.400,310.000,0.854,RGO
1925-12-03,966,0.555,22.800,84.500,261.000,0.996,RGO
1925-12-03,966,0.555,20.100,-12.300,187.000,0.392,RGO
1925-12-03,966,0.555,27.300,-41.100,152.000,0.741,RGO
1925-12-03,966,0.555,23.300,71.100,118.000,0.955,RGO
1925-12-03,966,0.555,20.800,11.100,40.000,0.393,RGO
1925-12-03,966,0.555,24.800,26.500,34.000,0.581,RGO
1925-12-03,966,0.555,-19.000,-11.300,12.000,0.384,RGO
1925-12-03,966,0.555,10.400,4.500,11.000,0.189,RGO
1925-12-31,967,-2.952,23.200,39.300,2934.000,0.727,RGO
1925-12-31,967,-2.952,-20.900,77.600,1725.000,0.977,RGO
1925-12-31,967,-2.952,16.100,78.500,226.000,0.985,RGO
1925-12-31,967,-2.952,10.800,42.700,217.000,0.705,RGO
1925-12-31,967,-2.952,38.900,-5.500,28.000,0.674,RGO
1925-12-31,967,-2.952,18.500,27.800,27.000,0.573,RGO
1925-12-31,967,-2.952,23.300,-67.300,20.000,0.944,RGO
1925-12-31,967,-2.952,9.600,53.400,3.000,0.818,RGO
1926-01-27,968,-5.674,20.700,36.900,3079.000,0.707,RGO
1926-01-27,968,-5.674,-22.400,64.700,1014.000,0.904,RGO
1926-01-27,968,-5.674,-18.700,-37.700,166.000,0.631,RGO
1926-01-27,968,-5.674,-20.100,-75.600,88.000,0.965,RGO
1926-01-27,968,-5.674,17.500,50.500,33.000,0.821,RGO
1926-01-27,968,-5.674,16.000,69.700,21.000,0.954,RGO
1926-02-23,969,-7.114,-20.000,55.100,495.000,0.820,RGO
1926-02-23,969,-7.114,-13.100,75.000,222.000,0.962,RGO
1926-02-23,969,-7.114,22.900,25.200,216.000,0.629,RGO
1926-02-23,969,-7.114,14.800,19.100,116.000,0.486,RGO
1926-02-23,969,-7.114,11.300,33.200,62.000,0.616,RGO
1926-03-23,970,-6.936,-20.200,62.600,388.000,0.884,RGO
1926-03-23,970,-6.936,-19.600,-72.300,51.000,0.947,RGO
1926-03-23,970,-6.936,9.800,14.200,44.000,0.375,RGO
1926-03-23,970,-6.936,14.100,48.700,30.000,0.797,RGO
1926-03-23,970,-6.936,19.500,-0.500,12.000,0.457,RGO
1926-04-19,971,-5.256,-29.100,13.600,270.000,0.457,RGO
1926-04-19,971,-5.256,23.800,55.100,255.000,0.877,RGO
1926-04-19,971,-5.256,27.200,30.700,97.000,0.696,RGO
1926-04-19,971,-5.256,-25.500,22.000,43.000,0.491,RGO
1926-04-19,971,-5.256,-20.100,52.400,18.000,0.801,RGO
1926-04-19,971,-5.256,-19.600,35.200,17.000,0.606,RGO
1926-05-16,972,-2.516,-19.800,35.300,514.000,0.626,RGO
1926-05-16,972,-2.516,17.700,66.800,366.000,0.934,RGO
1926-05-16,972,-2.516,-18.700,-61.900,206.000,0.890,RGO
1926-05-16,972,-2.516,22.100,37.800,60.000,0.702,RGO
1926-05-16,972,-2.516,9.600,-7.500,51.000,0.246,RGO
1926-05-16,972,-2.516,21.700,-14.500,41.000,0.472,RGO
1926-05-16,972,-2.516,20.600,-30.300,25.000,0.613,RGO
1926-05-16,972,-2.516,9.800,-57.100,4.000,0.852,RGO
1926-05-16,972,-2.516,-31.400,-0.500,2.000,0.485,RGO
1926-06-12,973,0.698,9.100,36.800,535.000,0.612,RGO
1926-06-12,973,0.698,-13.500,-58.400,295.000,0.864,RGO
1926-06-12,973,0.698,17.000,64.000,146.000,0.908,RGO
1926-06-12,973,0.698,-24.900,31.000,80.000,0.638,RGO
1926-06-12,973,0.698,16.400,-11.500,20.000,0.332,RGO
1926-06-12,973,0.698,-9.800,-84.600,8.000,0.996,RGO
1926-06-12,973,0.698,11.600,52.900,8.000,0.807,RGO
1926-06-12,973,0.698,30.100,31.000,3.000,0.666,RGO
1926-07-10,974,3.861,-13.700,44.300,37.000,0.738,RGO
1926-07-10,974,3.861,-22.900,44.600,29.000,0.780,RGO
1926-07-10,974,3.861,-22.600,-42.500,21.000,0.759,RGO
1926-08-06,975,6.146,-19.900,-31.500,788.000,0.652,RGO
1926-08-06,975,6.146,9.600,22.100,68.000,0.378,RGO
1926-08-06,975,6.146,22.000,59.600,14.000,0.864,RGO
1926-09-02,976,7.210,-17.500,-35.300,118.000,0.681,RGO
1926-09-02,976,7.210,-14.000,57.900,99.000,0.878,RGO
1926-09-02,976,7.210,-22.800,-60.700,5.000,0.919,RGO
1926-09-02,976,7.210,16.000,2.700,2.000,0.160,RGO
1926-09-29,977,6.795,-13.400,57.900,366.000,0.876,RGO
1926-09-29,977,6.795,16.300,16.900,54.000,0.328,RGO
1926-09-29,977,6.795,-29.500,-9.800,38.000,0.612,RGO
1926-09-29,977,6.795,-13.400,-34.800,37.000,0.646,RGO
1926-09-29,977,6.795,9.600,77.200,19.000,0.973,RGO
1926-09-29,977,6.795,-20.600,34.800,14.000,0.695,RGO
1926-09-29,977,6.795,17.200,-61.000,4.000,0.871,RGO
1926-10-27,978,4.837,-12.800,-45.400,604.000,0.750,RGO
1926-10-27,978,4.837,-12.200,-27.500,85.000,0.535,RGO
1926-10-27,978,4.837,-14.800,-73.100,85.000,0.967,RGO
1926-10-27,978,4.837,-22.100,28.900,77.000,0.632,RGO
1926-10-27,978,4.837,9.000,7.300,75.000,0.146,RGO
1926-10-27,978,4.837,23.400,16.400,63.000,0.415,RGO
1926-10-27,978,4.837,-15.300,66.000,30.000,0.931,RGO
1926-10-27,978,4.837,17.700,-49.900,17.000,0.773,RGO
1926-11-23,979,1.846,-11.100,1.200,335.000,0.226,RGO
1926-11-23,979,1.846,8.500,57.600,281.000,0.847,RGO
1926-11-23,979,1.846,-14.400,-80.700,267.000,0.990,RGO
1926-11-23,979,1.846,18.100,-44.900,189.000,0.733,RGO
1926-11-23,979,1.846,-9.400,-46.500,128.000,0.741,RGO
1926-11-23,979,1.846,-23.600,-3.100,100.000,0.434,RGO
1926-11-23,979,1.846,-24.500,73.300,91.000,0.970,RGO
1926-11-23,979,1.846,-19.300,66.200,30.000,0.931,RGO
1926-11-23,979,1.846,-15.700,-58.300,13.000,0.870,RGO
1926-11-23,979,1.846,26.600,4.300,12.000,0.426,RGO
1926-11-23,979,1.846,19.100,-56.500,12.000,0.849,RGO
1926-12-20,980,-1.579,7.800,61.000,1312.000,0.881,RGO
1926-12-20,980,-1.579,32.800,-39.900,379.000,0.779,RGO
1926-12-20,980,-1.579,15.800,-46.900,229.000,0.763,RGO
1926-12-20,980,-1.579,-25.500,-52.000,101.000,0.825,RGO
1926-12-20,980,-1.579,16.600,21.100,88.000,0.467,RGO
1926-12-20,980,-1.579,-17.700,53.500,68.000,0.820,RGO
1927-01-17,981,-4.763,24.800,-26.600,1023.000,0.636,RGO
1927-01-17,981,-4.763,-15.100,-57.600,840.000,0.844,RGO
1927-01-17,981,-4.763,33.000,-53.300,251.000,0.893,RGO
1927-01-17,981,-4.763,25.600,21.700,90.000,0.604,RGO
1927-01-17,981,-4.763,12.700,-23.300,51.000,0.487,RGO
1927-01-17,981,-4.763,6.400,79.100,49.000,0.989,RGO
1927-01-17,981,-4.763,-18.500,-45.900,18.000,0.732,RGO
1927-01-17,981,-4.763,-18.900,-8.100,4.000,0.280,RGO
1927-01-17,981,-4.763,8.600,-23.500,2.000,0.455,RGO
1927-02-13,982,-6.746,-14.100,49.800,519.000,0.762,RGO
1927-02-13,982,-6.746,-7.800,48.300,152.000,0.744,RGO
1927-02-13,982,-6.746,5.300,68.700,151.000,0.940,RGO
1927-02-13,982,-6.746,-14.000,-57.300,146.000,0.838,RGO
1927-02-13,982,-6.746,-28.100,-17.100,113.000,0.452,RGO
1927-02-13,982,-6.746,33.200,-76.000,79.000,0.991,RGO
1927-02-13,982,-6.746,14.200,75.600,78.000,0.980,RGO
1927-02-13,982,-6.746,10.000,69.600,50.000,0.949,RGO
1927-02-13,982,-6.746,-16.100,-49.100,11.000,0.756,RGO
1927-02-13,982,-6.746,-7.500,-35.200,3.000,0.574,RGO
1927-03-12,983,-7.214,13.900,-8.300,249.000,0.388,RGO
1927-03-12,983,-7.214,-9.500,-69.200,219.000,0.931,RGO
1927-03-12,983,-7.214,-14.000,41.400,187.000,0.661,RGO
1927-03-12,983,-7.214,-19.300,-9.100,50.000,0.260,RGO
1927-03-12,983,-7.214,17.800,44.600,19.000,0.775,RGO
1927-04-08,984,-6.115,12.200,21.100,546.000,0.469,RGO
1927-04-08,984,-6.115,-17.000,-56.800,507.000,0.836,RGO
1927-04-08,984,-6.115,-15.000,-44.000,358.000,0.698,RGO
1927-04-08,984,-6.115,13.200,-67.900,72.000,0.942,RGO
1927-04-08,984,-6.115,13.100,7.100,47.000,0.352,RGO
1927-04-08,984,-6.115,9.800,7.900,27.000,0.306,RGO
1927-04-08,984,-6.115,-13.900,-53.500,15.000,0.802,RGO
1927-04-08,984,-6.115,-25.400,-76.000,13.000,0.966,RGO
1927-04-08,984,-6.115,23.000,57.200,12.000,0.893,RGO
1927-04-08,984,-6.115,6.000,40.800,6.000,0.677,RGO
1927-05-06,985,-3.647,-15.400,-15.500,407.000,0.332,RGO
1927-05-06,985,-3.647,-17.800,60.600,291.000,0.876,RGO
1927-05-06,985,-3.647,-8.600,-27.700,182.000,0.471,RGO
1927-05-06,985,-3.647,22.100,33.800,70.000,0.670,RGO
1927-05-06,985,-3.647,16.900,-4.200,27.000,0.359,RGO
1927-05-06,985,-3.647,-10.800,-8.600,21.000,0.194,RGO
1927-05-06,985,-3.647,10.300,-22.800,4.000,0.450,RGO
1927-06-02,986,-0.539,16.800,-73.700,973.000,0.965,RGO
1927-06-02,986,-0.539,-19.100,27.200,164.000,0.540,RGO
1927-06-02,986,-0.539,-17.900,48.700,97.000,0.779,RGO
1927-06-02,986,-0.539,-21.200,-9.900,10.000,0.390,RGO
1927-06-29,987,2.653,15.600,-76.600,617.000,0.973,RGO
1927-06-29,987,2.653,-6.700,-18.600,372.000,0.356,RGO
1927-06-29,987,2.653,21.500,44.000,179.000,0.730,RGO
1927-06-29,987,2.653,-21.400,-58.600,136.000,0.886,RGO
1927-06-29,987,2.653,-8.500,53.700,70.000,0.818,RGO
1927-06-29,987,2.653,22.000,17.000,51.000,0.431,RGO
1927-06-29,987,2.653,-17.900,-20.900,39.000,0.489,RGO
1927-06-29,987,2.653,8.300,25.200,14.000,0.436,RGO
1927-06-29,987,2.653,-7.700,-34.900,11.000,0.594,RGO
1927-06-29,987,2.653,14.800,-29.300,3.000,0.522,RGO
1927-07-26,988,5.319,-8.000,-18.400,476.000,0.388,RGO
1927-07-26,988,5.319,-8.500,52.100,146.000,0.809,RGO
1927-07-26,988,5.319,23.800,11.300,114.000,0.366,RGO
1927-07-26,988,5.319,9.800,62.700,73.000,0.887,RGO
1927-08-23,989,6.972,-16.900,-70.600,503.000,0.961,RGO
1927-08-23,989,6.972,10.800,31.900,480.000,0.528,RGO
1927-08-23,989,6.972,-10.000,-8.200,416.000,0.324,RGO
1927-08-23,989,6.972,-15.900,54.900,144.000,0.859,RGO
1927-09-19,990,7.132,-11.100,72.600,1459.000,0.965,RGO
1927-09-19,990,7.132,-19.300,64.200,964.000,0.932,RGO
1927-09-19,990,7.132,22.100,-2.800,192.000,0.264,RGO
1927-09-19,990,7.132,-13.000,-33.700,147.000,0.633,RGO
1927-09-19,990,7.132,-10.700,17.100,48.000,0.419,RGO
1927-09-19,990,7.132,-9.000,-20.300,20.000,0.438,RGO
1927-09-19,990,7.132,-14.500,-2.300,14.000,0.373,RGO
1927-10-16,991,5.794,-8.900,25.900,175.000,0.498,RGO
1927-10-16,991,5.794,21.000,-9.600,138.000,0.307,RGO
1927-10-16,991,5.794,-20.000,60.400,124.000,0.906,RGO
1927-10-16,991,5.794,-6.700,-80.800,58.000,0.990,RGO
1927-11-13,992,3.073,-9.000,40.500,1271.000,0.673,RGO
1927-11-13,992,3.073,-5.800,-29.100,451.000,0.508,RGO
1927-11-13,992,3.073,7.900,-36.500,81.000,0.599,RGO
1927-11-13,992,3.073,8.700,19.600,58.000,0.348,RGO
1927-11-13,992,3.073,6.800,-45.000,40.000,0.709,RGO
1927-11-13,992,3.073,-21.300,-69.900,22.000,0.955,RGO
1927-11-13,992,3.073,14.700,-69.100,13.000,0.935,RGO
1927-11-13,992,3.073,-11.800,-0.600,9.000,0.258,RGO
1927-11-13,992,3.073,-22.400,-47.700,6.000,0.801,RGO
1927-12-10,993,-0.275,-10.600,19.400,567.000,0.374,RGO
1927-12-10,993,-0.275,5.400,-54.900,189.000,0.823,RGO
1927-12-10,993,-0.275,-8.900,-24.000,69.000,0.430,RGO
1927-12-10,993,-0.275,-10.700,55.200,68.000,0.829,RGO
1927-12-10,993,-0.275,-19.900,48.700,24.000,0.785,RGO
1927-12-10,993,-0.275,19.500,-24.700,6.000,0.521,RGO
1928-01-06,994,-3.582,-8.300,35.300,429.000,0.582,RGO
1928-01-06,994,-3.582,-18.100,-33.300,220.000,0.585,RGO
1928-01-06,994,-3.582,-17.300,58.600,216.000,0.859,RGO
1928-01-06,994,-3.582,10.200,16.900,168.000,0.372,RGO
1928-01-06,994,-3.582,13.200,-60.800,73.000,0.890,RGO
1928-01-06,994,-3.582,-9.300,-2.100,49.000,0.107,RGO
1928-01-06,994,-3.582,9.600,-8.000,14.000,0.267,RGO
1928-01-06,994,-3.582,-14.800,21.100,13.000,0.403,RGO
1928-02-02,995,-6.086,-21.700,42.000,353.000,0.690,RGO
1928-02-02,995,-6.086,-8.000,33.800,337.000,0.555,RGO
1928-02-02,995,-6.086,-12.100,-79.800,198.000,0.982,RGO
1928-02-02,995,-6.086,-12.000,73.400,100.000,0.955,RGO
1928-02-02,995,-6.086,7.600,-55.400,55.000,0.840,RGO
1928-02-02,995,-6.086,-13.500,11.600,18.000,0.236,RGO
1928-02-02,995,-6.086,-16.700,-45.500,6.000,0.718,RGO
1928-03-01,996,-7.227,-12.800,66.900,793.000,0.915,RGO
1928-03-01,996,-7.227,-4.800,55.900,498.000,0.827,RGO
1928-03-01,996,-7.227,-6.400,-32.000,356.000,0.529,RGO
1928-03-01,996,-7.227,-8.700,42.300,152.000,0.670,RGO
1928-03-01,996,-7.227,-19.600,-14.800,77.000,0.326,RGO
1928-03-01,996,-7.227,-19.700,43.700,51.000,0.699,RGO
1928-03-01,996,-7.227,-28.400,73.100,14.000,0.951,RGO
1928-03-28,997,-6.704,21.900,-71.200,345.000,0.969,RGO
1928-03-28,997,-6.704,-14.000,-20.400,188.000,0.365,RGO
1928-03-28,997,-6.704,-11.400,-10.200,140.000,0.193,RGO
1928-03-28,997,-6.704,6.400,-63.500,57.000,0.906,RGO
1928-03-28,997,-6.704,-19.600,-30.200,44.000,0.533,RGO
1928-03-28,997,-6.704,19.500,8.900,17.000,0.465,RGO
1928-03-28,997,-6.704,-14.800,75.500,13.000,0.964,RGO
1928-03-28,997,-6.704,-2.000,-31.300,5.000,0.525,RGO
1928-04-24,998,-4.768,-12.300,-17.200,321.000,0.320,RGO
1928-04-24,998,-4.768,-14.800,-79.700,275.000,0.982,RGO
1928-04-24,998,-4.768,8.200,-30.600,44.000,0.549,RGO
1928-04-24,998,-4.768,-9.800,-12.100,5.000,0.227,RGO
1928-05-22,999,-1.763,-16.200,-68.900,89.000,0.937,RGO
1928-05-22,999,-1.763,12.200,-72.400,69.000,0.959,RGO
1928-05-22,999,-1.763,-20.100,-59.200,22.000,0.873,RGO
1928-06-18,1000,1.471,12.700,20.000,375.000,0.388,RGO
1928-06-18,1000,1.471,-15.000,17.900,263.000,0.412,RGO
1928-06-18,1000,1.471,8.900,-58.800,258.000,0.859,RGO
1928-06-18,1000,1.471,14.100,-54.000,88.000,0.819,RGO
1928-06-18,1000,1.471,18.500,14.800,18.000,0.382,RGO
1928-06-18,1000,1.471,14.500,-65.700,11.000,0.916,RGO
1928-07-15,1001,4.404,-18.400,-27.700,1119.000,0.585,RGO
1928-07-15,1001,4.404,9.100,-57.500,877.000,0.843,RGO
1928-07-15,1001,4.404,8.100,41.900,817.000,0.668,RGO
1928-07-15,1001,4.404,14.500,15.600,235.000,0.317,RGO
1928-07-15,1001,4.404,-3.600,35.300,44.000,0.591,RGO
1928-07-15,1001,4.404,-14.500,-38.300,22.000,0.677,RGO
1928-07-15,1001,4.404,-25.600,-80.400,15.000,0.995,RGO
1928-07-15,1001,4.404,-9.900,41.700,10.000,0.697,RGO
1928-07-15,1001,4.404,-9.800,29.500,5.000,0.543,RGO
1928-08-11,1002,6.473,-15.500,19.500,522.000,0.492,RGO
1928-08-11,1002,6.473,8.900,39.800,263.000,0.639,RGO
1928-08-11,1002,6.473,4.000,-63.500,253.000,0.895,RGO
1928-08-11,1002,6.473,-18.500,-60.600,32.000,0.906,RGO
1928-08-11,1002,6.473,-17.600,-15.800,15.000,0.483,RGO
1928-08-11,1002,6.473,16.100,12.000,9.000,0.263,RGO
1928-08-11,1002,6.473,23.200,-35.400,9.000,0.617,RGO
1928-09-08,1003,7.250,14.700,-58.800,648.000,0.851,RGO
1928-09-08,1003,7.250,8.500,-36.500,152.000,0.592,RGO
1928-09-08,1003,7.250,7.200,57.000,74.000,0.836,RGO
1928-09-08,1003,7.250,-12.900,18.800,48.000,0.464,RGO
1928-09-08,1003,7.250,18.500,41.500,21.000,0.670,RGO
1928-09-08,1003,7.250,-16.000,-6.900,17.000,0.413,RGO
1928-09-08,1003,7.250,0.400,-36.200,9.000,0.600,RGO
1928-09-08,1003,7.250,13.000,-26.600,8.000,0.453,RGO
1928-09-08,1003,7.250,-15.400,-19.600,5.000,0.499,RGO
1928-10-05,1004,6.471,14.100,-53.000,319.000,0.797,RGO
1928-10-05,1004,6.471,-4.400,-77.400,67.000,0.979,RGO
1928-10-05,1004,6.471,-15.200,53.700,8.000,0.845,RGO
1928-10-05,1004,6.471,1.400,0.800,8.000,0.088,RGO
1928-10-05,1004,6.471,17.000,-27.100,7.000,0.479,RGO
1928-11-01,1005,4.298,-9.500,53.000,181.000,0.817,RGO
1928-11-01,1005,4.298,14.800,-55.600,145.000,0.828,RGO
1928-11-01,1005,4.298,18.100,58.600,83.000,0.858,RGO
1928-11-01,1005,4.298,-14.500,13.100,25.000,0.391,RGO
1928-11-01,1005,4.298,14.200,-21.800,16.000,0.403,RGO
1928-11-01,1005,4.298,13.800,-37.900,7.000,0.625,RGO
1928-11-01,1005,4.298,-15.300,-38.200,1.000,0.679,RGO
1928-11-28,1006,1.161,23.300,76.300,270.000,0.976,RGO
1928-11-28,1006,1.161,-13.100,37.600,33.000,0.644,RGO
1928-11-28,1006,1.161,14.200,-71.000,27.000,0.949,RGO
1928-12-26,1007,-2.381,10.100,-80.200,460.000,0.988,RGO
1928-12-26,1007,-2.381,7.300,-72.400,143.000,0.957,RGO
1928-12-26,1007,-2.381,7.700,0.500,4.000,0.175,RGO
1929-01-22,1008,-5.272,6.900,66.600,464.000,0.926,RGO
1929-01-22,1008,-5.272,5.000,-59.000,456.000,0.866,RGO
1929-01-22,1008,-5.272,-11.700,7.500,364.000,0.171,RGO
1929-01-22,1008,-5.272,5.100,-33.600,254.000,0.578,RGO
1929-01-22,1008,-5.272,-9.100,54.600,22.000,0.814,RGO
1929-02-18,1009,-6.971,-5.500,78.000,260.000,0.977,RGO
1929-02-18,1009,-6.971,5.900,-40.600,130.000,0.678,RGO
1929-02-18,1009,-6.971,-11.900,80.400,59.000,0.983,RGO
1929-02-18,1009,-6.971,-16.800,-67.200,43.000,0.917,RGO
1929-02-18,1009,-6.971,6.600,69.300,34.000,0.944,RGO
1929-02-18,1009,-6.971,-9.600,11.800,9.000,0.209,RGO
1929-02-18,1009,-6.971,-13.900,47.100,7.000,0.731,RGO
1929-03-18,1010,-7.087,8.200,-45.500,429.000,0.744,RGO
1929-03-18,1010,-7.087,-14.800,77.900,44.000,0.973,RGO
1929-04-14,1011,-5.645,5.200,-14.600,381.000,0.313,RGO
1929-04-14,1011,-5.645,-9.100,-68.300,299.000,0.927,RGO
1929-04-14,1011,-5.645,8.000,-43.600,211.000,0.716,RGO
1929-04-14,1011,-5.645,-20.100,48.500,202.000,0.760,RGO
1929-04-14,1011,-5.645,-11.000,80.600,192.000,0.985,RGO
1929-04-14,1011,-5.645,-10.000,57.200,28.000,0.839,RGO
1929-05-11,1012,-3.052,4.100,-40.400,257.000,0.658,RGO
1929-05-11,1012,-3.052,-11.300,21.900,180.000,0.397,RGO
1929-05-11,1012,-3.052,14.000,9.800,156.000,0.336,RGO
1929-05-11,1012,-3.052,3.600,-10.600,85.000,0.217,RGO
1929-06-07,1013,0.124,-17.200,73.800,417.000,0.965,RGO
1929-06-07,1013,0.124,-8.800,-32.100,302.000,0.550,RGO
1929-06-07,1013,0.124,7.200,-46.200,120.000,0.729,RGO
1929-06-07,1013,0.124,-18.400,-68.800,101.000,0.941,RGO
1929-06-07,1013,0.124,5.000,-40.200,82.000,0.651,RGO
1929-06-07,1013,0.124,-10.000,26.900,13.000,0.481,RGO
1929-06-07,1013,0.124,10.800,-58.500,10.000,0.860,RGO
1929-06-07,1013,0.124,15.700,13.600,7.000,0.352,RGO
1929-07-05,1014,3.363,-7.800,-11.900,405.000,0.283,RGO
1929-07-05,1014,3.363,5.900,15.900,157.000,0.278,RGO
1929-07-05,1014,3.363,7.400,-74.000,129.000,0.961,RGO
1929-07-05,1014,3.363,-19.700,38.900,42.000,0.705,RGO
1929-07-05,1014,3.363,-13.200,44.900,10.000,0.740,RGO
1929-08-01,1015,5.820,-3.400,-64.700,253.000,0.910,RGO
1929-08-01,1015,5.820,-21.000,39.200,202.000,0.733,RGO
1929-08-01,1015,5.820,-10.700,59.900,96.000,0.884,RGO
1929-08-01,1015,5.820,21.400,-11.000,53.000,0.324,RGO
1929-08-01,1015,5.820,7.500,73.000,45.000,0.955,RGO
1929-08-01,1015,5.820,-10.100,42.200,26.000,0.709,RGO
1929-08-01,1015,5.820,9.900,26.700,23.000,0.451,RGO
1929-08-01,1015,5.820,14.500,-37.200,9.000,0.612,RGO
1929-08-01,1015,5.820,-5.500,-5.200,5.000,0.218,RGO
1929-08-01,1015,5.820,-8.000,-18.300,3.000,0.392,RGO
1929-08-01,1015,5.820,16.100,-24.100,3.000,0.436,RGO
1929-08-28,1016,7.126,-4.400,74.300,164.000,0.967,RGO
1929-08-28,1016,7.126,-18.400,75.100,70.000,0.980,RGO
1929-08-28,1016,7.126,-6.700,-3.500,31.000,0.248,RGO
1929-08-28,1016,7.126,3.800,-27.400,13.000,0.463,RGO
1929-09-24,1017,6.979,-20.900,22.800,167.000,0.587,RGO
1929-09-24,1017,6.979,-23.400,9.400,12.000,0.529,RGO
1929-10-22,1018,5.267,12.600,-63.100,101.000,0.890,RGO
1929-10-22,1018,5.267,-10.700,65.200,56.000,0.921,RGO
1929-10-22,1018,5.267,-8.200,26.600,5.000,0.498,RGO
1929-11-18,1019,2.427,-6.400,23.500,475.000,0.425,RGO
1929-11-18,1019,2.427,4.900,37.400,343.000,0.609,RGO
1929-11-18,1019,2.427,10.500,-51.400,310.000,0.786,RGO
1929-11-18,1019,2.427,-10.800,72.300,239.000,0.958,RGO
1929-11-18,1019,2.427,-10.600,48.600,60.000,0.769,RGO
1929-11-18,1019,2.427,11.100,42.600,39.000,0.686,RGO
1929-12-15,1020,-0.976,6.300,-14.700,1585.000,0.283,RGO
1929-12-15,1020,-0.976,-6.600,37.000,635.000,0.609,RGO
1929-12-15,1020,-0.976,-3.400,-13.300,531.000,0.234,RGO
1929-12-15,1020,-0.976,-3.000,-23.000,449.000,0.394,RGO
1929-12-15,1020,-0.976,4.500,44.300,233.000,0.705,RGO
1929-12-15,1020,-0.976,-4.200,-72.500,136.000,0.955,RGO
1929-12-15,1020,-0.976,13.100,-18.900,90.000,0.400,RGO
1929-12-15,1020,-0.976,13.800,-56.200,42.000,0.846,RGO
1929-12-15,1020,-0.976,20.500,-17.500,39.000,0.463,RGO
1929-12-15,1020,-0.976,9.700,-44.400,30.000,0.715,RGO
1930-01-12,1021,-4.283,6.300,0.800,520.000,0.185,RGO
1930-01-12,1021,-4.283,-2.300,-4.100,402.000,0.079,RGO
1930-01-12,1021,-4.283,13.500,-79.200,139.000,0.987,RGO
1930-01-12,1021,-4.283,-4.800,-0.100,129.000,0.009,RGO
1930-01-12,1021,-4.283,4.200,54.600,119.000,0.824,RGO
1930-01-12,1021,-4.283,17.200,-17.200,119.000,0.462,RGO
1930-01-12,1021,-4.283,16.600,-71.400,77.000,0.960,RGO
1930-01-12,1021,-4.283,-4.000,58.700,55.000,0.855,RGO
1930-01-12,1021,-4.283,-7.200,42.500,20.000,0.676,RGO
1930-02-08,1022,-6.498,-19.100,-1.600,344.000,0.221,RGO
1930-02-08,1022,-6.498,-12.800,56.200,322.000,0.828,RGO
1930-02-08,1022,-6.498,7.900,-1.900,131.000,0.252,RGO
1930-02-08,1022,-6.498,19.000,41.900,128.000,0.752,RGO
1930-02-08,1022,-6.498,-14.400,-13.500,96.000,0.267,RGO
1930-02-08,1022,-6.498,-7.100,13.200,58.000,0.228,RGO
1930-02-08,1022,-6.498,6.800,70.300,47.000,0.949,RGO
1930-02-08,1022,-6.498,-13.000,-23.000,33.000,0.401,RGO
1930-02-08,1022,-6.498,-4.200,-0.100,12.000,0.039,RGO
1930-03-07,1023,-7.249,-16.100,4.600,557.000,0.175,RGO
1930-03-07,1023,-7.249,-19.000,-8.100,314.000,0.245,RGO
1930-03-07,1023,-7.249,-7.800,83.400,115.000,0.992,RGO
1930-03-07,1023,-7.249,7.600,68.800,42.000,0.942,RGO
1930-03-07,1023,-7.249,20.200,-29.100,11.000,0.640,RGO
1930-04-03,1024,-6.413,12.200,-57.300,726.000,0.867,RGO
1930-04-03,1024,-6.413,-4.600,24.000,456.000,0.408,RGO
1930-04-03,1024,-6.413,7.200,66.300,75.000,0.926,RGO
1930-04-03,1024,-6.413,-7.100,13.700,54.000,0.238,RGO
1930-04-03,1024,-6.413,7.500,77.800,50.000,0.982,RGO
1930-04-03,1024,-6.413,14.000,-25.600,5.000,0.540,RGO
1930-04-03,1024,-6.413,-19.500,-9.400,4.000,0.277,RGO
1930-05-01,1025,-4.139,-7.600,36.000,262.000,0.589,RGO
1930-05-01,1025,-4.139,11.800,28.600,209.000,0.541,RGO
1930-05-01,1025,-4.139,9.900,-9.900,193.000,0.296,RGO
1930-05-01,1025,-4.139,-8.600,21.800,27.000,0.378,RGO
1930-05-28,1026,-1.112,15.700,-77.800,229.000,0.981,RGO
1930-05-28,1026,-1.112,19.000,34.100,177.000,0.633,RGO
1930-05-28,1026,-1.112,11.900,-20.400,25.000,0.410,RGO
1930-05-28,1026,-1.112,11.000,-12.500,21.000,0.300,RGO
1930-05-28,1026,-1.112,-7.000,38.500,15.000,0.629,RGO
1930-05-28,1026,-1.112,10.000,-4.000,6.000,0.205,RGO
1930-06-24,1027,2.111,14.100,-22.700,18.000,0.431,RGO
1930-07-21,1028,4.911,-5.500,76.600,198.000,0.976,RGO
1930-07-21,1028,4.911,3.000,-81.000,101.000,0.988,RGO
1930-07-21,1028,4.911,-10.000,-69.900,28.000,0.948,RGO
1930-08-18,1029,6.790,-7.100,81.400,367.000,0.992,RGO
1930-08-18,1029,6.790,-11.400,-78.500,99.000,0.986,RGO
1930-08-18,1029,6.790,6.800,-83.700,73.000,0.993,RGO
1930-09-14,1030,7.214,17.000,42.100,229.000,0.674,RGO
1930-09-14,1030,7.214,-10.700,-62.700,70.000,0.908,RGO
1930-09-14,1030,7.214,-7.800,50.500,7.000,0.796,RGO
1930-10-11,1031,6.133,7.500,6.700,946.000,0.119,RGO
1930-10-11,1031,6.133,11.700,-55.100,122.000,0.818,RGO
1930-11-08,1032,3.610,12.600,-9.800,81.000,0.229,RGO
1930-12-05,1033,0.336,8.700,45.200,53.000,0.719,RGO
1931-01-01,1034,-3.036,,,0.000,,RGO
1931-01-28,1035,-5.731,3.500,42.400,9.000,0.689,RGO
1931-02-25,1036,-7.153,7.500,62.400,1801.000,0.900,RGO
1931-02-25,1036,-7.153,-3.600,61.600,517.000,0.880,RGO
1931-02-25,1036,-7.153,9.900,-7.900,109.000,0.325,RGO
1931-02-25,1036,-7.153,7.400,-43.700,46.000,0.721,RGO
1931-03-24,1037,-6.909,-8.500,-77.700,188.000,0.975,RGO
1931-03-24,1037,-6.909,5.900,71.300,185.000,0.954,RGO
1931-04-20,1038,-5.195,6.800,53.300,237.000,0.817,RGO
1931-04-20,1038,-5.195,10.800,11.600,205.000,0.340,RGO
1931-05-18,1039,-2.319,-15.900,-25.800,294.000,0.484,RGO
1931-05-18,1039,-2.319,8.100,70.300,114.000,0.946,RGO
1931-05-18,1039,-2.319,9.400,75.300,80.000,0.971,RGO
1931-05-18,1039,-2.319,9.600,-2.400,11.000,0.211,RGO
1931-06-14,1040,0.904,-7.400,75.200,99.000,0.969,RGO
1931-07-11,1041,3.934,-11.500,-41.300,67.000,0.696,RGO
1931-07-11,1041,3.934,-6.800,13.700,55.000,0.301,RGO
1931-07-11,1041,3.934,-19.000,-0.300,15.000,0.392,RGO
1931-07-11,1041,3.934,-22.000,-15.100,10.000,0.500,RGO
1931-08-07,1042,6.192,-8.200,72.500,48.000,0.961,RGO
1931-09-04,1043,7.229,3.700,36.400,42.000,0.596,RGO
1931-09-04,1043,7.229,12.100,25.200,25.000,0.430,RGO
1931-09-04,1043,7.229,-4.900,-43.000,4.000,0.704,RGO
1931-10-01,1044,6.717,18.700,-41.200,174.000,0.669,RGO
1931-10-28,1045,4.769,-15.800,41.400,189.000,0.719,RGO
1931-11-24,1046,1.758,10.100,-32.200,618.000,0.548,RGO
1931-11-24,1046,1.758,-1.400,-73.400,35.000,0.960,RGO
1931-11-24,1046,1.758,11.200,28.200,22.000,0.495,RGO
1931-12-22,1047,-1.794,10.500,-18.500,26.000,0.380,RGO
1931-12-22,1047,-1.794,-8.900,40.100,5.000,0.652,RGO
1932-01-18,1048,-4.832,-11.100,53.900,63.000,0.808,RGO
1932-01-18,1048,-4.832,15.300,-21.300,7.000,0.490,RGO
1932-02-14,1049,-6.779,,,0.000,,RGO
1932-03-13,1050,-7.189,,,0.000,,RGO
1932-04-09,1051,-5.997,,,0.000,,RGO
1932-05-06,1052,-3.570,,,0.000,,RGO
1932-06-02,1053,-0.452,,,0.000,,RGO
1932-06-30,1054,2.845,11.900,-3.100,165.000,0.167,RGO
1932-06-30,1054,2.845,-7.100,-68.700,94.000,0.937,RGO
1932-06-30,1054,2.845,0.100,-43.500,3.000,0.692,RGO
1932-07-27,1055,5.458,-8.300,-78.800,259.000,0.985,RGO
1932-08-23,1056,6.996,-7.600,-82.400,79.000,0.994,RGO
1932-09-19,1057,7.116,-5.200,-24.900,11.000,0.469,RGO
1932-10-17,1058,5.661,7.800,-34.500,14.000,0.566,RGO
1932-11-13,1059,2.990,0.800,-11.200,19.000,0.198,RGO
1932-12-10,1060,-0.367,10.100,-33.000,564.000,0.569,RGO
1933-01-07,1061,-3.773,10.200,-21.700,199.000,0.437,RGO
1933-01-07,1061,-3.773,9.100,-35.500,146.000,0.613,RGO
1933-02-03,1062,-6.203,13.100,-54.000,1480.000,0.841,RGO
1933-02-03,1062,-6.203,5.700,26.500,201.000,0.487,RGO
1933-02-03,1062,-6.203,9.800,-27.100,109.000,0.522,RGO
1933-02-03,1062,-6.203,7.000,19.300,25.000,0.398,RGO
1933-03-02,1063,-7.233,15.500,-47.900,132.000,0.797,RGO
1933-03-02,1063,-7.233,11.200,-58.300,109.000,0.875,RGO
1933-03-29,1064,-6.670,4.900,18.100,203.000,0.367,RGO
1933-03-29,1064,-6.670,9.600,72.800,41.000,0.964,RGO
1933-04-26,1065,-4.606,,,0.000,,RGO
1933-05-23,1066,-1.679,11.400,71.400,38.000,0.953,RGO
1933-05-23,1066,-1.679,9.000,-30.100,14.000,0.529,RGO
1933-06-19,1067,1.556,6.300,35.800,103.000,0.590,RGO
1933-07-17,1068,4.567,,,0.000,,RGO
1933-08-13,1069,6.565,,,0.000,,RGO
1933-09-09,1070,7.249,-9.600,53.200,67.000,0.828,RGO
1933-10-06,1071,6.430,,,0.000,,RGO
1933-11-03,1072,4.121,,,0.000,,RGO
1933-11-30,1073,0.944,,,0.000,,RGO
1933-12-27,1074,-2.468,,,0.000,,RGO
1934-01-23,1075,-5.335,,,0.000,,RGO
1934-02-20,1076,-7.028,,,0.000,,RGO
1934-03-19,1077,-7.067,,,0.000,,RGO
1934-04-15,1078,-5.589,-28.800,-82.000,1044.000,0.987,RGO
1934-04-15,1078,-5.589,26.600,-55.700,25.000,0.891,RGO
1934-05-13,1079,-2.861,-30.500,-80.100,944.000,0.985,RGO
1934-06-09,1080,0.331,,,0.000,,RGO
1934-07-06,1081,3.440,24.500,-84.400,241.000,0.996,RGO
1934-08-02,1082,5.872,,,0.000,,RGO
1934-08-30,1083,7.162,17.200,58.100,5.000,0.845,RGO
1934-09-26,1084,6.918,28.800,-29.600,2.000,0.583,RGO
1934-10-23,1085,5.205,24.400,-13.200,9.000,0.393,RGO
1934-11-19,1086,2.341,,,0.000,,RGO
1934-12-17,1087,-1.195,,,0.000,,RGO
1935-01-13,1088,-4.358,-20.100,-60.800,542.000,0.878,RGO
1935-01-13,1088,-4.358,-33.100,60.600,158.000,0.894,RGO
1935-02-09,1089,-6.538,-16.500,63.600,955.000,0.892,RGO
1935-02-09,1089,-6.538,22.500,-14.900,36.000,0.540,RGO
1935-03-09,1090,-7.242,-17.600,80.900,141.000,0.983,RGO
1935-03-09,1090,-7.242,-16.500,-71.000,84.000,0.940,RGO
1935-04-05,1091,-6.311,,,0.000,,RGO
1935-05-02,1092,-4.067,21.500,-45.100,160.000,0.780,RGO
1935-05-02,1092,-4.067,-22.500,-33.600,33.000,0.619,RGO
1935-05-02,1092,-4.067,-20.200,-65.400,19.000,0.912,RGO
1935-05-29,1093,-1.026,-29.100,-49.900,225.000,0.823,RGO
1935-05-29,1093,-1.026,16.600,-65.000,79.000,0.918,RGO
1935-06-26,1094,2.308,-24.000,-44.500,798.000,0.776,RGO
1935-06-26,1094,2.308,-18.100,31.500,202.000,0.606,RGO
1935-06-26,1094,2.308,-29.500,-51.300,46.000,0.855,RGO
1935-06-26,1094,2.308,-17.300,64.500,18.000,0.919,RGO
1935-06-26,1094,2.308,-27.500,4.000,9.000,0.503,RGO
1935-07-23,1095,5.062,28.400,18.400,403.000,0.488,RGO
1935-07-23,1095,5.062,-27.100,72.000,39.000,0.974,RGO
1935-08-19,1096,6.820,-16.300,53.400,260.000,0.847,RGO
1935-08-19,1096,6.820,18.600,-17.800,159.000,0.359,RGO
1935-08-19,1096,6.820,-17.000,-21.700,11.000,0.532,RGO
1935-09-15,1097,7.205,26.800,-33.600,101.000,0.611,RGO
1935-09-15,1097,7.205,-25.100,-56.800,83.000,0.900,RGO
1935-10-13,1098,6.016,23.600,-80.400,189.000,0.982,RGO
1935-10-13,1098,6.016,-23.800,-41.500,75.000,0.772,RGO
1935-10-13,1098,6.016,18.800,8.200,44.000,0.261,RGO
1935-10-13,1098,6.016,22.800,-17.000,42.000,0.399,RGO
1935-10-13,1098,6.016,25.600,-51.100,39.000,0.796,RGO
1935-10-13,1098,6.016,20.500,-43.000,12.000,0.699,RGO
1935-11-09,1099,3.531,-28.700,-0.100,759.000,0.535,RGO
1935-11-09,1099,3.531,21.700,-50.500,713.000,0.793,RGO
1935-11-09,1099,3.531,-23.100,69.300,196.000,0.955,RGO
1935-11-09,1099,3.531,14.800,68.900,96.000,0.933,RGO
1935-11-09,1099,3.531,-14.100,-43.300,79.000,0.726,RGO
1935-11-09,1099,3.531,26.000,-56.100,46.000,0.852,RGO
1935-12-06,1100,0.244,-25.700,50.300,2263.000,0.821,RGO
1935-12-06,1100,0.244,-22.100,-77.000,401.000,0.979,RGO
1935-12-06,1100,0.244,-27.700,-22.800,292.000,0.583,RGO
1935-12-06,1100,0.244,-25.500,-57.700,46.000,0.879,RGO
1935-12-06,1100,0.244,-12.900,-24.700,18.000,0.468,RGO
1935-12-06,1100,0.244,-23.900,66.300,14.000,0.932,RGO
1936-01-03,1101,-3.236,27.300,-56.300,872.000,0.887,RGO
1936-01-03,1101,-3.236,-12.000,-0.400,828.000,0.152,RGO
1936-01-03,1101,-3.236,-23.500,43.800,223.000,0.732,RGO
1936-01-03,1101,-3.236,17.800,6.600,74.000,0.377,RGO
1936-01-03,1101,-3.236,17.600,-6.600,15.000,0.374,RGO
1936-01-03,1101,-3.236,14.400,55.500,8.000,0.848,RGO
1936-01-03,1101,-3.236,-31.000,21.100,2.000,0.562,RGO
1936-01-30,1102,-5.864,15.000,41.000,218.000,0.719,RGO
1936-01-30,1102,-5.864,-12.800,0.700,136.000,0.121,RGO
1936-01-30,1102,-5.864,29.400,-69.900,71.000,0.970,RGO
1936-01-30,1102,-5.864,20.500,42.900,8.000,0.764,RGO
1936-02-26,1103,-7.167,15.800,50.900,386.000,0.825,RGO
1936-02-26,1103,-7.167,-17.500,-80.400,300.000,0.982,RGO
1936-02-26,1103,-7.167,11.800,-44.900,207.000,0.751,RGO
1936-02-26,1103,-7.167,-8.400,-12.600,188.000,0.218,RGO
1936-02-26,1103,-7.167,-18.000,52.100,169.000,0.788,RGO
1936-02-26,1103,-7.167,-31.100,15.900,97.000,0.474,RGO
1936-02-26,1103,-7.167,-32.500,47.400,96.000,0.775,RGO
1936-02-26,1103,-7.167,11.700,44.500,65.000,0.747,RGO
1936-02-26,1103,-7.167,-23.900,-0.700,7.000,0.289,RGO
1936-02-26,1103,-7.167,-17.500,-0.900,4.000,0.180,RGO
1936-03-24,1104,-6.881,-28.000,79.500,368.000,0.977,RGO
1936-03-24,1104,-6.881,-18.800,-20.000,232.000,0.389,RGO
1936-03-24,1104,-6.881,-14.400,-17.800,40.000,0.328,RGO
1936-03-24,1104,-6.881,-8.500,47.600,32.000,0.736,RGO
1936-03-24,1104,-6.881,14.400,64.600,26.000,0.926,RGO
1936-03-24,1104,-6.881,20.300,63.100,15.000,0.927,RGO
1936-04-21,1105,-5.045,-11.100,-14.900,428.000,0.276,RGO
1936-04-21,1105,-5.045,-19.000,-3.600,273.000,0.251,RGO
1936-04-21,1105,-5.045,-28.700,74.100,124.000,0.961,RGO
1936-04-21,1105,-5.045,-14.100,-15.200,93.000,0.302,RGO
1936-04-21,1105,-5.045,-16.900,-25.800,35.000,0.470,RGO
1936-04-21,1105,-5.045,12.000,-62.300,10.000,0.902,RGO
1936-05-18,1106,-2.236,-27.900,12.000,476.000,0.474,RGO
1936-05-18,1106,-2.236,17.900,-38.500,61.000,0.683,RGO
1936-05-18,1106,-2.236,21.200,67.300,29.000,0.940,RGO
1936-05-18,1106,-2.236,-24.300,60.000,5.000,0.884,RGO
1936-06-14,1107,0.990,22.300,-13.900,72.000,0.428,RGO
1936-06-14,1107,0.990,-25.200,46.900,58.000,0.795,RGO
1936-06-14,1107,0.990,-27.300,2.000,13.000,0.476,RGO
1936-06-14,1107,0.990,15.600,39.000,3.000,0.660,RGO
1936-07-12,1108,4.107,22.000,-28.700,394.000,0.547,RGO
1936-07-12,1108,4.107,-16.400,-25.800,68.000,0.543,RGO
1936-07-12,1108,4.107,21.600,-72.900,41.000,0.955,RGO
1936-07-12,1108,4.107,-14.100,-35.100,39.000,0.635,RGO
1936-08-08,1109,6.298,-31.300,-44.600,356.000,0.839,RGO
1936-08-08,1109,6.298,21.800,-30.300,225.000,0.548,RGO
1936-08-08,1109,6.298,-17.600,75.800,86.000,0.981,RGO
1936-08-08,1109,6.298,-25.400,71.500,67.000,0.972,RGO
1936-08-08,1109,6.298,-15.600,-50.700,20.000,0.819,RGO
1936-08-08,1109,6.298,-13.700,-73.000,18.000,0.968,RGO
1936-08-08,1109,6.298,13.500,71.800,17.000,0.946,RGO
1936-08-08,1109,6.298,25.700,-30.900,10.000,0.580,RGO
1936-09-04,1110,7.236,-25.900,59.200,399.000,0.917,RGO
1936-09-04,1110,7.236,-17.100,-44.500,148.000,0.771,RGO
1936-09-04,1110,7.236,-14.500,19.700,28.000,0.490,RGO
1936-09-04,1110,7.236,14.500,-20.000,15.000,0.359,RGO
1936-09-04,1110,7.236,28.600,-42.900,10.000,0.718,RGO
1936-09-04,1110,7.236,-15.800,-30.500,3.000,0.618,RGO
1936-10-01,1111,6.683,17.600,-33.000,553.000,0.561,RGO
1936-10-01,1111,6.683,19.100,-64.700,346.000,0.900,RGO
1936-10-01,1111,6.683,-23.300,59.900,158.000,0.913,RGO
1936-10-01,1111,6.683,7.100,-28.600,39.000,0.478,RGO
1936-10-01,1111,6.683,16.700,43.300,32.000,0.690,RGO
1936-10-01,1111,6.683,15.600,12.300,28.000,0.259,RGO
1936-10-01,1111,6.683,-18.800,-30.500,22.000,0.638,RGO
1936-10-01,1111,6.683,-17.500,40.500,14.000,0.730,RGO
1936-10-01,1111,6.683,-12.200,-58.800,14.000,0.880,RGO
1936-10-29,1112,4.603,19.100,-48.700,476.000,0.764,RGO
1936-10-29,1112,4.603,16.000,31.000,185.000,0.539,RGO
1936-10-29,1112,4.603,-13.900,-77.200,88.000,0.982,RGO
1936-10-29,1112,4.603,-19.500,-57.600,82.000,0.881,RGO
1936-10-29,1112,4.603,-23.600,-44.600,49.000,0.789,RGO
1936-10-29,1112,4.603,-14.900,30.600,28.000,0.591,RGO
1936-10-29,1112,4.603,-24.000,45.100,20.000,0.794,RGO
1936-10-29,1112,4.603,18.800,-71.200,12.000,0.946,RGO
1936-11-25,1113,1.544,-21.500,37.600,1121.000,0.689,RGO
1936-11-25,1113,1.544,17.100,-52.400,390.000,0.809,RGO
1936-11-25,1113,1.544,-11.000,-53.800,44.000,0.821,RGO
1936-11-25,1113,1.544,-16.300,-12.400,4.000,0.369,RGO
1936-12-22,1114,-1.883,23.700,-30.500,459.000,0.634,RGO
1936-12-22,1114,-1.883,18.200,-51.000,194.000,0.811,RGO
1936-12-22,1114,-1.883,-29.600,-69.700,191.000,0.950,RGO
1936-12-22,1114,-1.883,-22.300,31.300,148.000,0.598,RGO
1936-12-22,1114,-1.883,17.200,-58.000,109.000,0.870,RGO
1936-12-22,1114,-1.883,-21.000,64.000,77.000,0.909,RGO
1936-12-22,1114,-1.883,-23.400,18.600,70.000,0.472,RGO
1936-12-22,1114,-1.883,15.800,24.100,63.000,0.498,RGO
1936-12-22,1114,-1.883,-25.300,-34.800,28.000,0.657,RGO
1936-12-22,1114,-1.883,24.300,-71.000,27.000,0.960,RGO
1936-12-22,1114,-1.883,34.500,-56.100,25.000,0.900,RGO
1936-12-22,1114,-1.883,-20.400,-1.700,12.000,0.321,RGO
1936-12-22,1114,-1.883,-11.400,17.400,2.000,0.339,RGO
1937-01-18,1115,-4.901,-19.400,-75.600,1488.000,0.966,RGO
1937-01-18,1115,-4.901,-8.900,19.000,438.000,0.331,RGO
1937-01-18,1115,-4.901,22.100,-32.100,117.000,0.664,RGO
1937-01-18,1115,-4.901,9.700,-45.000,64.000,0.735,RGO
1937-01-18,1115,-4.901,-15.100,-34.700,23.000,0.584,RGO
1937-01-18,1115,-4.901,-27.500,-53.300,20.000,0.826,RGO
1937-01-18,1115,-4.901,19.000,44.900,16.000,0.771,RGO
1937-01-18,1115,-4.901,-14.900,-23.900,12.000,0.433,RGO
1937-01-18,1115,-4.901,-12.700,40.100,7.000,0.649,RGO
1937-02-15,1116,-6.854,19.700,54.700,558.000,0.868,RGO
1937-02-15,1116,-6.854,9.400,31.100,303.000,0.576,RGO
1937-02-15,1116,-6.854,14.100,-40.400,260.000,0.712,RGO
1937-02-15,1116,-6.854,15.800,40.600,163.000,0.724,RGO
1937-02-15,1116,-6.854,-22.300,75.200,30.000,0.961,RGO
1937-02-15,1116,-6.854,-27.400,-9.300,26.000,0.381,RGO
1937-02-15,1116,-6.854,-6.500,32.800,24.000,0.541,RGO
1937-02-15,1116,-6.854,21.300,-70.900,17.000,0.967,RGO
1937-02-15,1116,-6.854,-34.300,61.000,14.000,0.887,RGO
1937-03-14,1117,-7.177,17.800,74.500,338.000,0.978,RGO
1937-03-14,1117,-7.177,13.700,7.400,158.000,0.379,RGO
1937-03-14,1117,-7.177,-28.700,79.500,143.000,0.977,RGO
1937-03-14,1117,-7.177,30.300,16.000,13.000,0.652,RGO
1937-03-14,1117,-7.177,-13.400,47.200,12.000,0.731,RGO
1937-04-10,1118,-5.947,-22.100,14.600,431.000,0.368,RGO
1937-04-10,1118,-5.947,19.600,36.600,152.000,0.699,RGO
1937-04-10,1118,-5.947,-9.300,13.900,87.000,0.247,RGO
1937-04-10,1118,-5.947,29.500,14.900,31.000,0.621,RGO
1937-04-10,1118,-5.947,-14.100,32.000,10.000,0.540,RGO
1937-04-10,1118,-5.947,11.000,-21.800,10.000,0.464,RGO
1937-05-08,1119,-3.386,11.600,-24.900,499.000,0.485,RGO
1937-05-08,1119,-3.386,18.200,47.400,233.000,0.783,RGO
1937-05-08,1119,-3.386,-17.200,37.300,20.000,0.633,RGO
1937-05-08,1119,-3.386,11.700,-58.200,9.000,0.866,RGO
1937-05-08,1119,-3.386,-29.700,33.500,5.000,0.662,RGO
1937-06-04,1120,-0.244,12.800,-7.200,1130.000,0.257,RGO
1937-06-04,1120,-0.244,11.500,-62.900,667.000,0.897,RGO
1937-06-04,1120,-0.244,14.300,67.600,205.000,0.931,RGO
1937-06-04,1120,-0.244,-15.700,-74.200,87.000,0.966,RGO
1937-06-04,1120,-0.244,-17.600,34.500,67.000,0.619,RGO
1937-06-04,1120,-0.244,10.800,-44.500,45.000,0.716,RGO
1937-06-04,1120,-0.244,17.000,58.700,27.000,0.871,RGO
1937-06-04,1120,-0.244,11.200,0.400,26.000,0.199,RGO
1937-06-04,1120,-0.244,-13.800,53.200,12.000,0.814,RGO
1937-06-04,1120,-0.244,9.400,-17.000,12.000,0.335,RGO
1937-07-01,1121,2.924,-11.000,57.500,251.000,0.858,RGO
1937-07-01,1121,2.924,15.900,-7.500,242.000,0.257,RGO
1937-07-01,1121,2.924,-16.100,41.200,177.000,0.709,RGO
1937-07-01,1121,2.924,15.200,-66.800,74.000,0.921,RGO
1937-07-01,1121,2.924,17.500,-12.400,29.000,0.325,RGO
1937-07-01,1121,2.924,17.000,18.100,25.000,0.387,RGO
1937-07-28,1122,5.515,31.500,-5.000,3303.000,0.446,RGO
1937-07-28,1122,5.515,-13.900,61.300,871.000,0.899,RGO
1937-07-28,1122,5.515,-11.000,-68.000,425.000,0.939,RGO
1937-07-28,1122,5.515,29.900,-62.700,238.000,0.898,RGO
1937-07-28,1122,5.515,10.400,59.300,205.000,0.858,RGO
1937-07-28,1122,5.515,16.100,19.100,39.000,0.368,RGO
1937-07-28,1122,5.515,8.000,-71.500,14.000,0.947,RGO
1937-07-28,1122,5.515,15.200,-69.800,7.000,0.936,RGO
1937-07-28,1122,5.515,-13.000,50.800,4.000,0.808,RGO
1937-07-28,1122,5.515,-3.200,46.100,4.000,0.731,RGO
1937-08-25,1123,7.048,32.900,-1.400,1077.000,0.438,RGO
1937-08-25,1123,7.048,-13.400,5.800,459.000,0.365,RGO
1937-08-25,1123,7.048,-26.700,21.500,386.000,0.641,RGO
1937-08-25,1123,7.048,-8.900,21.600,232.000,0.453,RGO
1937-08-25,1123,7.048,15.200,-29.800,84.000,0.507,RGO
1937-08-25,1123,7.048,15.100,-17.900,58.000,0.332,RGO
1937-08-25,1123,7.048,20.700,28.000,37.000,0.506,RGO
1937-08-25,1123,7.048,23.200,13.800,27.000,0.358,RGO
1937-08-25,1123,7.048,32.200,14.600,21.000,0.479,RGO
1937-08-25,1123,7.048,39.000,-18.200,14.000,0.589,RGO
1937-08-25,1123,7.048,15.200,33.200,8.000,0.554,RGO
1937-09-21,1124,7.072,13.700,15.200,228.000,0.283,RGO
1937-09-21,1124,7.072,34.200,-28.200,224.000,0.612,RGO
1937-09-21,1124,7.072,11.900,37.100,139.000,0.612,RGO
1937-09-21,1124,7.072,-11.500,-61.500,82.000,0.900,RGO
1937-09-21,1124,7.072,4.900,46.300,50.000,0.723,RGO
1937-09-21,1124,7.072,-19.200,25.900,38.000,0.599,RGO
1937-09-21,1124,7.072,17.600,-7.100,24.000,0.218,RGO
1937-09-21,1124,7.072,-4.200,51.100,14.000,0.793,RGO
1937-09-21,1124,7.072,-15.100,9.200,9.000,0.408,RGO
1937-09-21,1124,7.072,13.600,-63.200,4.000,0.888,RGO
1937-10-18,1125,5.604,-21.900,22.500,287.000,0.580,RGO
1937-10-18,1125,5.604,12.000,74.200,244.000,0.960,RGO
1937-10-18,1125,5.604,-5.500,-15.900,202.000,0.332,RGO
1937-10-18,1125,5.604,-17.300,16.600,197.000,0.474,RGO
1937-10-18,1125,5.604,-26.300,-36.200,160.000,0.739,RGO
1937-10-18,1125,5.604,13.300,16.900,99.000,0.316,RGO
1937-10-18,1125,5.604,-21.000,28.200,89.000,0.623,RGO
1937-10-18,1125,5.604,-20.100,67.800,31.000,0.949,RGO
1937-10-18,1125,5.604,-19.600,-71.400,28.000,0.965,RGO
1937-10-18,1125,5.604,-21.300,-26.700,25.000,0.612,RGO
1937-10-18,1125,5.604,-5.800,-55.000,20.000,0.832,RGO
1937-10-18,1125,5.604,12.200,-56.700,12.000,0.834,RGO
1937-11-14,1126,2.907,-14.500,5.600,753.000,0.315,RGO
1937-11-14,1126,2.907,-13.000,66.500,233.000,0.928,RGO
1937-11-14,1126,2.907,22.800,8.800,187.000,0.370,RGO
1937-11-14,1126,2.907,12.200,33.800,53.000,0.572,RGO
1937-11-14,1126,2.907,-9.200,76.800,41.000,0.977,RGO
1937-11-14,1126,2.907,-14.700,-23.100,32.000,0.485,RGO
1937-11-14,1126,2.907,-21.000,49.100,15.000,0.808,RGO
1937-11-14,1126,2.907,6.400,-45.200,13.000,0.711,RGO
1937-11-14,1126,2.907,18.800,1.100,4.000,0.275,RGO
1937-11-14,1126,2.907,10.200,-37.600,4.000,0.618,RGO
1937-12-12,1127,-0.587,-21.500,-38.500,1074.000,0.683,RGO
1937-12-12,1127,-0.587,8.200,-32.900,190.000,0.560,RGO
1937-12-12,1127,-0.587,-23.900,-13.500,106.000,0.452,RGO
1937-12-12,1127,-0.587,-22.200,1.400,55.000,0.370,RGO
1938-01-08,1128,-3.852,12.900,18.000,689.000,0.417,RGO
1938-01-08,1128,-3.852,37.400,72.600,344.000,0.982,RGO
1938-01-08,1128,-3.852,20.200,-39.900,217.000,0.721,RGO
1938-01-08,1128,-3.852,8.300,-32.100,80.000,0.565,RGO
1938-01-08,1128,-3.852,24.600,-40.200,29.000,0.749,RGO
1938-01-08,1128,-3.852,5.200,28.100,18.000,0.495,RGO
1938-01-08,1128,-3.852,19.500,-32.400,18.000,0.638,RGO
1938-01-08,1128,-3.852,4.500,52.400,11.000,0.801,RGO
1938-01-08,1128,-3.852,-15.000,-38.800,8.000,0.642,RGO
1938-01-08,1128,-3.852,7.400,-23.000,5.000,0.433,RGO
1938-01-08,1128,-3.852,-18.900,-23.700,3.000,0.465,RGO
1938-02-04,1129,-6.250,12.600,27.600,643.000,0.551,RGO
1938-02-04,1129,-6.250,-11.200,-14.500,331.000,0.263,RGO
1938-02-04,1129,-6.250,-21.100,-70.900,130.000,0.941,RGO
1938-02-04,1129,-6.250,-17.100,-50.900,41.000,0.778,RGO
1938-02-04,1129,-6.250,-25.000,36.700,20.000,0.642,RGO
1938-02-04,1129,-6.250,8.200,66.000,11.000,0.925,RGO
1938-02-04,1129,-6.250,-20.800,-61.600,9.000,0.879,RGO
1938-02-04,1129,-6.250,-23.800,-72.000,6.000,0.947,RGO
1938-03-04,1130,-7.245,-14.000,61.500,485.000,0.874,RGO
1938-03-04,1130,-7.245,23.100,-74.900,410.000,0.983,RGO
1938-03-04,1130,-7.245,-25.600,-64.800,359.000,0.902,RGO
1938-03-04,1130,-7.245,-18.100,-31.100,24.000,0.535,RGO
1938-03-31,1131,-6.582,-14.600,55.700,1246.000,0.823,RGO
1938-03-31,1131,-6.582,-20.700,-26.800,357.000,0.495,RGO
1938-03-31,1131,-6.582,-21.800,-82.700,239.000,0.988,RGO
1938-03-31,1131,-6.582,-26.800,-80.100,165.000,0.980,RGO
1938-03-31,1131,-6.582,-15.500,-28.700,43.000,0.494,RGO
1938-03-31,1131,-6.582,-19.600,21.500,32.000,0.418,RGO
1938-03-31,1131,-6.582,19.900,-73.100,9.000,0.974,RGO
1938-04-27,1132,-4.538,-28.000,-73.500,583.000,0.959,RGO
1938-04-27,1132,-4.538,-9.600,82.600,473.000,0.991,RGO
1938-04-27,1132,-4.538,12.200,-12.000,466.000,0.352,RGO
1938-04-27,1132,-4.538,-13.500,62.300,353.000,0.885,RGO
1938-04-27,1132,-4.538,-19.600,-77.100,294.000,0.973,RGO
1938-04-27,1132,-4.538,8.500,-17.500,190.000,0.372,RGO
1938-04-27,1132,-4.538,23.300,-75.400,181.000,0.981,RGO
1938-04-27,1132,-4.538,-9.800,-17.400,125.000,0.312,RGO
1938-04-27,1132,-4.538,-18.500,-28.200,106.000,0.516,RGO
1938-04-27,1132,-4.538,24.100,1.200,64.000,0.482,RGO
1938-04-27,1132,-4.538,-15.400,47.300,37.000,0.742,RGO
1938-05-24,1133,-1.594,8.300,7.100,1001.000,0.212,RGO
1938-05-24,1133,-1.594,-16.200,-7.500,492.000,0.283,RGO
1938-05-24,1133,-1.594,-14.100,54.600,237.000,0.825,RGO
1938-05-24,1133,-1.594,-13.100,32.900,225.000,0.569,RGO
1938-05-24,1133,-1.594,-9.300,83.000,204.000,0.993,RGO
1938-05-24,1133,-1.594,-25.500,-7.500,180.000,0.424,RGO
1938-05-24,1133,-1.594,-27.900,17.300,78.000,0.518,RGO
1938-05-24,1133,-1.594,11.000,-67.900,75.000,0.933,RGO
1938-05-24,1133,-1.594,10.000,18.100,60.000,0.367,RGO
1938-05-24,1133,-1.594,6.400,-49.300,28.000,0.767,RGO
1938-05-24,1133,-1.594,-10.000,-56.200,8.000,0.836,RGO
1938-05-24,1133,-1.594,4.400,-1.200,4.000,0.106,RGO
1938-06-21,1134,1.757,6.300,-16.900,945.000,0.301,RGO
1938-06-21,1134,1.757,6.100,31.200,345.000,0.523,RGO
1938-06-21,1134,1.757,20.400,46.700,88.000,0.759,RGO
1938-06-21,1134,1.757,22.700,-19.500,33.000,0.475,RGO
1938-06-21,1134,1.757,-16.000,64.800,22.000,0.918,RGO
1938-06-21,1134,1.757,15.400,46.800,21.000,0.747,RGO
1938-06-21,1134,1.757,7.500,-42.500,14.000,0.681,RGO
1938-06-21,1134,1.757,-7.300,-4.100,9.000,0.174,RGO
1938-06-21,1134,1.757,14.400,-19.900,8.000,0.400,RGO
1938-06-21,1134,1.757,13.300,12.900,6.000,0.297,RGO
1938-06-21,1134,1.757,10.000,12.800,3.000,0.262,RGO
1938-06-21,1134,1.757,8.100,36.600,3.000,0.603,RGO
1938-07-18,1135,4.634,-13.400,44.000,2322.000,0.737,RGO
1938-07-18,1135,4.634,16.600,-77.800,287.000,0.975,RGO
1938-07-18,1135,4.634,4.500,34.500,251.000,0.567,RGO
1938-07-18,1135,4.634,19.300,47.600,235.000,0.752,RGO
1938-07-18,1135,4.634,5.800,-10.600,130.000,0.185,RGO
1938-07-18,1135,4.634,-8.100,78.500,29.000,0.983,RGO
1938-07-18,1135,4.634,6.800,-40.500,26.000,0.650,RGO
1938-07-18,1135,4.634,-14.600,-8.700,22.000,0.362,RGO
1938-07-18,1135,4.634,9.700,-61.000,13.000,0.874,RGO
1938-07-18,1135,4.634,-25.300,0.800,10.000,0.502,RGO
1938-07-18,1135,4.634,-26.200,-39.200,7.000,0.758,RGO
1938-07-18,1135,4.634,11.400,-4.100,4.000,0.137,RGO
1938-08-14,1136,6.602,-14.400,45.000,769.000,0.761,RGO
1938-08-14,1136,6.602,-24.900,-3.200,582.000,0.527,RGO
1938-08-14,1136,6.602,-20.700,-30.400,217.000,0.651,RGO
1938-08-14,1136,6.602,4.000,34.700,104.000,0.570,RGO
1938-08-14,1136,6.602,-21.700,3.000,30.000,0.478,RGO
1938-08-14,1136,6.602,-27.500,46.700,16.000,0.836,RGO
1938-08-14,1136,6.602,23.300,35.600,15.000,0.619,RGO
1938-08-14,1136,6.602,10.100,-50.400,12.000,0.768,RGO
1938-08-14,1136,6.602,-17.200,-23.400,5.000,0.549,RGO
1938-09-10,1137,7.247,10.500,65.500,848.000,0.906,RGO
1938-09-10,1137,7.247,-18.300,40.700,250.000,0.740,RGO
1938-09-10,1137,7.247,10.500,22.600,107.000,0.386,RGO
1938-09-10,1137,7.247,11.000,-47.700,79.000,0.736,RGO
1938-09-10,1137,7.247,10.700,-84.100,37.000,0.993,RGO
1938-09-10,1137,7.247,17.500,-47.700,24.000,0.741,RGO
1938-09-10,1137,7.247,20.100,-2.700,21.000,0.229,RGO
1938-10-08,1138,6.328,16.900,-45.800,2952.000,0.721,RGO
1938-10-08,1138,6.328,11.700,37.500,281.000,0.610,RGO
1938-10-08,1138,6.328,20.000,48.100,113.000,0.752,RGO
1938-10-08,1138,6.328,8.000,4.600,76.000,0.085,RGO
1938-10-08,1138,6.328,14.200,45.700,59.000,0.716,RGO
1938-10-08,1138,6.328,-16.200,59.400,32.000,0.892,RGO
1938-10-08,1138,6.328,-16.400,44.800,21.000,0.767,RGO
1938-11-04,1139,4.046,-8.900,-81.300,1018.000,0.991,RGO
1938-11-04,1139,4.046,8.100,16.000,304.000,0.284,RGO
1938-11-04,1139,4.046,-6.900,5.500,123.000,0.212,RGO
1938-11-04,1139,4.046,11.900,-5.300,116.000,0.165,RGO
1938-11-04,1139,4.046,13.800,49.700,96.000,0.768,RGO
1938-11-04,1139,4.046,16.000,-42.000,84.000,0.684,RGO
1938-11-04,1139,4.046,24.600,37.200,29.000,0.662,RGO
1938-11-04,1139,4.046,15.200,13.800,18.000,0.304,RGO
1938-11-04,1139,4.046,-14.800,27.000,15.000,0.541,RGO
1938-11-04,1139,4.046,11.400,-68.900,10.000,0.932,RGO
1938-11-04,1139,4.046,14.700,-60.400,9.000,0.872,RGO
1938-11-04,1139,4.046,13.400,37.500,8.000,0.621,RGO
1938-11-04,1139,4.046,-30.100,-35.300,7.000,0.745,RGO
1938-12-01,1140,0.853,13.800,36.000,1774.000,0.617,RGO
1938-12-01,1140,0.853,-16.900,35.100,589.000,0.630,RGO
1938-12-01,1140,0.853,-10.100,-85.100,396.000,0.997,RGO
1938-12-01,1140,0.853,11.600,-37.900,100.000,0.633,RGO
1938-12-01,1140,0.853,11.300,-74.200,48.000,0.964,RGO
1938-12-29,1141,-2.675,12.800,38.000,365.000,0.656,RGO
1938-12-29,1141,-2.675,-18.900,43.300,335.000,0.714,RGO
1938-12-29,1141,-2.675,-12.400,-84.000,312.000,0.994,RGO
1938-12-29,1141,-2.675,-2.300,-12.700,147.000,0.221,RGO
1938-12-29,1141,-2.675,12.800,46.200,119.000,0.750,RGO
1938-12-29,1141,-2.675,16.300,71.500,43.000,0.958,RGO
1938-12-29,1141,-2.675,9.900,48.600,23.000,0.769,RGO
1939-01-25,1142,-5.483,-8.700,-22.000,425.000,0.377,RGO
1939-01-25,1142,-5.483,14.300,-61.600,266.000,0.902,RGO
1939-01-25,1142,-5.483,6.400,52.800,215.000,0.812,RGO
1939-01-25,1142,-5.483,-12.500,-86.400,177.000,0.997,RGO
1939-01-25,1142,-5.483,-12.700,12.600,92.000,0.249,RGO
1939-01-25,1142,-5.483,9.400,52.800,89.000,0.818,RGO
1939-01-25,1142,-5.483,-10.300,1.100,70.000,0.087,RGO
1939-01-25,1142,-5.483,-6.700,-1.700,52.000,0.037,RGO
1939-02-21,1143,-7.050,-16.900,52.400,410.000,0.791,RGO
1939-02-21,1143,-7.050,12.700,76.000,332.000,0.979,RGO
1939-02-21,1143,-7.050,-17.900,-74.800,239.000,0.960,RGO
1939-02-21,1143,-7.050,28.800,-68.500,197.000,0.967,RGO
1939-02-21,1143,-7.050,15.000,-44.000,79.000,0.756,RGO
1939-02-21,1143,-7.050,-9.800,9.400,79.000,0.170,RGO
1939-02-21,1143,-7.050,11.500,57.100,67.000,0.866,RGO
1939-02-21,1143,-7.050,-10.000,-40.700,33.000,0.649,RGO
1939-02-21,1143,-7.050,6.000,60.200,23.000,0.881,RGO
1939-02-21,1143,-7.050,-25.400,-23.100,9.000,0.481,RGO
1939-02-21,1143,-7.050,-12.200,-21.400,5.000,0.372,RGO
1939-03-20,1144,-7.046,-13.100,78.200,469.000,0.975,RGO
1939-03-20,1144,-7.046,13.900,-35.600,461.000,0.659,RGO
1939-03-20,1144,-7.046,-16.400,45.900,397.000,0.719,RGO
1939-03-20,1144,-7.046,26.000,63.400,165.000,0.940,RGO
1939-03-20,1144,-7.046,-9.600,18.300,51.000,0.316,RGO
1939-03-20,1144,-7.046,11.900,79.000,47.000,0.988,RGO
1939-03-20,1144,-7.046,-23.100,-81.200,29.000,0.983,RGO
1939-03-20,1144,-7.046,-6.900,-25.400,21.000,0.427,RGO
1939-03-20,1144,-7.046,16.400,-19.100,14.000,0.503,RGO
1939-03-20,1144,-7.046,18.000,-36.600,14.000,0.697,RGO
1939-03-20,1144,-7.046,15.500,18.300,9.000,0.485,RGO
1939-03-20,1144,-7.046,8.300,-6.700,6.000,0.289,RGO
1939-04-17,1145,-5.451,13.100,19.600,737.000,0.453,RGO
1939-04-17,1145,-5.451,9.300,-66.800,185.000,0.930,RGO
1939-04-17,1145,-5.451,-12.200,64.600,156.000,0.901,RGO
1939-04-17,1145,-5.451,18.100,-23.700,150.000,0.549,RGO
1939-04-17,1145,-5.451,8.200,22.800,134.000,0.448,RGO
1939-04-17,1145,-5.451,-17.000,44.500,131.000,0.710,RGO
1939-04-17,1145,-5.451,17.100,-52.700,36.000,0.838,RGO
1939-04-17,1145,-5.451,19.600,34.900,32.000,0.677,RGO
1939-04-17,1145,-5.451,1.100,-8.600,6.000,0.188,RGO
1939-04-17,1145,-5.451,12.900,-2.900,2.000,0.320,RGO
1939-05-14,1146,-2.781,13.600,84.000,388.000,0.996,RGO
1939-05-14,1146,-2.781,-21.200,-1.400,195.000,0.320,RGO
1939-05-14,1146,-2.781,-0.900,20.400,130.000,0.351,RGO
1939-05-14,1146,-2.781,8.000,-73.700,118.000,0.964,RGO
1939-05-14,1146,-2.781,9.400,9.500,111.000,0.266,RGO
1939-05-14,1146,-2.781,8.100,16.300,103.000,0.336,RGO
1939-05-14,1146,-2.781,-14.700,-1.000,90.000,0.209,RGO
1939-05-14,1146,-2.781,25.900,50.400,74.000,0.836,RGO
1939-05-14,1146,-2.781,-16.800,-42.900,67.000,0.702,RGO
1939-05-14,1146,-2.781,12.800,16.700,42.000,0.388,RGO
1939-05-14,1146,-2.781,-7.100,-4.200,38.000,0.106,RGO
1939-05-14,1146,-2.781,14.400,17.300,36.000,0.412,RGO
1939-05-14,1146,-2.781,-2.600,13.400,34.000,0.233,RGO
1939-05-14,1146,-2.781,6.800,17.500,20.000,0.341,RGO
1939-06-10,1147,0.418,24.700,-54.700,541.000,0.851,RGO
1939-06-10,1147,0.418,3.400,-63.800,232.000,0.899,RGO
1939-06-10,1147,0.418,17.100,-9.300,219.000,0.327,RGO
1939-06-10,1147,0.418,13.200,78.400,111.000,0.981,RGO
1939-06-10,1147,0.418,7.500,7.300,103.000,0.176,RGO
1939-06-10,1147,0.418,-23.500,61.700,59.000,0.904,RGO
1939-06-10,1147,0.418,3.500,-73.700,53.000,0.961,RGO
1939-06-10,1147,0.418,7.800,20.900,28.000,0.377,RGO
1939-06-10,1147,0.418,-19.000,-1.000,20.000,0.335,RGO
1939-06-10,1147,0.418,-11.400,-57.600,15.000,0.855,RGO
1939-07-08,1148,3.621,-4.600,-10.600,1737.000,0.233,RGO
1939-07-08,1148,3.621,6.100,1.600,661.000,0.050,RGO
1939-07-08,1148,3.621,-15.800,-16.600,630.000,0.432,RGO
1939-07-08,1148,3.621,-22.500,76.700,250.000,0.983,RGO
1939-07-08,1148,3.621,-15.500,-56.800,18.000,0.863,RGO
1939-07-08,1148,3.621,-24.300,63.700,17.000,0.928,RGO
1939-07-08,1148,3.621,-8.300,52.100,8.000,0.804,RGO
1939-07-08,1148,3.621,20.100,-39.600,6.000,0.670,RGO
1939-08-04,1149,5.992,13.500,-36.900,884.000,0.606,RGO
1939-08-04,1149,5.992,7.900,8.100,549.000,0.144,RGO
1939-08-04,1149,5.992,15.000,7.200,271.000,0.200,RGO
1939-08-04,1149,5.992,-15.100,-12.600,262.000,0.417,RGO
1939-08-31,1150,7.175,-14.200,-8.300,1857.000,0.392,RGO
1939-08-31,1150,7.175,-6.100,-15.300,329.000,0.347,RGO
1939-08-31,1150,7.175,14.800,75.400,137.000,0.963,RGO
1939-08-31,1150,7.175,5.000,-81.100,124.000,0.987,RGO
1939-08-31,1150,7.175,-7.300,-42.200,71.000,0.704,RGO
1939-08-31,1150,7.175,27.800,2.400,46.000,0.356,RGO
1939-08-31,1150,7.175,15.200,-26.200,5.000,0.454,RGO
1939-09-27,1151,6.891,-11.800,-8.900,1965.000,0.354,RGO
1939-09-27,1151,6.891,14.800,-48.300,565.000,0.745,RGO
1939-09-27,1151,6.891,15.500,-65.800,335.000,0.907,RGO
1939-09-27,1151,6.891,-19.300,75.000,276.000,0.980,RGO
1939-09-27,1151,6.891,-5.200,47.100,155.000,0.752,RGO
1939-09-27,1151,6.891,-4.200,38.300,77.000,0.642,RGO
1939-09-27,1151,6.891,-15.800,-2.500,68.000,0.390,RGO
1939-09-27,1151,6.891,-11.400,1.300,12.000,0.317,RGO
1939-09-27,1151,6.891,17.900,-30.400,9.000,0.527,RGO
1939-09-27,1151,6.891,-4.700,2.200,5.000,0.206,RGO
1939-09-27,1151,6.891,20.500,-12.400,5.000,0.314,RGO
1939-10-25,1152,5.052,-7.900,-8.600,1648.000,0.268,RGO
1939-10-25,1152,5.052,14.000,-39.400,278.000,0.642,RGO
1939-10-25,1152,5.052,21.000,-83.300,245.000,0.991,RGO
1939-10-25,1152,5.052,14.400,14.800,134.000,0.300,RGO
1939-10-25,1152,5.052,-6.000,51.200,93.000,0.793,RGO
1939-10-25,1152,5.052,-11.800,5.100,36.000,0.303,RGO
1939-10-25,1152,5.052,6.700,49.400,30.000,0.759,RGO
1939-10-25,1152,5.052,2.800,-38.000,26.000,0.617,RGO
1939-11-21,1153,2.133,-15.200,33.400,1302.000,0.609,RGO
1939-11-21,1153,2.133,-6.500,-10.900,397.000,0.241,RGO
1939-11-21,1153,2.133,-13.200,-79.100,392.000,0.985,RGO
1939-11-21,1153,2.133,23.600,3.600,21.000,0.372,RGO
1939-12-18,1154,-1.285,21.900,10.800,441.000,0.432,RGO
1939-12-18,1154,-1.285,28.700,19.400,173.000,0.580,RGO
1939-12-18,1154,-1.285,-15.400,63.300,133.000,0.900,RGO
1939-12-18,1154,-1.285,-19.100,-71.100,43.000,0.951,RGO
1939-12-18,1154,-1.285,-7.700,55.900,12.000,0.832,RGO
1940-01-14,1155,-4.431,-7.700,58.900,292.000,0.856,RGO
1940-01-14,1155,-4.431,-9.400,-31.400,255.000,0.525,RGO
1940-01-14,1155,-4.431,-16.700,28.800,34.000,0.513,RGO
1940-01-14,1155,-4.431,-12.400,-21.800,24.000,0.392,RGO
1940-01-14,1155,-4.431,7.100,34.400,22.000,0.593,RGO
1940-02-11,1156,-6.630,6.900,-83.800,245.000,0.996,RGO
1940-02-11,1156,-6.630,13.600,-3.300,244.000,0.351,RGO
1940-02-11,1156,-6.630,-6.300,-3.400,198.000,0.060,RGO
1940-02-11,1156,-6.630,-8.900,80.400,59.000,0.984,RGO
1940-02-11,1156,-6.630,-11.700,-33.500,37.000,0.553,RGO
1940-02-11,1156,-6.630,-25.100,77.400,16.000,0.971,RGO
1940-02-11,1156,-6.630,-14.200,-22.300,15.000,0.395,RGO
1940-03-09,1157,-7.238,-11.400,-12.400,248.000,0.225,RGO
1940-03-09,1157,-7.238,-8.700,-16.500,80.000,0.284,RGO
1940-03-09,1157,-7.238,11.700,-35.400,60.000,0.644,RGO
1940-03-09,1157,-7.238,-7.600,0.700,16.000,0.015,RGO
1940-04-05,1158,-6.266,-12.900,40.800,242.000,0.655,RGO
1940-04-05,1158,-6.266,-7.400,-14.100,184.000,0.244,RGO
1940-04-05,1158,-6.266,-15.400,-6.800,137.000,0.197,RGO
1940-04-05,1158,-6.266,6.800,67.400,30.000,0.932,RGO
1940-04-05,1158,-6.266,7.500,68.400,16.000,0.939,RGO
1940-04-05,1158,-6.266,-6.500,3.000,10.000,0.053,RGO
1940-05-03,1159,-3.891,9.500,28.200,49.000,0.518,RGO
1940-05-03,1159,-3.891,8.700,-18.100,11.000,0.376,RGO
1940-05-03,1159,-3.891,-13.100,40.400,7.000,0.658,RGO
1940-05-30,1160,-0.819,-10.400,8.400,327.000,0.221,RGO
1940-05-30,1160,-0.819,-12.500,41.200,322.000,0.678,RGO
1940-05-30,1160,-0.819,22.400,40.000,31.000,0.714,RGO
1940-05-30,1160,-0.819,11.500,6.000,17.000,0.238,RGO
1940-05-30,1160,-0.819,-6.800,-51.200,9.000,0.783,RGO
1940-06-26,1161,2.390,-15.700,13.500,814.000,0.384,RGO
1940-06-26,1161,2.390,-10.000,47.900,464.000,0.760,RGO
1940-06-26,1161,2.390,-14.200,-52.200,309.000,0.814,RGO
1940-06-26,1161,2.390,2.600,-51.800,142.000,0.788,RGO
1940-06-26,1161,2.390,-14.400,29.800,85.000,0.561,RGO
1940-06-26,1161,2.390,-9.800,6.500,68.000,0.240,RGO
1940-06-26,1161,2.390,-18.800,5.800,32.000,0.376,RGO
1940-06-26,1161,2.390,-16.300,26.900,21.000,0.539,RGO
1940-06-26,1161,2.390,8.700,-31.600,17.000,0.533,RGO
1940-06-26,1161,2.390,15.200,4.300,11.000,0.234,RGO
1940-07-23,1162,5.124,-18.500,3.800,90.000,0.408,RGO
1940-07-23,1162,5.124,-11.900,22.500,14.000,0.474,RGO
1940-07-23,1162,5.124,5.500,-63.600,13.000,0.895,RGO
1940-07-23,1162,5.124,-6.500,-45.200,10.000,0.729,RGO
1940-08-20,1163,6.889,8.500,-6.600,918.000,0.118,RGO
1940-08-20,1163,6.889,-12.500,46.300,700.000,0.767,RGO
1940-08-20,1163,6.889,-7.600,-81.900,252.000,0.993,RGO
1940-08-20,1163,6.889,6.000,-82.200,206.000,0.990,RGO
1940-08-20,1163,6.889,13.000,44.400,178.000,0.699,RGO
1940-08-20,1163,6.889,-17.100,12.100,132.000,0.453,RGO
1940-08-20,1163,6.889,12.500,-44.600,24.000,0.700,RGO
1940-08-20,1163,6.889,-15.700,25.200,20.000,0.557,RGO
1940-08-20,1163,6.889,-15.800,-47.900,11.000,0.796,RGO
1940-09-16,1164,7.178,14.500,63.300,113.000,0.888,RGO
1940-09-16,1164,7.178,-7.900,-82.800,105.000,0.995,RGO
1940-09-16,1164,7.178,26.600,24.100,103.000,0.503,RGO
1940-09-16,1164,7.178,15.900,-4.700,84.000,0.171,RGO
1940-09-16,1164,7.178,-5.700,31.600,21.000,0.563,RGO
1940-10-13,1165,5.965,15.200,4.000,907.000,0.177,RGO
1940-10-13,1165,5.965,-8.700,-40.700,507.000,0.686,RGO
1940-10-13,1165,5.965,-15.800,17.700,194.000,0.470,RGO
1940-10-13,1165,5.965,-5.900,-65.400,178.000,0.918,RGO
1940-10-13,1165,5.965,13.300,68.900,30.000,0.930,RGO
1940-11-09,1166,3.451,11.500,60.300,116.000,0.870,RGO
1940-11-09,1166,3.451,10.000,-79.200,106.000,0.982,RGO
1940-11-09,1166,3.451,8.300,6.700,83.000,0.144,RGO
1940-11-09,1166,3.451,-9.900,-50.600,81.000,0.792,RGO
1940-11-09,1166,3.451,7.400,-46.100,81.000,0.722,RGO
1940-11-09,1166,3.451,7.900,-54.200,45.000,0.812,RGO
1940-11-09,1166,3.451,-1.700,59.700,26.000,0.867,RGO
1940-11-09,1166,3.451,16.400,-73.300,14.000,0.958,RGO
1940-12-07,1167,0.024,-11.000,-29.300,273.000,0.518,RGO
1940-12-07,1167,0.024,9.000,-28.300,240.000,0.496,RGO
1940-12-07,1167,0.024,14.000,76.200,137.000,0.974,RGO
1940-12-07,1167,0.024,1.300,-11.700,116.000,0.205,RGO
1940-12-07,1167,0.024,-13.400,-75.800,96.000,0.972,RGO
1940-12-07,1167,0.024,18.700,-49.900,94.000,0.794,RGO
1940-12-07,1167,0.024,7.800,-20.500,53.000,0.374,RGO
1941-01-03,1168,-3.318,15.400,-19.300,105.000,0.453,RGO
1941-01-03,1168,-3.318,8.000,-18.100,94.000,0.366,RGO
1941-01-03,1168,-3.318,18.800,-16.000,31.000,0.460,RGO
1941-01-03,1168,-3.318,-8.400,8.900,17.000,0.178,RGO
1941-01-03,1168,-3.318,16.300,12.400,13.000,0.395,RGO
1941-01-30,1169,-5.918,11.700,-6.500,645.000,0.324,RGO
1941-01-30,1169,-5.918,-11.400,-57.600,365.000,0.842,RGO
1941-01-30,1169,-5.918,-1.000,-27.600,152.000,0.471,RGO
1941-01-30,1169,-5.918,9.700,-59.700,94.000,0.881,RGO
1941-01-30,1169,-5.918,-1.700,44.800,50.000,0.708,RGO
1941-02-27,1170,-7.197,14.400,0.100,712.000,0.370,RGO
1941-02-27,1170,-7.197,9.600,-34.900,194.000,0.627,RGO
1941-02-27,1170,-7.197,6.800,-20.500,81.000,0.421,RGO
1941-02-27,1170,-7.197,-16.200,46.500,22.000,0.725,RGO
1941-02-27,1170,-7.197,5.300,-13.200,18.000,0.315,RGO
1941-03-26,1171,-6.810,7.600,-33.100,117.000,0.590,RGO
1941-03-26,1171,-6.810,-14.400,54.900,44.000,0.815,RGO
1941-03-26,1171,-6.810,-9.500,-43.600,12.000,0.687,RGO
1941-04-22,1172,-4.980,-5.900,-29.900,643.000,0.499,RGO
1941-05-19,1173,-2.153,-5.500,-20.700,59.000,0.358,RGO
1941-05-19,1173,-2.153,-16.100,-28.200,16.000,0.519,RGO
1941-05-19,1173,-2.153,23.600,43.000,7.000,0.758,RGO
1941-05-19,1173,-2.153,-8.500,-19.800,6.000,0.355,RGO
1941-05-19,1173,-2.153,-8.000,-1.600,4.000,0.107,RGO
1941-06-16,1174,1.195,4.800,27.400,322.000,0.465,RGO
1941-06-16,1174,1.195,-9.100,61.400,40.000,0.885,RGO
1941-07-13,1175,4.178,-15.000,-25.800,73.000,0.531,RGO
1941-07-13,1175,4.178,3.000,29.100,10.000,0.488,RGO
1941-08-09,1176,6.341,10.200,43.800,810.000,0.691,RGO
1941-08-09,1176,6.341,-12.800,4.900,307.000,0.341,RGO
1941-08-09,1176,6.341,-15.900,-26.400,38.000,0.567,RGO
1941-08-09,1176,6.341,5.100,-7.600,24.000,0.134,RGO
1941-08-09,1176,6.341,15.000,28.100,13.000,0.485,RGO
1941-09-06,1177,7.246,-5.700,1.700,320.000,0.226,RGO
1941-09-06,1177,7.246,12.900,9.100,56.000,0.186,RGO
1941-09-06,1177,7.246,12.800,-43.700,39.000,0.689,RGO
1941-10-03,1178,6.597,1.100,17.100,463.000,0.309,RGO
1941-10-03,1178,6.597,3.400,75.600,25.000,0.968,RGO
1941-10-03,1178,6.597,-5.500,0.400,22.000,0.210,RGO
1941-10-03,1178,6.597,-5.600,11.800,10.000,0.293,RGO
1941-10-30,1179,4.532,12.900,9.100,1109.000,0.213,RGO
1941-10-30,1179,4.532,12.100,-36.800,49.000,0.607,RGO
1941-10-30,1179,4.532,0.200,17.900,23.000,0.317,RGO
1941-11-26,1180,1.454,-18.800,-24.800,650.000,0.527,RGO
1941-11-26,1180,1.454,10.400,-40.200,214.000,0.657,RGO
1941-11-26,1180,1.454,8.900,14.800,195.000,0.286,RGO
1941-11-26,1180,1.454,4.100,-1.600,119.000,0.055,RGO
1941-11-26,1180,1.454,13.100,-56.500,32.000,0.842,RGO
1941-12-24,1181,-2.096,-7.800,-56.000,140.000,0.832,RGO
1941-12-24,1181,-2.096,7.900,2.900,20.000,0.183,RGO
1942-01-20,1182,-5.062,12.400,7.200,153.000,0.325,RGO
1942-01-20,1182,-5.062,12.700,-54.600,68.000,0.842,RGO
1942-02-16,1183,-6.883,16.400,-19.000,438.000,0.501,RGO
1942-02-16,1183,-6.883,12.200,-18.600,166.000,0.449,RGO
1942-02-16,1183,-6.883,11.900,4.900,33.000,0.335,RGO
1942-03-15,1184,-7.164,8.000,-83.500,340.000,0.996,RGO
1942-03-15,1184,-7.164,2.600,-0.400,85.000,0.171,RGO
1942-03-15,1184,-7.164,11.700,-21.400,4.000,0.478,RGO
1942-04-12,1185,-5.822,-7.700,39.000,916.000,0.628,RGO
1942-04-12,1185,-5.822,7.600,-72.200,223.000,0.959,RGO
1942-04-12,1185,-5.822,13.400,-65.100,67.000,0.925,RGO
1942-04-12,1185,-5.822,10.700,-53.700,16.000,0.831,RGO
1942-04-12,1185,-5.822,-0.600,29.600,8.000,0.502,RGO
1942-05-09,1186,-3.308,12.700,-52.800,264.000,0.819,RGO
1942-05-09,1186,-3.308,8.900,-76.500,101.000,0.976,RGO
1942-05-09,1186,-3.308,-5.300,-86.600,52.000,0.998,RGO
1942-06-05,1187,-0.158,13.500,-19.800,12.000,0.406,RGO
1942-07-03,1188,3.112,-9.300,-3.700,96.000,0.226,RGO
1942-07-30,1189,5.648,-2.100,-55.400,188.000,0.830,RGO
1942-07-30,1189,5.648,15.100,-67.800,63.000,0.926,RGO
1942-07-30,1189,5.648,-1.900,-14.500,5.000,0.282,RGO
1942-08-26,1190,7.068,-6.900,47.800,319.000,0.765,RGO
1942-08-26,1190,7.068,9.100,5.000,242.000,0.093,RGO
1942-08-26,1190,7.068,7.200,-80.500,226.000,0.985,RGO
1942-09-22,1191,7.052,12.500,-59.900,103.000,0.861,RGO
1942-09-22,1191,7.052,-15.100,45.300,64.000,0.768,RGO
1942-10-20,1192,5.465,-11.800,55.300,219.000,0.846,RGO
1942-10-20,1192,5.465,5.000,-58.300,52.000,0.850,RGO
1942-11-16,1193,2.705,,,0.000,,RGO
1942-12-13,1194,-0.679,9.300,1.400,143.000,0.177,RGO
1942-12-13,1194,-0.679,21.000,31.600,82.000,0.615,RGO
1942-12-13,1194,-0.679,-6.100,-46.200,21.000,0.727,RGO
1943-01-09,1195,-3.930,-4.900,-43.600,165.000,0.690,RGO
1943-02-06,1196,-6.359,,,0.000,,RGO
1943-03-05,1197,-7.248,5.000,-69.900,453.000,0.946,RGO
1943-04-01,1198,-6.544,2.500,-66.300,582.000,0.921,RGO
1943-04-01,1198,-6.544,-9.000,-0.100,96.000,0.045,RGO
1943-04-29,1199,-4.371,0.500,-53.600,207.000,0.809,RGO
1943-05-26,1200,-1.390,4.000,-51.400,99.000,0.786,RGO
1943-06-22,1201,1.841,-1.100,-28.500,9.000,0.481,RGO
1943-07-19,1202,4.701,13.900,82.400,394.000,0.990,RGO
1943-08-16,1203,6.685,-4.600,22.300,93.000,0.424,RGO
1943-08-16,1203,6.685,11.500,-44.800,93.000,0.703,RGO
1943-09-12,1204,7.237,14.200,83.000,454.000,0.990,RGO
1943-09-12,1204,7.237,14.600,3.300,13.000,0.141,RGO
1943-10-09,1205,6.284,15.200,81.900,479.000,0.987,RGO
1943-10-09,1205,6.284,-26.200,17.700,18.000,0.601,RGO
1943-11-05,1206,3.970,14.000,77.700,238.000,0.976,RGO
1943-12-03,1207,0.634,5.000,0.900,144.000,0.080,RGO
1943-12-30,1208,-2.761,,,0.000,,RGO
1944-01-26,1209,-5.543,9.400,-29.000,86.000,0.540,RGO
1944-02-23,1210,-7.098,,,0.000,,RGO
1944-03-21,1211,-6.992,-24.500,-49.800,509.000,0.776,RGO
1944-03-21,1211,-6.992,-27.400,15.500,76.000,0.427,RGO
1944-04-17,1212,-5.392,,,0.000,,RGO
1944-05-14,1213,-2.700,,,0.000,,RGO
1944-06-11,1214,0.625,,,0.000,,RGO
1944-07-08,1215,3.695,,,0.000,,RGO
1944-08-04,1216,6.040,,,0.000,,RGO
1944-09-01,1217,7.202,,,0.000,,RGO
1944-09-28,1218,6.821,-22.100,60.800,340.000,0.917,RGO
1944-10-25,1219,4.986,-24.200,53.100,202.000,0.862,RGO
1944-11-21,1220,2.045,20.600,-9.800,377.000,0.359,RGO
1944-12-19,1221,-1.502,-21.500,63.700,206.000,0.908,RGO
1944-12-19,1221,-1.502,21.200,-6.600,201.000,0.405,RGO
1944-12-19,1221,-1.502,32.800,39.200,165.000,0.775,RGO
1944-12-19,1221,-1.502,-29.500,-30.900,135.000,0.652,RGO
1944-12-19,1221,-1.502,25.300,37.100,51.000,0.708,RGO
1945-01-15,1222,-4.604,20.900,-20.300,111.000,0.537,RGO
1945-01-15,1222,-4.604,-24.100,36.600,24.000,0.649,RGO
1945-02-11,1223,-6.667,,,0.000,,RGO
1945-03-10,1224,-7.232,-14.400,18.600,407.000,0.338,RGO
1945-03-10,1224,-7.232,-20.000,28.000,22.000,0.502,RGO
1945-04-07,1225,-6.156,-21.600,78.900,652.000,0.977,RGO
1945-04-07,1225,-6.156,-28.400,-12.800,40.000,0.430,RGO
1945-04-07,1225,-6.156,32.500,60.200,24.000,0.935,RGO
1945-05-04,1226,-3.816,-17.300,35.500,491.000,0.608,RGO
1945-05-04,1226,-3.816,-25.900,-28.200,94.000,0.575,RGO
1945-05-04,1226,-3.816,22.800,-30.800,18.000,0.647,RGO
1945-05-04,1226,-3.816,-19.300,77.700,11.000,0.976,RGO
1945-05-31,1227,-0.733,30.100,39.600,97.000,0.753,RGO
1945-05-31,1227,-0.733,-6.300,-68.300,19.000,0.931,RGO
1945-05-31,1227,-0.733,-15.800,20.200,9.000,0.425,RGO
1945-06-28,1228,2.584,-15.500,28.400,144.000,0.553,RGO
1945-06-28,1228,2.584,-22.000,25.300,54.000,0.573,RGO
1945-06-28,1228,2.584,-1.800,23.000,16.000,0.399,RGO
1945-07-25,1229,5.269,24.800,57.500,179.000,0.854,RGO
1945-07-25,1229,5.269,23.500,-25.800,19.000,0.514,RGO
1945-07-25,1229,5.269,-29.700,-56.400,10.000,0.903,RGO
1945-08-21,1230,6.915,-26.000,72.500,21.000,0.977,RGO
1945-09-17,1231,7.165,-22.800,-54.200,23.000,0.876,RGO
1945-10-15,1232,5.840,-19.300,-72.100,355.000,0.968,RGO
1945-10-15,1232,5.840,27.100,-54.300,278.000,0.829,RGO
1945-10-15,1232,5.840,-29.300,40.700,35.000,0.796,RGO
1945-10-15,1232,5.840,-16.600,60.300,33.000,0.898,RGO
1945-11-11,1233,3.258,-21.200,-54.900,268.000,0.859,RGO
1945-11-11,1233,3.258,-18.700,-81.100,84.000,0.992,RGO
1945-11-11,1233,3.258,21.300,19.200,34.000,0.440,RGO
1945-11-11,1233,3.258,-21.200,64.800,29.000,0.928,RGO
1945-11-11,1233,3.258,28.700,-64.100,5.000,0.914,RGO
1945-12-08,1234,-0.068,-16.600,-65.100,160.000,0.916,RGO
1945-12-08,1234,-0.068,-17.100,69.900,79.000,0.944,RGO
1945-12-08,1234,-0.068,-22.000,-67.600,31.000,0.937,RGO
1946-01-04,1235,-3.400,-17.500,65.500,183.000,0.912,RGO
1946-01-04,1235,-3.400,-29.300,-41.800,95.000,0.737,RGO
1946-01-04,1235,-3.400,-13.800,-21.700,16.000,0.404,RGO
1946-02-01,1236,-6.043,26.400,-52.300,4799.000,0.870,RGO
1946-02-01,1236,-6.043,-14.200,74.400,320.000,0.960,RGO
1946-02-01,1236,-6.043,-19.800,11.600,126.000,0.306,RGO
1946-02-01,1236,-6.043,-16.700,-60.200,114.000,0.866,RGO
1946-02-01,1236,-6.043,-16.400,-13.300,62.000,0.287,RGO
1946-02-01,1236,-6.043,-18.200,-74.000,15.000,0.957,RGO
1946-02-28,1237,-7.207,-20.300,83.500,892.000,0.990,RGO
1946-02-28,1237,-7.207,26.200,-78.000,833.000,0.992,RGO
1946-02-28,1237,-7.207,-21.700,-46.000,193.000,0.729,RGO
1946-02-28,1237,-7.207,22.500,-5.800,191.000,0.506,RGO
1946-02-28,1237,-7.207,22.000,-64.000,191.000,0.936,RGO
1946-02-28,1237,-7.207,-19.400,12.600,168.000,0.299,RGO
1946-02-28,1237,-7.207,-12.600,67.800,112.000,0.921,RGO
1946-02-28,1237,-7.207,23.000,-39.300,20.000,0.762,RGO
1946-02-28,1237,-7.207,24.600,-51.700,20.000,0.864,RGO
1946-02-28,1237,-7.207,22.000,-19.000,15.000,0.571,RGO
1946-03-27,1238,-6.779,20.700,6.000,487.000,0.474,RGO
1946-03-27,1238,-6.779,23.800,-10.300,378.000,0.535,RGO
1946-03-27,1238,-6.779,-13.900,57.800,20.000,0.843,RGO
1946-03-27,1238,-6.779,19.400,42.700,12.000,0.763,RGO
1946-03-27,1238,-6.779,28.000,-63.300,10.000,0.943,RGO
1946-04-24,1239,-4.824,32.800,-21.500,970.000,0.681,RGO
1946-04-24,1239,-4.824,23.600,5.800,206.000,0.486,RGO
1946-04-24,1239,-4.824,-16.700,-19.400,106.000,0.384,RGO
1946-04-24,1239,-4.824,-21.300,32.600,31.000,0.585,RGO
1946-04-24,1239,-4.824,-20.100,-78.600,26.000,0.978,RGO
1946-04-24,1239,-4.824,-19.100,-66.700,9.000,0.918,RGO
1946-05-21,1240,-1.953,15.300,-21.800,333.000,0.464,RGO
1946-05-21,1240,-1.953,24.000,-36.000,230.000,0.691,RGO
1946-05-21,1240,-1.953,18.900,-47.100,104.000,0.777,RGO
1946-05-21,1240,-1.953,32.800,-31.000,55.000,0.714,RGO
1946-05-21,1240,-1.953,21.900,-10.400,14.000,0.438,RGO
1946-05-21,1240,-1.953,24.800,-8.600,10.000,0.471,RGO
1946-05-21,1240,-1.953,-14.900,3.400,9.000,0.233,RGO
1946-05-21,1240,-1.953,24.600,-14.200,5.000,0.501,RGO
1946-05-21,1240,-1.953,16.700,20.500,4.000,0.463,RGO
1946-06-17,1241,1.280,33.200,-56.000,260.000,0.879,RGO
1946-06-17,1241,1.280,16.400,-16.200,198.000,0.376,RGO
1946-06-17,1241,1.280,17.900,-43.100,181.000,0.715,RGO
1946-06-17,1241,1.280,25.100,-49.700,120.000,0.805,RGO
1946-06-17,1241,1.280,-18.100,18.500,28.000,0.450,RGO
1946-06-17,1241,1.280,-19.100,-19.600,16.000,0.473,RGO
1946-07-14,1242,4.248,-18.600,-26.200,380.000,0.569,RGO
1946-07-14,1242,4.248,22.700,-58.700,364.000,0.864,RGO
1946-07-14,1242,4.248,-11.500,-1.600,135.000,0.274,RGO
1946-07-14,1242,4.248,17.700,3.200,133.000,0.239,RGO
1946-07-14,1242,4.248,-18.700,-40.600,36.000,0.723,RGO
1946-07-14,1242,4.248,-14.100,-53.500,27.000,0.833,RGO
1946-08-11,1243,6.440,-19.900,12.300,793.000,0.487,RGO
1946-08-11,1243,6.440,16.900,1.800,426.000,0.184,RGO
1946-08-11,1243,6.440,15.700,27.500,312.000,0.479,RGO
1946-08-11,1243,6.440,-12.800,-39.900,172.000,0.698,RGO
1946-08-11,1243,6.440,24.500,71.600,162.000,0.945,RGO
1946-08-11,1243,6.440,-16.200,19.000,57.000,0.494,RGO
1946-08-11,1243,6.440,-12.500,1.200,26.000,0.328,RGO
1946-08-11,1243,6.440,-14.600,-3.600,15.000,0.366,RGO
1946-08-11,1243,6.440,-15.900,-8.400,10.000,0.407,RGO
1946-08-11,1243,6.440,-9.000,42.800,4.000,0.716,RGO
1946-09-07,1244,7.248,18.400,73.200,348.000,0.952,RGO
1946-09-07,1244,7.248,-14.500,-30.600,313.000,0.609,RGO
1946-09-07,1244,7.248,15.000,22.700,169.000,0.402,RGO
1946-09-07,1244,7.248,17.200,1.200,127.000,0.175,RGO
1946-10-04,1245,6.560,-16.500,6.900,388.000,0.408,RGO
1946-10-04,1245,6.560,18.100,-4.100,141.000,0.213,RGO
1946-10-04,1245,6.560,-20.100,66.600,33.000,0.945,RGO
1946-10-04,1245,6.560,17.500,57.800,24.000,0.844,RGO
1946-10-04,1245,6.560,-18.700,-5.200,10.000,0.436,RGO
1946-10-04,1245,6.560,-11.800,-11.600,5.000,0.370,RGO
1946-10-31,1246,4.461,-7.200,48.400,372.000,0.765,RGO
1946-10-31,1246,4.461,-13.800,5.000,319.000,0.326,RGO
1946-10-31,1246,4.461,-27.900,3.700,166.000,0.540,RGO
1946-10-31,1246,4.461,30.400,-47.200,56.000,0.784,RGO
1946-10-31,1246,4.461,8.700,72.000,36.000,0.950,RGO
1946-10-31,1246,4.461,12.100,18.900,30.000,0.347,RGO
1946-10-31,1246,4.461,14.800,27.400,29.000,0.485,RGO
1946-10-31,1246,4.461,10.700,-20.300,14.000,0.361,RGO
1946-11-28,1247,1.239,12.900,52.100,1183.000,0.800,RGO
1946-11-28,1247,1.239,-20.400,-72.500,223.000,0.963,RGO
1946-11-28,1247,1.239,-16.600,-42.000,146.000,0.711,RGO
1946-11-28,1247,1.239,-9.700,30.200,135.000,0.532,RGO
1946-11-28,1247,1.239,12.600,38.000,105.000,0.636,RGO
1946-11-28,1247,1.239,16.300,-68.400,58.000,0.935,RGO
1946-12-25,1248,-2.184,24.800,1.500,931.000,0.456,RGO
1946-12-25,1248,-2.184,10.800,49.700,709.000,0.781,RGO
1946-12-25,1248,-2.184,17.100,-34.400,519.000,0.632,RGO
1946-12-25,1248,-2.184,11.900,69.200,366.000,0.942,RGO
1946-12-25,1248,-2.184,-20.100,-65.100,248.000,0.914,RGO
1946-12-25,1248,-2.184,13.900,18.400,237.000,0.415,RGO
1946-12-25,1248,-2.184,-16.600,-47.900,144.000,0.760,RGO
1946-12-25,1248,-2.184,-18.400,-31.800,127.000,0.577,RGO
1946-12-25,1248,-2.184,-17.000,-15.600,101.000,0.364,RGO
1947-01-21,1249,-5.127,-12.600,12.000,427.000,0.243,RGO
1947-01-21,1249,-5.127,11.100,48.400,340.000,0.778,RGO
1947-01-21,1249,-5.127,-16.300,27.300,328.000,0.487,RGO
1947-01-21,1249,-5.127,21.800,-16.500,235.000,0.524,RGO
1947-01-21,1249,-5.127,12.900,-6.100,211.000,0.329,RGO
1947-01-21,1249,-5.127,26.000,-2.700,190.000,0.521,RGO
1947-01-21,1249,-5.127,19.900,-71.500,124.000,0.965,RGO
1947-01-21,1249,-5.127,-12.700,78.300,109.000,0.977,RGO
1947-01-21,1249,-5.127,-34.900,-36.100,66.000,0.704,RGO
1947-01-21,1249,-5.127,-19.900,28.800,60.000,0.526,RGO
1947-01-21,1249,-5.127,-30.400,-24.400,36.000,0.563,RGO
1947-01-21,1249,-5.127,-25.300,72.700,15.000,0.953,RGO
1947-01-21,1249,-5.127,9.500,-14.200,14.000,0.350,RGO
1947-01-21,1249,-5.127,-10.900,1.900,10.000,0.105,RGO
1947-01-21,1249,-5.127,16.400,-42.200,7.000,0.733,RGO
1947-02-18,1250,-6.949,-17.400,13.900,888.000,0.296,RGO
1947-02-18,1250,-6.949,-23.000,78.500,556.000,0.974,RGO
1947-02-18,1250,-6.949,-18.600,-60.200,119.000,0.864,RGO
1947-02-18,1250,-6.949,17.300,29.800,79.000,0.621,RGO
1947-02-18,1250,-6.949,-12.800,30.900,77.000,0.516,RGO
1947-02-18,1250,-6.949,21.800,-74.100,51.000,0.979,RGO
1947-02-18,1250,-6.949,-17.200,29.300,35.000,0.508,RGO
1947-02-18,1250,-6.949,8.900,57.600,34.000,0.864,RGO
1947-02-18,1250,-6.949,-13.900,65.200,12.000,0.903,RGO
1947-02-18,1250,-6.949,17.000,3.100,8.000,0.412,RGO
1947-03-17,1251,-7.127,-24.500,87.400,830.000,0.997,RGO
1947-03-17,1251,-7.127,-14.000,-52.200,226.000,0.787,RGO
1947-03-17,1251,-7.127,-18.500,17.800,97.000,0.355,RGO
1947-03-17,1251,-7.127,-13.400,57.300,70.000,0.837,RGO
1947-03-17,1251,-7.127,-11.800,-83.800,57.000,0.992,RGO
1947-03-17,1251,-7.127,-18.800,-57.300,34.000,0.839,RGO
1947-03-17,1251,-7.127,-15.400,-39.500,20.000,0.639,RGO
1947-03-17,1251,-7.127,21.900,35.600,14.000,0.714,RGO
1947-04-13,1252,-5.769,-25.200,73.900,3617.000,0.958,RGO
1947-04-13,1252,-5.769,-16.200,-37.300,140.000,0.618,RGO
1947-04-13,1252,-5.769,-16.000,28.500,69.000,0.498,RGO
1947-04-13,1252,-5.769,11.200,52.300,42.000,0.819,RGO
1947-04-13,1252,-5.769,15.300,32.300,37.000,0.621,RGO
1947-04-13,1252,-5.769,-15.700,71.600,30.000,0.946,RGO
1947-04-13,1252,-5.769,10.100,16.600,14.000,0.391,RGO
1947-04-13,1252,-5.769,-8.700,-21.300,5.000,0.365,RGO
1947-04-13,1252,-5.769,20.700,-64.500,5.000,0.932,RGO
1947-05-10,1253,-3.230,17.400,52.600,703.000,0.829,RGO
1947-05-10,1253,-3.230,19.300,-55.700,621.000,0.861,RGO
1947-05-10,1253,-3.230,-12.800,-8.700,508.000,0.224,RGO
1947-05-10,1253,-3.230,-13.500,37.100,390.000,0.619,RGO
1947-05-10,1253,-3.230,21.800,-69.100,375.000,0.952,RGO
1947-05-10,1253,-3.230,11.300,-11.200,368.000,0.315,RGO
1947-05-10,1253,-3.230,-25.100,60.900,257.000,0.888,RGO
1947-05-10,1253,-3.230,-16.600,-1.100,227.000,0.233,RGO
1947-05-10,1253,-3.230,-19.700,82.000,79.000,0.989,RGO
1947-05-10,1253,-3.230,8.700,-34.700,19.000,0.599,RGO
1947-06-07,1254,0.050,23.300,-26.000,925.000,0.566,RGO
1947-06-07,1254,0.050,21.500,-44.000,456.000,0.745,RGO
1947-06-07,1254,0.050,-20.900,49.400,93.000,0.797,RGO
1947-06-07,1254,0.050,9.600,6.800,68.000,0.203,RGO
1947-06-07,1254,0.050,20.700,2.300,60.000,0.356,RGO
1947-06-07,1254,0.050,15.000,-43.700,42.000,0.718,RGO
1947-06-07,1254,0.050,20.400,63.400,37.000,0.909,RGO
1947-06-07,1254,0.050,-32.600,57.300,30.000,0.893,RGO
1947-06-07,1254,0.050,-16.200,-31.500,16.000,0.577,RGO
1947-06-07,1254,0.050,21.900,24.600,11.000,0.538,RGO
1947-07-04,1255,3.190,-12.700,-79.800,328.000,0.988,RGO
1947-07-04,1255,3.190,15.500,31.600,306.000,0.553,RGO
1947-07-04,1255,3.190,-27.900,2.100,204.000,0.520,RGO
1947-07-04,1255,3.190,16.400,-59.600,167.000,0.868,RGO
1947-07-04,1255,3.190,19.700,-67.600,92.000,0.928,RGO
1947-07-04,1255,3.190,-40.300,27.300,91.000,0.771,RGO
1947-07-04,1255,3.190,-25.400,-0.900,54.000,0.481,RGO
1947-07-04,1255,3.190,-20.700,-31.800,15.000,0.636,RGO
1947-07-04,1255,3.190,21.100,-23.100,14.000,0.483,RGO
1947-07-04,1255,3.190,-31.000,-7.200,14.000,0.574,RGO
1947-07-04,1255,3.190,-29.500,70.500,10.000,0.966,RGO
1947-07-04,1255,3.190,20.200,2.500,8.000,0.298,RGO
1947-07-31,1256,5.702,-18.000,-46.800,1494.000,0.789,RGO
1947-07-31,1256,5.702,-19.200,4.100,455.000,0.428,RGO
1947-07-31,1256,5.702,19.900,-36.500,146.000,0.621,RGO
1947-07-31,1256,5.702,-7.200,-81.200,83.000,0.991,RGO
1947-07-31,1256,5.702,-12.700,79.000,70.000,0.987,RGO
1947-07-31,1256,5.702,-13.100,-82.000,70.000,0.994,RGO
1947-07-31,1256,5.702,28.500,82.600,57.000,0.988,RGO
1947-07-31,1256,5.702,16.700,7.800,22.000,0.232,RGO
1947-07-31,1256,5.702,-16.700,63.800,9.000,0.922,RGO
1947-07-31,1256,5.702,18.400,-1.900,8.000,0.222,RGO
1947-07-31,1256,5.702,11.300,2.400,7.000,0.107,RGO
1947-08-28,1257,7.112,21.800,-36.400,591.000,0.618,RGO
1947-08-28,1257,7.112,-8.100,-65.800,517.000,0.924,RGO
1947-08-28,1257,7.112,-13.900,-67.500,405.000,0.942,RGO
1947-08-28,1257,7.112,-14.400,-78.300,194.000,0.987,RGO
1947-08-28,1257,7.112,-15.600,23.000,189.000,0.535,RGO
1947-08-28,1257,7.112,14.800,-72.800,133.000,0.950,RGO
1947-08-28,1257,7.112,-19.200,18.600,131.000,0.533,RGO
1947-08-28,1257,7.112,32.300,37.500,129.000,0.685,RGO
1947-08-28,1257,7.112,16.500,-62.500,79.000,0.882,RGO
1947-08-28,1257,7.112,18.100,-77.900,53.000,0.973,RGO
1947-08-28,1257,7.112,-9.000,-81.200,53.000,0.992,RGO
1947-08-28,1257,7.112,11.900,-15.200,18.000,0.272,RGO
1947-08-28,1257,7.112,28.400,6.600,6.000,0.380,RGO
1947-09-24,1258,6.999,17.600,-14.300,653.000,0.302,RGO
1947-09-24,1258,6.999,11.200,74.200,383.000,0.959,RGO
1947-09-24,1258,6.999,-19.700,16.800,176.000,0.523,RGO
1947-09-24,1258,6.999,-17.900,-25.800,171.000,0.585,RGO
1947-09-24,1258,6.999,15.200,-68.700,147.000,0.927,RGO
1947-09-24,1258,6.999,20.700,84.200,90.000,0.991,RGO
1947-09-24,1258,6.999,13.500,65.900,42.000,0.908,RGO
1947-09-24,1258,6.999,-9.600,-59.100,17.000,0.878,RGO
1947-09-24,1258,6.999,-17.300,-62.600,14.000,0.918,RGO
1947-09-24,1258,6.999,-18.000,-2.700,7.000,0.426,RGO
1947-09-24,1258,6.999,-13.900,-15.300,6.000,0.438,RGO
1947-09-24,1258,6.999,19.300,-52.200,3.000,0.791,RGO
1947-10-21,1259,5.405,-23.500,14.500,608.000,0.534,RGO
1947-10-21,1259,5.405,-13.000,-71.000,600.000,0.957,RGO
1947-10-21,1259,5.405,11.200,-20.500,372.000,0.361,RGO
1947-10-21,1259,5.405,17.600,-12.000,279.000,0.293,RGO
1947-10-21,1259,5.405,-29.200,-40.000,187.000,0.787,RGO
1947-10-21,1259,5.405,20.200,-67.600,111.000,0.923,RGO
1947-10-21,1259,5.405,-16.800,-76.000,89.000,0.980,RGO
1947-10-21,1259,5.405,-14.500,-78.400,82.000,0.986,RGO
1947-10-21,1259,5.405,-30.100,-54.100,47.000,0.891,RGO
1947-10-21,1259,5.405,19.000,82.900,45.000,0.990,RGO
1947-10-21,1259,5.405,-13.500,-6.600,15.000,0.343,RGO
1947-11-17,1260,2.620,-21.700,-13.700,765.000,0.467,RGO
1947-11-17,1260,2.620,-18.500,-63.800,600.000,0.916,RGO
1947-11-17,1260,2.620,8.900,82.000,324.000,0.990,RGO
1947-11-17,1260,2.620,-28.400,-56.200,214.000,0.886,RGO
1947-11-17,1260,2.620,6.800,57.600,168.000,0.846,RGO
1947-11-17,1260,2.620,18.200,-18.900,167.000,0.412,RGO
1947-11-17,1260,2.620,13.900,-41.800,156.000,0.682,RGO
1947-11-17,1260,2.620,-15.100,-12.500,145.000,0.370,RGO
1947-11-17,1260,2.620,-11.300,4.500,31.000,0.253,RGO
1947-11-17,1260,2.620,-14.600,25.200,28.000,0.507,RGO
1947-11-17,1260,2.620,-11.200,-4.300,28.000,0.250,RGO
1947-11-17,1260,2.620,22.300,-45.400,27.000,0.748,RGO
1947-11-17,1260,2.620,29.200,56.200,19.000,0.864,RGO
1947-11-17,1260,2.620,-6.500,-33.000,10.000,0.564,RGO
1947-11-17,1260,2.620,12.200,-8.600,9.000,0.223,RGO
1947-12-15,1261,-0.898,-12.800,36.600,697.000,0.620,RGO
1947-12-15,1261,-0.898,-17.000,18.400,275.000,0.412,RGO
1947-12-15,1261,-0.898,-23.800,-20.400,216.000,0.506,RGO
1947-12-15,1261,-0.898,14.600,-73.600,181.000,0.964,RGO
1947-12-15,1261,-0.898,-7.900,71.200,58.000,0.948,RGO
1947-12-15,1261,-0.898,21.100,-54.700,45.000,0.848,RGO
1947-12-15,1261,-0.898,-14.500,47.600,22.000,0.756,RGO
1947-12-15,1261,-0.898,16.500,-16.600,10.000,0.406,RGO
1947-12-15,1261,-0.898,-14.400,-54.700,5.000,0.828,RGO
1947-12-15,1261,-0.898,-22.900,-9.600,3.000,0.407,RGO
1948-01-11,1262,-4.114,-18.200,14.400,268.000,0.343,RGO
1948-01-11,1262,-4.114,-32.800,-2.800,140.000,0.484,RGO
1948-01-11,1262,-4.114,-15.000,-27.000,123.000,0.482,RGO
1948-01-11,1262,-4.114,10.500,12.100,26.000,0.326,RGO
1948-01-11,1262,-4.114,-11.000,35.900,22.000,0.593,RGO
1948-01-11,1262,-4.114,13.400,2.700,19.000,0.305,RGO
1948-01-11,1262,-4.114,-16.300,28.100,7.000,0.504,RGO
1948-01-11,1262,-4.114,24.100,63.400,5.000,0.927,RGO
1948-02-07,1263,-6.403,-14.500,24.500,455.000,0.431,RGO
1948-02-07,1263,-6.403,-8.200,-24.700,236.000,0.417,RGO
1948-02-07,1263,-6.403,-13.900,-24.900,228.000,0.434,RGO
1948-02-07,1263,-6.403,8.000,-61.400,67.000,0.892,RGO
1948-02-07,1263,-6.403,15.100,23.800,45.000,0.531,RGO
1948-02-07,1263,-6.403,14.700,-65.300,34.000,0.929,RGO
1948-02-07,1263,-6.403,-16.900,12.400,26.000,0.278,RGO
1948-02-07,1263,-6.403,12.100,-2.100,14.000,0.320,RGO
1948-02-07,1263,-6.403,23.000,-32.700,7.000,0.690,RGO
1948-03-05,1264,-7.249,15.500,27.500,845.000,0.583,RGO
1948-03-05,1264,-7.249,-22.100,53.200,162.000,0.804,RGO
1948-03-05,1264,-7.249,-15.000,22.400,107.000,0.397,RGO
1948-03-05,1264,-7.249,15.800,14.900,64.000,0.461,RGO
1948-03-05,1264,-7.249,10.500,58.100,53.000,0.873,RGO
1948-04-02,1265,-6.449,22.000,51.400,879.000,0.848,RGO
1948-04-02,1265,-6.449,-15.500,-19.400,697.000,0.362,RGO
1948-04-02,1265,-6.449,16.100,-29.800,502.000,0.605,RGO
1948-04-02,1265,-6.449,9.300,53.300,343.000,0.825,RGO
1948-04-02,1265,-6.449,15.600,39.500,222.000,0.708,RGO
1948-04-02,1265,-6.449,15.800,-50.600,101.000,0.819,RGO
1948-04-02,1265,-6.449,18.600,10.700,83.000,0.458,RGO
1948-04-02,1265,-6.449,22.700,9.200,74.000,0.509,RGO
1948-04-02,1265,-6.449,-11.600,-21.400,56.000,0.372,RGO
1948-04-02,1265,-6.449,-7.900,-21.300,48.000,0.363,RGO
1948-04-02,1265,-6.449,-13.600,11.800,40.000,0.238,RGO
1948-04-02,1265,-6.449,-12.800,-38.600,6.000,0.625,RGO
1948-04-02,1265,-6.449,-11.200,29.100,4.000,0.489,RGO
1948-04-02,1265,-6.449,17.200,15.700,2.000,0.474,RGO
1948-04-29,1266,-4.300,23.000,41.500,1027.000,0.755,RGO
1948-04-29,1266,-4.300,-17.800,-20.200,449.000,0.408,RGO
1948-04-29,1266,-4.300,16.100,-41.100,415.000,0.716,RGO
1948-04-29,1266,-4.300,10.500,-7.700,268.000,0.289,RGO
1948-04-29,1266,-4.300,-26.300,-0.100,167.000,0.377,RGO
1948-04-29,1266,-4.300,16.300,-30.000,95.000,0.592,RGO
1948-04-29,1266,-4.300,13.100,37.200,55.000,0.656,RGO
1948-04-29,1266,-4.300,-11.800,76.000,28.000,0.969,RGO
1948-04-29,1266,-4.300,-20.500,25.600,19.000,0.498,RGO
1948-04-29,1266,-4.300,-6.100,-9.300,12.000,0.165,RGO
1948-04-29,1266,-4.300,21.500,57.900,10.000,0.887,RGO
1948-04-29,1266,-4.300,7.400,1.900,6.000,0.205,RGO
1948-04-29,1266,-4.300,-3.000,-52.900,4.000,0.800,RGO
1948-04-29,1266,-4.300,-16.600,-29.500,3.000,0.525,RGO
1948-04-29,1266,-4.300,-23.800,-39.000,3.000,0.676,RGO
1948-05-26,1267,-1.304,10.300,-83.200,614.000,0.994,RGO
1948-05-26,1267,-1.304,25.000,-66.200,452.000,0.936,RGO
1948-05-26,1267,-1.304,22.600,30.200,292.000,0.617,RGO
1948-05-26,1267,-1.304,-16.900,-21.100,221.000,0.440,RGO
1948-05-26,1267,-1.304,-3.800,-24.900,144.000,0.425,RGO
1948-05-26,1267,-1.304,-18.400,-49.900,113.000,0.788,RGO
1948-05-26,1267,-1.304,14.000,-44.100,60.000,0.725,RGO
1948-05-26,1267,-1.304,12.100,45.100,17.000,0.731,RGO
1948-05-26,1267,-1.304,-6.300,16.200,8.000,0.293,RGO
1948-05-26,1267,-1.304,-7.500,-30.200,6.000,0.513,RGO
1948-05-26,1267,-1.304,-13.400,-50.500,2.000,0.767,RGO
1948-06-23,1268,2.040,-13.800,-30.700,1624.000,0.567,RGO
1948-06-23,1268,2.040,15.700,68.700,512.000,0.935,RGO
1948-06-23,1268,2.040,12.200,-82.800,491.000,0.992,RGO
1948-06-23,1268,2.040,-17.500,-41.900,348.000,0.719,RGO
1948-06-23,1268,2.040,22.700,-24.500,166.000,0.524,RGO
1948-06-23,1268,2.040,25.100,-63.700,144.000,0.911,RGO
1948-06-23,1268,2.040,9.400,64.700,140.000,0.906,RGO
1948-06-23,1268,2.040,15.100,82.200,139.000,0.991,RGO
1948-06-23,1268,2.040,-6.500,40.300,90.000,0.660,RGO
1948-06-23,1268,2.040,22.600,29.500,85.000,0.578,RGO
1948-06-23,1268,2.040,11.200,-32.200,33.000,0.549,RGO
1948-06-23,1268,2.040,9.900,-69.500,29.000,0.938,RGO
1948-06-23,1268,2.040,-8.500,-72.300,22.000,0.957,RGO
1948-06-23,1268,2.040,26.600,-37.100,6.000,0.686,RGO
1948-07-20,1269,4.857,11.600,-84.800,736.000,0.995,RGO
1948-07-20,1269,4.857,11.800,59.300,298.000,0.859,RGO
1948-07-20,1269,4.857,7.600,-61.200,285.000,0.876,RGO
1948-07-20,1269,4.857,-4.100,-38.900,185.000,0.644,RGO
1948-07-20,1269,4.857,-11.900,-6.300,181.000,0.309,RGO
1948-07-20,1269,4.857,-24.100,-20.400,73.000,0.578,RGO
1948-07-20,1269,4.857,13.200,83.900,20.000,0.993,RGO
1948-07-20,1269,4.857,-7.900,47.700,7.000,0.760,RGO
1948-08-16,1270,6.719,19.100,-64.300,307.000,0.897,RGO
1948-08-16,1270,6.719,14.600,-32.000,219.000,0.537,RGO
1948-08-16,1270,6.719,15.400,-59.000,159.000,0.854,RGO
1948-08-16,1270,6.719,-9.100,-69.600,155.000,0.948,RGO
1948-08-16,1270,6.719,-3.400,-29.200,145.000,0.515,RGO
1948-08-16,1270,6.719,8.700,55.100,121.000,0.817,RGO
1948-08-16,1270,6.719,-3.900,59.000,116.000,0.867,RGO
1948-08-16,1270,6.719,-12.400,5.500,107.000,0.342,RGO
1948-08-16,1270,6.719,-17.600,21.200,64.000,0.534,RGO
1948-08-16,1270,6.719,14.000,-80.600,63.000,0.984,RGO
1948-08-16,1270,6.719,-10.600,-53.900,53.000,0.835,RGO
1948-08-16,1270,6.719,8.000,-62.600,44.000,0.885,RGO
1948-08-16,1270,6.719,-18.000,-72.800,43.000,0.971,RGO
1948-08-16,1270,6.719,-24.500,1.400,40.000,0.520,RGO
1948-08-16,1270,6.719,-13.300,-7.700,10.000,0.367,RGO
1948-09-12,1271,7.231,-9.700,-73.400,1488.000,0.967,RGO
1948-09-12,1271,7.231,8.600,33.500,328.000,0.550,RGO
1948-09-12,1271,7.231,-2.800,-64.100,166.000,0.906,RGO
1948-09-12,1271,7.231,-26.000,-44.600,132.000,0.817,RGO
1948-09-12,1271,7.231,15.600,-32.500,71.000,0.545,RGO
1948-09-12,1271,7.231,-16.400,-44.700,48.000,0.769,RGO
1948-09-12,1271,7.231,-21.900,-25.000,17.000,0.619,RGO
1948-09-12,1271,7.231,14.900,-72.200,8.000,0.947,RGO
1948-09-12,1271,7.231,-8.400,-19.800,5.000,0.427,RGO
1948-09-12,1271,7.231,-15.500,-13.600,4.000,0.447,RGO
1948-10-10,1272,6.174,17.400,-39.000,344.000,0.641,RGO
1948-10-10,1272,6.174,-5.500,-68.400,310.000,0.937,RGO
1948-10-10,1272,6.174,-8.700,-61.300,287.000,0.892,RGO
1948-10-10,1272,6.174,-12.100,-60.700,255.000,0.893,RGO
1948-10-10,1272,6.174,-23.000,-19.500,208.000,0.572,RGO
1948-10-10,1272,6.174,-7.500,-2.800,104.000,0.241,RGO
1948-10-10,1272,6.174,14.200,-81.100,56.000,0.985,RGO
1948-10-10,1272,6.174,20.400,-27.000,19.000,0.500,RGO
1948-11-06,1273,3.786,28.600,82.100,243.000,0.989,RGO
1948-11-06,1273,3.786,9.400,-74.600,232.000,0.963,RGO
1948-11-06,1273,3.786,23.600,-38.100,208.000,0.669,RGO
1948-11-06,1273,3.786,18.800,35.800,92.000,0.619,RGO
1948-11-06,1273,3.786,9.900,31.200,60.000,0.526,RGO
1948-11-06,1273,3.786,-11.700,-51.500,29.000,0.805,RGO
1948-11-06,1273,3.786,8.600,65.500,26.000,0.910,RGO
1948-11-06,1273,3.786,16.700,20.900,13.000,0.413,RGO
1948-11-06,1273,3.786,14.200,6.900,9.000,0.218,RGO
1948-11-06,1273,3.786,-12.700,-24.100,5.000,0.486,RGO
1948-12-03,1274,0.542,-16.100,-49.000,220.000,0.780,RGO
1948-12-03,1274,0.542,8.500,52.900,127.000,0.804,RGO
1948-12-03,1274,0.542,5.300,-81.600,110.000,0.990,RGO
1948-12-03,1274,0.542,-4.500,-43.100,63.000,0.689,RGO
1948-12-03,1274,0.542,11.700,29.300,38.000,0.520,RGO
1948-12-30,1275,-2.846,10.300,-4.100,441.000,0.240,RGO
1948-12-30,1275,-2.846,-15.200,76.700,328.000,0.973,RGO
1948-12-30,1275,-2.846,-5.000,-1.400,282.000,0.044,RGO
1948-12-30,1275,-2.846,11.000,-46.600,245.000,0.750,RGO
1948-12-30,1275,-2.846,-17.200,12.800,226.000,0.327,RGO
1948-12-30,1275,-2.846,26.800,54.900,100.000,0.874,RGO
1948-12-30,1275,-2.846,-3.000,6.400,24.000,0.111,RGO
1948-12-30,1275,-2.846,17.800,63.900,15.000,0.917,RGO
1948-12-30,1275,-2.846,9.300,-32.600,10.000,0.572,RGO
1948-12-30,1275,-2.846,17.800,9.900,9.000,0.390,RGO
1948-12-30,1275,-2.846,-11.200,-36.100,6.000,0.600,RGO
1949-01-27,1276,-5.682,22.700,54.600,1919.000,0.872,RGO
1949-01-27,1276,-5.682,-3.900,-57.000,379.000,0.839,RGO
1949-01-27,1276,-5.682,15.500,61.600,288.000,0.905,RGO
1949-01-27,1276,-5.682,-8.700,-80.600,147.000,0.985,RGO
1949-01-27,1276,-5.682,22.600,25.200,56.000,0.611,RGO
1949-01-27,1276,-5.682,15.500,39.600,34.000,0.704,RGO
1949-01-27,1276,-5.682,-12.100,-18.800,8.000,0.337,RGO
1949-01-27,1276,-5.682,-12.400,55.800,5.000,0.825,RGO
1949-02-23,1277,-7.116,21.000,50.500,808.000,0.841,RGO
1949-02-23,1277,-7.116,-17.200,29.500,794.000,0.509,RGO
1949-02-23,1277,-7.116,7.200,-73.800,517.000,0.967,RGO
1949-02-23,1277,-7.116,-15.000,80.100,207.000,0.981,RGO
1949-02-23,1277,-7.116,8.000,-23.600,113.000,0.471,RGO
1949-02-23,1277,-7.116,14.300,45.600,86.000,0.768,RGO
1949-02-23,1277,-7.116,19.300,59.900,85.000,0.905,RGO
1949-02-23,1277,-7.116,15.000,33.500,55.000,0.644,RGO
1949-02-23,1277,-7.116,12.200,19.700,21.000,0.463,RGO
1949-02-23,1277,-7.116,29.900,-9.600,20.000,0.620,RGO
1949-02-23,1277,-7.116,-23.900,20.400,8.000,0.437,RGO
1949-03-22,1278,-6.968,22.500,36.900,1365.000,0.729,RGO
1949-03-22,1278,-6.968,-6.400,46.100,662.000,0.719,RGO
1949-03-22,1278,-6.968,-15.900,25.000,524.000,0.441,RGO
1949-03-22,1278,-6.968,-22.000,17.300,431.000,0.388,RGO
1949-03-22,1278,-6.968,6.900,79.100,394.000,0.986,RGO
1949-03-22,1278,-6.968,12.400,-49.700,229.000,0.801,RGO
1949-03-22,1278,-6.968,7.900,-65.600,191.000,0.923,RGO
1949-03-22,1278,-6.968,16.500,32.800,179.000,0.646,RGO
1949-03-22,1278,-6.968,11.200,49.700,146.000,0.798,RGO
1949-03-22,1278,-6.968,-7.300,-21.700,26.000,0.368,RGO
1949-03-22,1278,-6.968,14.800,59.700,23.000,0.893,RGO
1949-03-22,1278,-6.968,-18.700,10.800,21.000,0.272,RGO
1949-03-22,1278,-6.968,23.000,56.200,16.000,0.889,RGO
1949-04-19,1279,-5.247,22.500,20.600,575.000,0.565,RGO
1949-04-19,1279,-5.247,-9.900,-78.100,536.000,0.977,RGO
1949-04-19,1279,-5.247,8.600,-58.000,271.000,0.863,RGO
1949-04-19,1279,-5.247,-21.300,16.300,240.000,0.385,RGO
1949-04-19,1279,-5.247,-17.300,25.900,191.000,0.473,RGO
1949-04-19,1279,-5.247,6.000,-51.400,149.000,0.796,RGO
1949-04-19,1279,-5.247,15.000,-81.900,149.000,0.994,RGO
1949-04-19,1279,-5.247,-16.200,-34.300,140.000,0.581,RGO
1949-04-19,1279,-5.247,10.100,72.200,83.000,0.960,RGO
1949-05-16,1280,-2.504,-5.200,-24.700,313.000,0.421,RGO
1949-05-16,1280,-2.504,-16.100,65.400,242.000,0.913,RGO
1949-05-16,1280,-2.504,-10.600,-78.200,192.000,0.979,RGO
1949-05-16,1280,-2.504,3.800,-37.700,68.000,0.620,RGO
1949-05-16,1280,-2.504,24.600,-30.100,55.000,0.643,RGO
1949-05-16,1280,-2.504,8.600,17.300,7.000,0.352,RGO
1949-06-12,1281,0.711,-14.500,-55.500,661.000,0.840,RGO
1949-06-12,1281,0.711,-3.300,-56.700,376.000,0.839,RGO
1949-06-12,1281,0.711,-8.100,-20.300,46.000,0.378,RGO
1949-06-12,1281,0.711,-4.700,5.300,26.000,0.134,RGO
1949-06-12,1281,0.711,-14.500,58.400,18.000,0.866,RGO
1949-06-12,1281,0.711,-5.300,25.800,18.000,0.447,RGO
1949-06-12,1281,0.711,15.300,50.900,15.000,0.793,RGO
1949-06-12,1281,0.711,-4.900,-27.500,12.000,0.472,RGO
1949-07-09,1282,3.770,-17.500,57.700,322.000,0.875,RGO
1949-07-09,1282,3.770,-14.100,-55.400,165.000,0.848,RGO
1949-07-09,1282,3.770,-24.500,-22.600,50.000,0.587,RGO
1949-07-09,1282,3.770,-18.300,-31.300,29.000,0.617,RGO
1949-07-09,1282,3.770,-15.500,66.800,7.000,0.934,RGO
1949-08-06,1283,6.153,-20.200,72.300,1332.000,0.970,RGO
1949-08-06,1283,6.153,18.600,-67.600,232.000,0.921,RGO
1949-08-06,1283,6.153,9.400,16.900,189.000,0.295,RGO
1949-08-06,1283,6.153,-20.500,63.800,28.000,0.929,RGO
1949-08-06,1283,6.153,15.300,70.000,15.000,0.936,RGO
1949-08-06,1283,6.153,-3.400,40.100,12.000,0.661,RGO
1949-09-02,1284,7.212,-15.600,79.200,559.000,0.990,RGO
1949-09-02,1284,7.212,9.500,-42.600,535.000,0.674,RGO
1949-09-02,1284,7.212,-6.900,28.100,355.000,0.522,RGO
1949-09-02,1284,7.212,-3.500,-30.400,259.000,0.534,RGO
1949-09-02,1284,7.212,18.800,-75.200,227.000,0.961,RGO
1949-09-02,1284,7.212,13.200,-58.700,182.000,0.850,RGO
1949-09-02,1284,7.212,-18.200,-44.800,111.000,0.779,RGO
1949-09-02,1284,7.212,17.100,70.000,94.000,0.934,RGO
1949-09-02,1284,7.212,10.800,9.700,94.000,0.179,RGO
1949-09-02,1284,7.212,-11.000,-32.800,70.000,0.609,RGO
1949-09-02,1284,7.212,24.300,-80.600,68.000,0.981,RGO
1949-09-02,1284,7.212,7.800,17.100,46.000,0.293,RGO
1949-09-02,1284,7.212,-17.600,63.800,45.000,0.927,RGO
1949-09-02,1284,7.212,-19.900,67.600,43.000,0.951,RGO
1949-09-02,1284,7.212,8.200,45.200,14.000,0.707,RGO
1949-09-02,1284,7.212,13.800,28.200,5.000,0.486,RGO
1949-09-29,1285,6.790,-6.300,42.400,247.000,0.700,RGO
1949-09-29,1285,6.790,-9.100,-14.200,44.000,0.365,RGO
1949-09-29,1285,6.790,-14.800,81.500,18.000,0.994,RGO
1949-10-27,1286,4.827,12.100,-16.600,328.000,0.309,RGO
1949-10-27,1286,4.827,7.600,-46.400,173.000,0.724,RGO
1949-10-27,1286,4.827,10.100,25.200,143.000,0.433,RGO
1949-10-27,1286,4.827,-5.200,15.800,119.000,0.321,RGO
1949-10-27,1286,4.827,12.900,64.800,36.000,0.904,RGO
1949-10-27,1286,4.827,10.100,-79.400,23.000,0.982,RGO
1949-10-27,1286,4.827,24.600,-17.800,5.000,0.444,RGO
1949-10-27,1286,4.827,-20.000,-8.200,5.000,0.441,RGO
1949-10-27,1286,4.827,18.300,47.200,5.000,0.746,RGO
1949-10-27,1286,4.827,-20.500,-46.400,2.000,0.791,RGO
1949-11-23,1287,1.834,17.400,-48.300,970.000,0.768,RGO
1949-11-23,1287,1.834,11.800,60.400,364.000,0.874,RGO
1949-11-23,1287,1.834,-21.900,-19.300,352.000,0.506,RGO
1949-11-23,1287,1.834,-14.200,41.700,297.000,0.700,RGO
1949-11-23,1287,1.834,20.400,25.900,120.000,0.523,RGO
1949-11-23,1287,1.834,16.200,12.700,111.000,0.328,RGO
1949-11-23,1287,1.834,13.400,-21.400,111.000,0.411,RGO
1949-11-23,1287,1.834,6.100,-20.600,99.000,0.359,RGO
1949-11-23,1287,1.834,4.900,-77.300,81.000,0.976,RGO
1949-11-23,1287,1.834,20.500,-66.000,26.000,0.922,RGO
1949-11-23,1287,1.834,15.500,51.200,16.000,0.793,RGO
1949-11-23,1287,1.834,8.400,36.600,9.000,0.604,RGO
1949-12-20,1288,-1.592,30.200,71.400,416.000,0.966,RGO
1949-12-20,1288,-1.592,6.300,40.800,182.000,0.664,RGO
1949-12-20,1288,-1.592,19.900,-55.300,159.000,0.853,RGO
1949-12-20,1288,-1.592,4.300,9.900,118.000,0.201,RGO
1949-12-20,1288,-1.592,-5.600,53.700,58.000,0.808,RGO
1949-12-20,1288,-1.592,6.300,-17.400,50.000,0.329,RGO
1949-12-20,1288,-1.592,-4.400,-68.700,21.000,0.933,RGO
1949-12-20,1288,-1.592,22.200,5.300,8.000,0.414,RGO
1949-12-20,1288,-1.592,3.800,49.700,7.000,0.768,RGO
1950-01-16,1289,-4.675,-8.900,-52.200,303.000,0.790,RGO
1950-01-16,1289,-4.675,15.100,-24.700,101.000,0.524,RGO
1950-01-16,1289,-4.675,6.800,-61.600,72.000,0.889,RGO
1950-01-16,1289,-4.675,5.700,36.600,50.000,0.618,RGO
1950-01-16,1289,-4.675,14.900,-52.100,36.000,0.823,RGO
1950-01-16,1289,-4.675,10.800,80.600,21.000,0.990,RGO
1950-01-16,1289,-4.675,14.100,12.200,21.000,0.382,RGO
1950-01-16,1289,-4.675,19.800,-67.300,16.000,0.944,RGO
1950-01-16,1289,-4.675,-14.200,-9.200,7.000,0.226,RGO
1950-02-13,1290,-6.750,-16.700,-10.600,883.000,0.249,RGO
1950-02-13,1290,-6.750,10.500,-79.300,419.000,0.988,RGO
1950-02-13,1290,-6.750,0.900,-83.400,334.000,0.994,RGO
1950-02-13,1290,-6.750,15.000,-48.200,302.000,0.795,RGO
1950-02-13,1290,-6.750,-8.400,-43.300,180.000,0.683,RGO
1950-02-13,1290,-6.750,17.100,-5.700,176.000,0.418,RGO
1950-02-13,1290,-6.750,11.300,57.600,48.000,0.869,RGO
1950-03-12,1291,-7.213,28.800,58.200,644.000,0.919,RGO
1950-03-12,1291,-7.213,21.000,3.700,611.000,0.478,RGO
1950-03-12,1291,-7.213,12.100,-82.200,498.000,0.995,RGO
1950-03-12,1291,-7.213,-15.800,-9.500,495.000,0.220,RGO
1950-03-12,1291,-7.213,-17.700,-18.300,396.000,0.355,RGO
1950-03-12,1291,-7.213,-2.800,83.800,364.000,0.994,RGO
1950-03-12,1291,-7.213,12.900,-60.200,274.000,0.894,RGO
1950-03-12,1291,-7.213,10.500,-4.200,101.000,0.314,RGO
1950-03-12,1291,-7.213,-9.400,-46.700,20.000,0.725,RGO
1950-03-12,1291,-7.213,-20.200,77.400,12.000,0.970,RGO
1950-04-08,1292,-6.108,13.700,-68.400,1501.000,0.945,RGO
1950-04-08,1292,-6.108,-20.400,67.200,510.000,0.919,RGO
1950-04-08,1292,-6.108,26.500,52.400,482.000,0.871,RGO
1950-04-08,1292,-6.108,-16.600,-17.600,272.000,0.346,RGO
1950-04-08,1292,-6.108,-1.800,82.100,148.000,0.991,RGO
1950-04-08,1292,-6.108,8.100,58.700,137.000,0.870,RGO
1950-04-08,1292,-6.108,13.000,26.300,83.000,0.538,RGO
1950-04-08,1292,-6.108,9.900,57.900,73.000,0.867,RGO
1950-04-08,1292,-6.108,12.400,60.600,61.000,0.893,RGO
1950-04-08,1292,-6.108,-4.600,64.200,24.000,0.900,RGO
1950-05-05,1293,-3.741,13.200,29.400,829.000,0.557,RGO
1950-05-05,1293,-3.741,17.500,-18.000,282.000,0.465,RGO
1950-05-05,1293,-3.741,-21.400,63.400,103.000,0.900,RGO
1950-05-05,1293,-3.741,12.800,13.900,76.000,0.368,RGO
1950-05-05,1293,-3.741,-12.400,61.800,62.000,0.882,RGO
1950-05-05,1293,-3.741,8.100,-49.000,36.000,0.771,RGO
1950-05-05,1293,-3.741,7.900,-72.000,25.000,0.956,RGO
1950-06-02,1294,-0.526,5.100,12.700,483.000,0.241,RGO
1950-06-02,1294,-0.526,5.600,-76.800,126.000,0.975,RGO
1950-06-02,1294,-0.526,16.600,31.000,49.000,0.576,RGO
1950-06-02,1294,-0.526,10.000,58.800,43.000,0.863,RGO
1950-06-02,1294,-0.526,9.300,-48.000,38.000,0.755,RGO
1950-06-02,1294,-0.526,14.800,18.800,27.000,0.410,RGO
1950-06-02,1294,-0.526,31.000,41.500,7.000,0.773,RGO
1950-06-29,1295,2.665,9.400,58.400,472.000,0.854,RGO
1950-06-29,1295,2.665,19.100,-75.800,154.000,0.977,RGO
1950-06-29,1295,2.665,-12.800,41.100,52.000,0.693,RGO
1950-06-29,1295,2.665,-16.100,13.300,48.000,0.392,RGO
1950-06-29,1295,2.665,5.000,5.100,21.000,0.098,RGO
1950-06-29,1295,2.665,14.800,32.500,7.000,0.565,RGO
1950-06-29,1295,2.665,-1.400,-24.000,3.000,0.414,RGO
1950-07-26,1296,5.328,-10.900,18.800,563.000,0.421,RGO
1950-07-26,1296,5.328,12.400,83.000,523.000,0.991,RGO
1950-07-26,1296,5.328,-10.800,-47.000,337.000,0.763,RGO
1950-07-26,1296,5.328,8.200,58.600,201.000,0.852,RGO
1950-07-26,1296,5.328,5.000,9.300,112.000,0.162,RGO
1950-07-26,1296,5.328,-17.200,-9.200,82.000,0.415,RGO
1950-07-26,1296,5.328,11.200,56.600,35.000,0.833,RGO
1950-07-26,1296,5.328,-19.400,-72.000,23.000,0.967,RGO
1950-07-26,1296,5.328,-12.100,-0.100,19.000,0.303,RGO
1950-08-23,1297,6.976,-10.000,27.800,395.000,0.539,RGO
1950-08-23,1297,6.976,14.400,19.800,237.000,0.357,RGO
1950-08-23,1297,6.976,-17.900,-19.500,227.000,0.525,RGO
1950-08-23,1297,6.976,-12.800,24.400,61.000,0.521,RGO
1950-08-23,1297,6.976,35.600,-31.500,47.000,0.654,RGO
1950-08-23,1297,6.976,-2.000,-52.500,40.000,0.802,RGO
1950-08-23,1297,6.976,-9.400,-28.600,37.000,0.544,RGO
1950-08-23,1297,6.976,-14.100,16.400,26.000,0.450,RGO
1950-08-23,1297,6.976,8.500,65.100,19.000,0.904,RGO
1950-09-19,1298,7.130,17.600,-23.500,277.000,0.427,RGO
1950-09-19,1298,7.130,13.600,15.000,234.000,0.278,RGO
1950-09-19,1298,7.130,-12.400,29.100,99.000,0.573,RGO
1950-09-19,1298,7.130,-10.000,27.200,86.000,0.533,RGO
1950-09-19,1298,7.130,1.400,66.100,33.000,0.916,RGO
1950-09-19,1298,7.130,-12.300,15.800,27.000,0.424,RGO
1950-09-19,1298,7.130,13.700,24.900,5.000,0.429,RGO
1950-10-16,1299,5.786,-15.800,19.800,656.000,0.489,RGO
1950-10-16,1299,5.786,-12.700,27.600,203.000,0.547,RGO
1950-10-16,1299,5.786,-6.800,-64.500,90.000,0.912,RGO
1950-10-16,1299,5.786,15.800,-23.900,35.000,0.432,RGO
1950-10-16,1299,5.786,-0.300,49.100,17.000,0.761,RGO
1950-10-16,1299,5.786,18.000,-65.700,11.000,0.909,RGO
1950-11-12,1300,3.176,15.300,-38.600,471.000,0.643,RGO
1950-11-12,1300,3.176,13.700,82.000,278.000,0.990,RGO
1950-11-12,1300,3.176,-14.200,29.400,154.000,0.560,RGO
1950-11-12,1300,3.176,-6.100,-57.900,57.000,0.855,RGO
1950-11-12,1300,3.176,-10.900,-57.700,9.000,0.860,RGO
1950-12-10,1301,-0.288,15.000,-42.600,346.000,0.707,RGO
1950-12-10,1301,-0.288,20.200,6.900,337.000,0.369,RGO
1950-12-10,1301,-0.288,13.300,-33.500,210.000,0.588,RGO
1950-12-10,1301,-0.288,-11.900,9.300,173.000,0.257,RGO
1950-12-10,1301,-0.288,12.200,40.700,84.000,0.675,RGO
1950-12-10,1301,-0.288,-15.500,34.800,11.000,0.612,RGO
1950-12-10,1301,-0.288,-12.400,31.300,6.000,0.551,RGO
1950-12-10,1301,-0.288,-15.000,0.600,4.000,0.255,RGO
1951-01-06,1302,-3.594,-11.900,1.400,497.000,0.148,RGO
1951-01-06,1302,-3.594,-18.800,-59.600,10.000,0.869,RGO
1951-02-02,1303,-6.093,7.800,55.900,850.000,0.845,RGO
1951-02-02,1303,-6.093,9.500,68.000,419.000,0.938,RGO
1951-02-02,1303,-6.093,-5.900,69.100,152.000,0.933,RGO
1951-02-02,1303,-6.093,23.600,13.600,96.000,0.540,RGO
1951-02-02,1303,-6.093,-10.800,-16.600,37.000,0.295,RGO
1951-03-01,1304,-7.217,10.100,60.500,513.000,0.890,RGO
1951-03-01,1304,-7.217,3.900,23.600,63.000,0.441,RGO
1951-03-01,1304,-7.217,-13.200,-25.300,23.000,0.434,RGO
1951-03-01,1304,-7.217,-15.100,-35.400,8.000,0.584,RGO
1951-03-29,1305,-6.699,11.300,81.400,647.000,0.993,RGO
1951-03-29,1305,-6.699,8.600,11.200,214.000,0.326,RGO
1951-03-29,1305,-6.699,3.500,67.500,108.000,0.930,RGO
1951-03-29,1305,-6.699,-13.800,-17.100,49.000,0.315,RGO
1951-03-29,1305,-6.699,8.700,70.600,18.000,0.953,RGO
1951-03-29,1305,-6.699,14.100,-7.000,5.000,0.375,RGO
1951-04-25,1306,-4.758,-15.500,9.200,522.000,0.244,RGO
1951-04-25,1306,-4.758,16.900,-14.500,482.000,0.439,RGO
1951-04-25,1306,-4.758,-6.800,-53.000,211.000,0.798,RGO
1951-04-25,1306,-4.758,16.500,81.900,167.000,0.994,RGO
1951-04-25,1306,-4.758,1.500,-5.800,47.000,0.148,RGO
1951-04-25,1306,-4.758,-12.200,8.400,46.000,0.195,RGO
1951-04-25,1306,-4.758,13.400,-4.700,6.000,0.323,RGO
1951-05-22,1307,-1.869,12.400,81.500,2099.000,0.991,RGO
1951-05-22,1307,-1.869,21.000,2.300,1153.000,0.391,RGO
1951-05-22,1307,-1.869,-20.500,-73.300,550.000,0.961,RGO
1951-05-22,1307,-1.869,16.700,-8.400,498.000,0.348,RGO
1951-05-22,1307,-1.869,-14.200,-3.100,252.000,0.221,RGO
1951-05-22,1307,-1.869,-15.100,8.100,244.000,0.269,RGO
1951-05-22,1307,-1.869,-6.200,-32.500,94.000,0.542,RGO
1951-05-22,1307,-1.869,21.100,-25.400,16.000,0.553,RGO
1951-05-22,1307,-1.869,11.700,71.300,15.000,0.953,RGO
1951-05-22,1307,-1.869,11.000,49.000,9.000,0.773,RGO
1951-06-19,1308,1.483,-11.800,12.800,2199.000,0.318,RGO
1951-06-19,1308,1.483,-10.400,2.400,306.000,0.212,RGO
1951-06-19,1308,1.483,15.200,-44.200,264.000,0.718,RGO
1951-06-19,1308,1.483,-20.800,-67.300,257.000,0.938,RGO
1951-06-19,1308,1.483,6.500,79.200,197.000,0.983,RGO
1951-06-19,1308,1.483,16.400,2.000,164.000,0.260,RGO
1951-06-19,1308,1.483,24.000,13.200,21.000,0.438,RGO
1951-06-19,1308,1.483,11.400,70.000,7.000,0.942,RGO
1951-07-16,1309,4.415,-8.200,30.100,708.000,0.540,RGO
1951-07-16,1309,4.415,-9.700,17.000,366.000,0.377,RGO
1951-07-16,1309,4.415,9.100,71.000,29.000,0.945,RGO
1951-07-16,1309,4.415,-15.400,4.900,24.000,0.350,RGO
1951-07-16,1309,4.415,-6.600,-55.500,8.000,0.836,RGO
1951-07-16,1309,4.415,-8.900,52.400,8.000,0.810,RGO
1951-08-12,1310,6.479,9.300,22.800,532.000,0.389,RGO
1951-08-12,1310,6.479,-11.800,-16.700,298.000,0.421,RGO
1951-08-12,1310,6.479,-6.700,33.200,224.000,0.585,RGO
1951-08-12,1310,6.479,7.400,38.400,135.000,0.619,RGO
1951-08-12,1310,6.479,9.400,72.800,119.000,0.952,RGO
1951-08-12,1310,6.479,19.900,57.700,21.000,0.845,RGO
1951-08-12,1310,6.479,-9.400,30.800,21.000,0.570,RGO
1951-09-08,1311,7.250,-3.000,-18.700,390.000,0.365,RGO
1951-09-08,1311,7.250,5.600,-79.400,238.000,0.982,RGO
1951-09-08,1311,7.250,9.200,35.200,118.000,0.574,RGO
1951-09-08,1311,7.250,2.900,-52.100,53.000,0.791,RGO
1951-09-08,1311,7.250,-5.300,30.300,34.000,0.542,RGO
1951-09-08,1311,7.250,-12.400,-11.100,15.000,0.384,RGO
1951-09-08,1311,7.250,-3.700,-35.900,11.000,0.611,RGO
1951-10-06,1312,6.465,-4.100,-4.600,199.000,0.199,RGO
1951-10-06,1312,6.465,8.900,73.800,69.000,0.958,RGO
1951-11-02,1313,4.288,-9.400,23.100,312.000,0.452,RGO
1951-11-02,1313,4.288,13.100,14.500,80.000,0.291,RGO
1951-11-02,1313,4.288,-9.700,10.600,53.000,0.302,RGO
1951-11-02,1313,4.288,11.500,60.100,26.000,0.867,RGO
1951-11-02,1313,4.288,19.000,-3.200,6.000,0.261,RGO
1951-11-02,1313,4.288,-3.600,-5.300,2.000,0.163,RGO
1951-11-29,1314,1.148,5.700,72.100,887.000,0.953,RGO
1951-11-29,1314,1.148,21.600,74.100,120.000,0.966,RGO
1951-11-29,1314,1.148,10.500,-18.900,56.000,0.360,RGO
1951-11-29,1314,1.148,6.900,-64.600,44.000,0.905,RGO
1951-11-29,1314,1.148,10.700,2.200,39.000,0.172,RGO
1951-12-26,1315,-2.272,9.400,69.300,878.000,0.941,RGO
1951-12-26,1315,-2.272,16.100,-13.100,14.000,0.385,RGO
1951-12-26,1315,-2.272,17.800,-7.300,6.000,0.366,RGO
1952-01-23,1316,-5.281,-10.700,-70.600,98.000,0.941,RGO
1952-01-23,1316,-5.281,3.000,56.700,80.000,0.843,RGO
1952-02-19,1317,-6.975,-11.600,8.900,619.000,0.173,RGO
1952-02-19,1317,-6.975,18.900,0.000,73.000,0.439,RGO
1952-02-19,1317,-6.975,-13.100,-32.100,8.000,0.535,RGO
1952-03-17,1318,-7.110,-12.500,7.000,55.000,0.153,RGO
1952-03-17,1318,-7.110,-8.000,15.600,42.000,0.268,RGO
1952-03-17,1318,-7.110,-9.600,-52.100,7.000,0.785,RGO
1952-04-14,1319,-5.637,5.500,77.600,576.000,0.980,RGO
1952-05-11,1320,-3.041,-10.400,-54.000,7.000,0.812,RGO
1952-06-07,1321,0.137,-8.500,61.000,41.000,0.880,RGO
1952-06-07,1321,0.137,-9.700,-47.700,37.000,0.751,RGO
1952-06-07,1321,0.137,12.100,7.200,14.000,0.242,RGO
1952-07-04,1322,3.268,-10.400,72.000,518.000,0.957,RGO
1952-07-04,1322,3.268,-8.700,42.000,184.000,0.692,RGO
1952-08-01,1323,5.828,-9.100,-10.000,402.000,0.311,RGO
1952-08-01,1323,5.828,-10.700,83.400,157.000,0.992,RGO
1952-08-01,1323,5.828,5.500,-63.200,25.000,0.892,RGO
1952-08-28,1324,7.128,-3.400,-60.500,655.000,0.879,RGO
1952-08-28,1324,7.128,4.500,-63.000,573.000,0.890,RGO
1952-08-28,1324,7.128,-13.600,1.200,272.000,0.356,RGO
1952-08-28,1324,7.128,9.200,28.800,252.000,0.480,RGO
1952-08-28,1324,7.128,11.100,17.000,34.000,0.298,RGO
1952-08-28,1324,7.128,6.900,18.500,19.000,0.316,RGO
1952-09-24,1325,6.975,3.200,-38.400,324.000,0.623,RGO
1952-09-24,1325,6.975,-5.200,-57.500,147.000,0.856,RGO
1952-09-24,1325,6.975,-14.300,-0.700,19.000,0.365,RGO
1952-09-24,1325,6.975,4.500,-2.300,8.000,0.060,RGO
1952-10-22,1326,5.258,2.700,-38.200,606.000,0.621,RGO
1952-11-18,1327,2.415,5.600,-43.400,764.000,0.690,RGO
1952-11-18,1327,2.415,-15.800,-28.000,9.000,0.548,RGO
1952-12-15,1328,-0.989,5.600,-38.700,417.000,0.634,RGO
1952-12-15,1328,-0.989,-10.300,-64.200,399.000,0.904,RGO
1952-12-15,1328,-0.989,-10.900,-27.300,232.000,0.485,RGO
1952-12-15,1328,-0.989,-8.300,-56.200,102.000,0.835,RGO
1952-12-15,1328,-0.989,8.500,65.200,24.000,0.913,RGO
1953-01-11,1329,-4.189,-7.300,-50.400,399.000,0.771,RGO
1953-01-11,1329,-4.189,19.400,21.900,166.000,0.531,RGO
1953-01-11,1329,-4.189,2.300,-8.200,155.000,0.183,RGO
1953-01-11,1329,-4.189,-10.500,-69.900,146.000,0.938,RGO
1953-02-08,1330,-6.503,2.900,1.200,13.000,0.166,RGO
1953-03-07,1331,-7.249,,,0.000,,RGO
1953-04-03,1332,-6.407,0.900,-16.400,344.000,0.308,RGO
1953-04-03,1332,-6.407,-9.500,2.000,46.000,0.064,RGO
1953-04-03,1332,-6.407,3.900,-24.400,31.000,0.447,RGO
1953-04-03,1332,-6.407,10.300,18.400,10.000,0.421,RGO
1953-04-30,1333,-4.229,11.400,28.700,898.000,0.540,RGO
1953-04-30,1333,-4.229,3.700,-20.800,141.000,0.380,RGO
1953-05-28,1334,-1.099,11.100,42.600,87.000,0.698,RGO
1953-05-28,1334,-1.099,-3.300,-23.900,23.000,0.408,RGO
1953-06-24,1335,2.123,13.100,-15.600,61.000,0.325,RGO
1953-06-24,1335,2.123,5.600,56.300,4.000,0.834,RGO
1953-07-21,1336,4.921,-8.700,79.100,15.000,0.986,RGO
1953-08-18,1337,6.795,11.800,20.200,316.000,0.352,RGO
1953-08-18,1337,6.795,8.900,46.100,56.000,0.718,RGO
1953-08-18,1337,6.795,-4.800,19.700,8.000,0.390,RGO
1953-09-14,1338,7.213,12.900,17.900,166.000,0.319,RGO
1953-09-14,1338,7.213,-11.400,-50.900,71.000,0.811,RGO
1953-09-14,1338,7.213,-7.800,-75.400,20.000,0.974,RGO
1953-10-11,1339,6.126,-6.700,30.500,23.000,0.547,RGO
1953-11-07,1340,3.709,,,0.000,,RGO
1953-12-05,1341,0.323,,,0.000,,RGO
1954-01-01,1342,-3.048,,,0.000,,RGO
1954-01-28,1343,-5.739,,,0.000,,RGO
1954-02-24,1344,-7.133,,,0.000,,RGO
1954-03-24,1345,-6.905,,,0.000,,RGO
1954-04-20,1346,-5.186,6.000,29.300,10.000,0.521,RGO
1954-05-17,1347,-2.422,,,0.000,,RGO
1954-06-14,1348,0.917,,,0.000,,RGO
1954-07-11,1349,3.945,,,0.000,,RGO
1954-08-07,1350,6.199,25.700,-3.000,72.000,0.338,RGO
1954-09-03,1351,7.220,,,0.000,,RGO
1954-10-01,1352,6.712,,,0.000,,RGO
1954-10-28,1353,4.759,,,0.000,,RGO
1954-11-24,1354,1.745,,,0.000,,RGO
1954-12-21,1355,-1.682,33.200,75.500,318.000,0.982,RGO
1955-01-18,1356,-4.842,35.100,60.400,386.000,0.937,RGO
1955-02-14,1357,-6.783,37.800,27.500,72.000,0.784,RGO
1955-03-13,1358,-7.203,,,0.000,,RGO
1955-04-10,1359,-5.990,21.500,58.300,72.000,0.896,RGO
1955-05-07,1360,-3.559,-33.100,-27.600,98.000,0.635,RGO
1955-05-07,1360,-3.559,33.600,58.700,11.000,0.919,RGO
1955-05-07,1360,-3.559,26.300,54.200,5.000,0.870,RGO
1955-06-03,1361,-0.439,30.900,62.500,45.000,0.922,RGO
1955-06-30,1362,2.745,-32.000,-58.000,357.000,0.908,RGO
1955-06-30,1362,2.745,32.100,-82.500,199.000,0.991,RGO
1955-07-28,1363,5.467,22.600,-59.400,100.000,0.866,RGO
1955-07-28,1363,5.467,-35.800,-16.200,4.000,0.697,RGO
1955-08-24,1364,6.999,42.200,-44.200,17.000,0.796,RGO
1955-08-24,1364,6.999,-28.700,6.800,6.000,0.594,RGO
1955-09-20,1365,7.113,-25.600,71.500,115.000,0.974,RGO
1955-09-20,1365,7.113,32.100,66.000,12.000,0.915,RGO
1955-09-20,1365,7.113,20.200,70.600,7.000,0.937,RGO
1955-10-18,1366,5.653,,,0.000,,RGO
1955-11-14,1367,2.978,24.300,-5.700,1020.000,0.377,RGO
1955-11-14,1367,2.978,21.100,-57.500,445.000,0.857,RGO
1955-11-14,1367,2.978,-29.900,5.300,365.000,0.550,RGO
1955-11-14,1367,2.978,17.700,27.400,95.000,0.513,RGO
1955-11-14,1367,2.978,27.700,36.400,65.000,0.680,RGO
1955-11-14,1367,2.978,-20.700,-67.700,6.000,0.943,RGO
1955-12-11,1368,-0.380,26.900,11.700,447.000,0.494,RGO
1955-12-11,1368,-0.380,24.900,-77.000,226.000,0.980,RGO
1955-12-11,1368,-0.380,-23.700,4.800,98.000,0.405,RGO
1955-12-11,1368,-0.380,-17.100,30.500,13.000,0.567,RGO
1955-12-11,1368,-0.380,26.400,67.200,6.000,0.940,RGO
1956-01-07,1369,-3.674,22.800,-66.100,102.000,0.939,RGO
1956-01-07,1369,-3.674,-16.700,23.700,75.000,0.450,RGO
1956-01-07,1369,-3.674,-16.900,-49.500,63.000,0.772,RGO
1956-01-07,1369,-3.674,-23.200,47.700,23.000,0.769,RGO
1956-01-07,1369,-3.674,-25.500,-71.700,13.000,0.952,RGO
1956-01-07,1369,-3.674,-27.400,36.500,3.000,0.673,RGO
1956-02-04,1370,-6.210,29.500,-27.500,370.000,0.702,RGO
1956-02-04,1370,-6.210,25.100,77.600,120.000,0.990,RGO
1956-02-04,1370,-6.210,-36.100,-3.800,28.000,0.504,RGO
1956-02-04,1370,-6.210,-18.500,-5.700,17.000,0.234,RGO
1956-02-04,1370,-6.210,-32.900,-40.500,10.000,0.723,RGO
1956-02-04,1370,-6.210,24.600,7.900,10.000,0.528,RGO
1956-02-04,1370,-6.210,23.500,23.400,7.000,0.611,RGO
1956-02-04,1370,-6.210,-26.400,-30.600,2.000,0.583,RGO
1956-03-02,1371,-7.234,-23.300,-28.100,1085.000,0.524,RGO
1956-03-02,1371,-7.234,16.100,67.800,285.000,0.947,RGO
1956-03-02,1371,-7.234,24.100,-20.800,179.000,0.609,RGO
1956-03-02,1371,-7.234,-16.900,-9.000,140.000,0.228,RGO
1956-03-02,1371,-7.234,30.700,-53.600,66.000,0.899,RGO
1956-03-02,1371,-7.234,23.200,15.400,47.000,0.560,RGO
1956-03-02,1371,-7.234,22.900,79.400,37.000,0.993,RGO
1956-03-02,1371,-7.234,-28.600,52.200,26.000,0.807,RGO
1956-03-02,1371,-7.234,-27.300,32.300,16.000,0.598,RGO
1956-03-02,1371,-7.234,21.300,59.400,13.000,0.907,RGO
1956-03-29,1372,-6.665,31.000,50.200,778.000,0.876,RGO
1956-03-29,1372,-6.665,25.400,0.200,311.000,0.532,RGO
1956-03-29,1372,-6.665,-16.300,-16.600,169.000,0.326,RGO
1956-03-29,1372,-6.665,-25.700,10.500,151.000,0.369,RGO
1956-03-29,1372,-6.665,-23.000,-38.800,117.000,0.655,RGO
1956-03-29,1372,-6.665,-17.400,50.900,46.000,0.777,RGO
1956-03-29,1372,-6.665,-24.600,81.800,31.000,0.985,RGO
1956-03-29,1372,-6.665,23.400,12.700,10.000,0.539,RGO
1956-03-29,1372,-6.665,-25.000,37.600,9.000,0.649,RGO
1956-04-25,1373,-4.691,24.300,39.300,303.000,0.745,RGO
1956-04-25,1373,-4.691,23.000,-39.900,169.000,0.743,RGO
1956-04-25,1373,-4.691,15.700,0.000,114.000,0.350,RGO
1956-04-25,1373,-4.691,32.100,33.300,58.000,0.752,RGO
1956-04-25,1373,-4.691,-26.200,-53.700,53.000,0.827,RGO
1956-04-25,1373,-4.691,-28.000,24.100,46.000,0.541,RGO
1956-04-25,1373,-4.691,20.100,59.900,39.000,0.899,RGO
1956-04-25,1373,-4.691,15.800,-17.600,23.000,0.456,RGO
1956-05-23,1374,-1.666,-24.000,10.900,348.000,0.421,RGO
1956-05-23,1374,-1.666,-19.300,-23.000,259.000,0.482,RGO
1956-05-23,1374,-1.666,25.300,36.200,213.000,0.699,RGO
1956-05-23,1374,-1.666,37.200,57.700,94.000,0.914,RGO
1956-05-23,1374,-1.666,-14.400,-25.800,12.000,0.479,RGO
1956-05-23,1374,-1.666,29.800,53.400,5.000,0.866,RGO
1956-05-23,1374,-1.666,-17.800,-15.700,4.000,0.382,RGO
1956-06-19,1375,1.568,20.700,-2.700,808.000,0.333,RGO
1956-06-19,1375,1.568,-19.700,-23.400,599.000,0.522,RGO
1956-06-19,1375,1.568,32.100,33.000,408.000,0.691,RGO
1956-06-19,1375,1.568,-17.000,-7.000,102.000,0.341,RGO
1956-06-19,1375,1.568,-25.100,7.700,99.000,0.467,RGO
1956-06-19,1375,1.568,23.500,36.900,50.000,0.670,RGO
1956-06-19,1375,1.568,25.900,31.600,35.000,0.630,RGO
1956-06-19,1375,1.568,30.600,-73.100,23.000,0.966,RGO
1956-06-19,1375,1.568,15.400,55.700,5.000,0.837,RGO
1956-07-16,1376,4.483,15.100,53.000,315.000,0.802,RGO
1956-07-16,1376,4.483,-15.400,-56.100,186.000,0.859,RGO
1956-07-16,1376,4.483,19.400,81.500,176.000,0.994,RGO
1956-07-16,1376,4.483,-20.500,-75.400,113.000,0.979,RGO
1956-07-16,1376,4.483,-20.600,76.600,101.000,0.983,RGO
1956-07-16,1376,4.483,16.100,68.100,67.000,0.927,RGO
1956-07-16,1376,4.483,16.100,-7.100,52.000,0.236,RGO
1956-07-16,1376,4.483,18.300,34.700,49.000,0.598,RGO
1956-07-16,1376,4.483,25.700,-28.200,36.000,0.566,RGO
1956-07-16,1376,4.483,20.400,23.000,35.000,0.463,RGO
1956-07-16,1376,4.483,32.600,16.800,31.000,0.536,RGO
1956-07-16,1376,4.483,22.100,-4.500,8.000,0.312,RGO
1956-07-16,1376,4.483,27.200,-13.300,7.000,0.442,RGO
1956-07-16,1376,4.483,14.900,-17.100,7.000,0.341,RGO
1956-08-13,1377,6.570,-19.600,-23.500,782.000,0.575,RGO
1956-08-13,1377,6.570,23.500,14.900,549.000,0.377,RGO
1956-08-13,1377,6.570,-14.000,-15.800,377.000,0.439,RGO
1956-08-13,1377,6.570,20.600,-86.600,293.000,0.996,RGO
1956-08-13,1377,6.570,28.200,-39.000,164.000,0.680,RGO
1956-08-13,1377,6.570,25.900,82.800,50.000,0.988,RGO
1956-08-13,1377,6.570,-15.400,-42.700,36.000,0.741,RGO
1956-08-13,1377,6.570,23.100,-1.400,17.000,0.286,RGO
1956-08-13,1377,6.570,-27.300,18.400,9.000,0.622,RGO
1956-08-13,1377,6.570,20.500,7.800,8.000,0.273,RGO
1956-09-09,1378,7.249,-24.000,-27.700,2259.000,0.661,RGO
1956-09-09,1378,7.249,-15.200,-12.200,472.000,0.431,RGO
1956-09-09,1378,7.249,-23.700,-77.200,269.000,0.989,RGO
1956-09-09,1378,7.249,31.900,86.800,101.000,0.994,RGO
1956-09-09,1378,7.249,-13.400,24.000,73.000,0.525,RGO
1956-09-09,1378,7.249,20.300,74.300,15.000,0.957,RGO
1956-09-09,1378,7.249,25.700,-4.200,7.000,0.326,RGO
1956-10-06,1379,6.424,20.500,-5.500,1366.000,0.262,RGO
1956-10-06,1379,6.424,-23.600,-41.300,296.000,0.771,RGO
1956-10-06,1379,6.424,-13.900,-29.800,286.000,0.589,RGO
1956-10-06,1379,6.424,20.200,65.800,252.000,0.909,RGO
1956-10-06,1379,6.424,22.100,-86.400,216.000,0.995,RGO
1956-10-06,1379,6.424,-19.900,-10.600,165.000,0.476,RGO
1956-10-06,1379,6.424,27.300,-54.100,100.000,0.825,RGO
1956-10-06,1379,6.424,22.500,-25.600,14.000,0.494,RGO
1956-11-02,1380,4.214,21.100,-9.500,490.000,0.331,RGO
1956-11-02,1380,4.214,-17.600,47.700,459.000,0.789,RGO
1956-11-02,1380,4.214,-11.500,-16.700,322.000,0.390,RGO
1956-11-02,1380,4.214,-14.100,-63.900,281.000,0.915,RGO
1956-11-02,1380,4.214,28.300,-83.300,231.000,0.991,RGO
1956-11-02,1380,4.214,-30.300,54.700,229.000,0.890,RGO
1956-11-02,1380,4.214,-28.400,70.200,226.000,0.966,RGO
1956-11-02,1380,4.214,-25.800,-45.500,210.000,0.804,RGO
1956-11-02,1380,4.214,12.700,62.100,130.000,0.884,RGO
1956-11-02,1380,4.214,-17.200,-9.300,85.000,0.397,RGO
1956-11-02,1380,4.214,-11.900,-26.900,64.000,0.521,RGO
1956-11-02,1380,4.214,-21.300,-9.900,39.000,0.461,RGO
1956-11-02,1380,4.214,18.100,-14.400,34.000,0.341,RGO
1956-11-02,1380,4.214,-16.900,-21.000,20.000,0.496,RGO
1956-11-02,1380,4.214,-15.300,-25.800,12.000,0.534,RGO
1956-11-02,1380,4.214,-24.900,4.900,5.000,0.495,RGO
1956-11-30,1381,0.931,21.500,-16.100,698.000,0.438,RGO
1956-11-30,1381,0.931,-12.900,-45.400,282.000,0.735,RGO
1956-11-30,1381,0.931,23.900,-43.800,244.000,0.748,RGO
1956-11-30,1381,0.931,16.100,29.700,180.000,0.547,RGO
1956-11-30,1381,0.931,-24.000,80.500,141.000,0.990,RGO
1956-11-30,1381,0.931,-25.400,-49.300,86.000,0.815,RGO
1956-11-30,1381,0.931,14.700,-8.800,78.000,0.283,RGO
1956-11-30,1381,0.931,-27.800,42.900,48.000,0.770,RGO
1956-11-30,1381,0.931,-16.500,-9.600,34.000,0.341,RGO
1956-11-30,1381,0.931,-23.400,12.300,31.000,0.457,RGO
1956-11-30,1381,0.931,-26.100,7.700,25.000,0.472,RGO
1956-11-30,1381,0.931,-16.700,-64.500,16.000,0.915,RGO
1956-11-30,1381,0.931,19.800,-3.200,8.000,0.329,RGO
1956-11-30,1381,0.931,23.200,-34.600,6.000,0.649,RGO
1956-11-30,1381,0.931,-21.000,0.000,5.000,0.375,RGO
1956-12-27,1382,-2.481,-26.700,71.400,964.000,0.954,RGO
1956-12-27,1382,-2.481,-16.700,25.200,897.000,0.480,RGO
1956-12-27,1382,-2.481,15.700,23.000,561.000,0.489,RGO
1956-12-27,1382,-2.481,34.300,-25.900,472.000,0.698,RGO
1956-12-27,1382,-2.481,-20.400,-68.700,347.000,0.937,RGO
1956-12-27,1382,-2.481,17.300,7.800,237.000,0.364,RGO
1956-12-27,1382,-2.481,18.800,-79.100,234.000,0.987,RGO
1956-12-27,1382,-2.481,-22.800,58.500,167.000,0.869,RGO
1956-12-27,1382,-2.481,13.700,56.900,101.000,0.857,RGO
1956-12-27,1382,-2.481,23.900,-56.000,74.000,0.872,RGO
1956-12-27,1382,-2.481,12.800,5.700,58.000,0.282,RGO
1956-12-27,1382,-2.481,16.600,-59.800,14.000,0.885,RGO
1956-12-27,1382,-2.481,-19.300,-9.700,5.000,0.332,RGO
1956-12-27,1382,-2.481,-18.100,-22.100,3.000,0.451,RGO
1957-01-23,1383,-5.344,16.400,19.300,820.000,0.487,RGO
1957-01-23,1383,-5.344,-16.300,-14.700,525.000,0.312,RGO
1957-01-23,1383,-5.344,-27.300,60.300,523.000,0.879,RGO
1957-01-23,1383,-5.344,9.600,12.000,328.000,0.330,RGO
1957-01-23,1383,-5.344,-20.300,-76.000,255.000,0.967,RGO
1957-01-23,1383,-5.344,33.000,-51.500,129.000,0.885,RGO
1957-01-23,1383,-5.344,23.100,-39.100,110.000,0.742,RGO
1957-01-23,1383,-5.344,9.400,76.100,38.000,0.976,RGO
1957-01-23,1383,-5.344,-11.100,72.900,21.000,0.953,RGO
1957-01-23,1383,-5.344,24.100,-51.800,21.000,0.854,RGO
1957-01-23,1383,-5.344,-23.800,22.400,17.000,0.477,RGO
1957-01-23,1383,-5.344,-20.100,66.700,16.000,0.917,RGO
1957-01-23,1383,-5.344,44.800,-11.400,14.000,0.782,RGO
1957-01-23,1383,-5.344,-31.000,51.800,10.000,0.819,RGO
1957-01-23,1383,-5.344,23.800,-10.700,10.000,0.517,RGO
1957-01-23,1383,-5.344,19.000,8.300,3.000,0.437,RGO
1957-02-19,1384,-6.999,-21.800,1.800,688.000,0.258,RGO
1957-02-19,1384,-6.999,-27.300,-19.600,210.000,0.463,RGO
1957-02-19,1384,-6.999,15.400,15.200,99.000,0.455,RGO
1957-02-19,1384,-6.999,-10.000,84.100,90.000,0.993,RGO
1957-02-19,1384,-6.999,-14.100,-60.300,77.000,0.864,RGO
1957-02-19,1384,-6.999,-9.600,48.700,39.000,0.748,RGO
1957-02-19,1384,-6.999,8.900,18.500,29.000,0.413,RGO
1957-02-19,1384,-6.999,13.200,6.000,5.000,0.359,RGO
1957-03-19,1385,-7.064,-21.000,43.900,523.000,0.705,RGO
1957-03-19,1385,-7.064,-16.600,-55.900,477.000,0.825,RGO
1957-03-19,1385,-7.064,-24.400,1.400,281.000,0.301,RGO
1957-03-19,1385,-7.064,11.100,66.100,101.000,0.930,RGO
1957-03-19,1385,-7.064,33.400,-40.000,98.000,0.825,RGO
1957-03-19,1385,-7.064,-37.800,39.200,33.000,0.734,RGO
1957-03-19,1385,-7.064,9.700,24.800,27.000,0.499,RGO
1957-04-15,1386,-5.581,-23.400,40.700,786.000,0.685,RGO
1957-04-15,1386,-5.581,-17.900,-59.000,206.000,0.858,RGO
1957-04-15,1386,-5.581,30.000,51.000,136.000,0.871,RGO
1957-04-15,1386,-5.581,-23.600,13.000,126.000,0.374,RGO
1957-04-15,1386,-5.581,23.000,-45.600,107.000,0.800,RGO
1957-04-15,1386,-5.581,12.100,2.200,27.000,0.308,RGO
1957-04-15,1386,-5.581,-23.000,-36.200,17.000,0.631,RGO
1957-04-15,1386,-5.581,-13.100,-75.200,17.000,0.964,RGO
1957-04-15,1386,-5.581,36.400,-9.200,12.000,0.683,RGO
1957-04-15,1386,-5.581,14.700,-64.600,12.000,0.923,RGO
1957-04-15,1386,-5.581,14.800,-42.300,10.000,0.730,RGO
1957-04-15,1386,-5.581,-27.400,-44.600,8.000,0.741,RGO
1957-04-15,1386,-5.581,-46.500,-31.600,7.000,0.758,RGO
1957-04-15,1386,-5.581,14.800,-55.100,4.000,0.852,RGO
1957-05-12,1387,-2.961,11.400,12.400,1620.000,0.325,RGO
1957-05-12,1387,-2.961,-27.500,18.600,1270.000,0.507,RGO
1957-05-12,1387,-2.961,-11.000,-67.700,340.000,0.926,RGO
1957-05-12,1387,-2.961,-17.400,-72.300,296.000,0.954,RGO
1957-05-12,1387,-2.961,21.000,-44.100,172.000,0.761,RGO
1957-05-12,1387,-2.961,-17.500,44.400,154.000,0.720,RGO
1957-05-12,1387,-2.961,19.000,-54.000,116.000,0.845,RGO
1957-05-12,1387,-2.961,-25.600,48.500,11.000,0.787,RGO
1957-05-12,1387,-2.961,-25.300,-6.500,5.000,0.397,RGO
1957-06-09,1388,0.344,32.100,-67.200,1487.000,0.945,RGO
1957-06-09,1388,0.344,10.300,80.700,550.000,0.988,RGO
1957-06-09,1388,0.344,-17.200,13.800,489.000,0.380,RGO
1957-06-09,1388,0.344,11.000,29.200,305.000,0.516,RGO
1957-06-09,1388,0.344,-16.000,67.100,161.000,0.930,RGO
1957-06-09,1388,0.344,-26.200,25.300,152.000,0.592,RGO
1957-06-09,1388,0.344,-24.300,62.000,117.000,0.907,RGO
1957-06-09,1388,0.344,-24.700,22.000,91.000,0.546,RGO
1957-06-09,1388,0.344,18.900,-40.700,66.000,0.697,RGO
1957-06-09,1388,0.344,-30.900,25.800,55.000,0.641,RGO
1957-06-09,1388,0.344,22.100,-26.900,38.000,0.562,RGO
1957-06-09,1388,0.344,13.000,-47.400,14.000,0.752,RGO
1957-06-09,1388,0.344,15.500,24.500,8.000,0.480,RGO
1957-06-09,1388,0.344,18.300,10.400,3.000,0.353,RGO
1957-07-06,1389,3.451,-29.200,15.400,1149.000,0.588,RGO
1957-07-06,1389,3.451,-11.500,57.800,600.000,0.863,RGO
1957-07-06,1389,3.451,-12.100,-48.100,452.000,0.771,RGO
1957-07-06,1389,3.451,11.100,29.600,266.000,0.507,RGO
1957-07-06,1389,3.451,10.300,84.500,254.000,0.995,RGO
1957-07-06,1389,3.451,13.200,12.600,226.000,0.273,RGO
1957-07-06,1389,3.451,-14.400,40.500,166.000,0.696,RGO
1957-07-06,1389,3.451,-15.800,13.000,134.000,0.395,RGO
1957-07-06,1389,3.451,13.200,-13.800,123.000,0.290,RGO
1957-07-06,1389,3.451,32.100,-70.500,120.000,0.950,RGO
1957-07-06,1389,3.451,25.100,-13.800,22.000,0.430,RGO
1957-07-06,1389,3.451,27.100,33.800,17.000,0.645,RGO
1957-07-06,1389,3.451,-22.300,-7.700,16.000,0.454,RGO
1957-07-06,1389,3.451,-15.100,68.100,13.000,0.941,RGO
1957-07-06,1389,3.451,-24.800,25.900,11.000,0.616,RGO
1957-08-02,1390,5.880,-29.900,-1.600,875.000,0.587,RGO
1957-08-02,1390,5.880,26.100,-26.700,623.000,0.540,RGO
1957-08-02,1390,5.880,-13.600,51.900,288.000,0.822,RGO
1957-08-02,1390,5.880,-28.200,17.300,273.000,0.617,RGO
1957-08-02,1390,5.880,33.400,18.100,161.000,0.536,RGO
1957-08-02,1390,5.880,9.200,-59.600,22.000,0.860,RGO
1957-08-02,1390,5.880,31.000,-73.000,20.000,0.955,RGO
1957-08-02,1390,5.880,25.100,33.500,8.000,0.609,RGO
1957-08-02,1390,5.880,25.300,-64.800,6.000,0.906,RGO
1957-08-02,1390,5.880,-15.700,-5.300,5.000,0.380,RGO
1957-08-29,1391,7.144,24.600,-32.400,1726.000,0.585,RGO
1957-08-29,1391,7.144,-28.600,-24.000,807.000,0.679,RGO
1957-08-29,1391,7.144,12.000,2.200,451.000,0.094,RGO
1957-08-29,1391,7.144,-12.700,19.500,318.000,0.466,RGO
1957-08-29,1391,7.144,-24.400,29.500,307.000,0.680,RGO
1957-08-29,1391,7.144,17.800,-38.500,222.000,0.631,RGO
1957-08-29,1391,7.144,13.900,-29.900,159.000,0.505,RGO
1957-08-29,1391,7.144,-13.500,48.000,118.000,0.790,RGO
1957-08-29,1391,7.144,26.000,-49.900,90.000,0.780,RGO
1957-08-29,1391,7.144,13.500,-21.300,30.000,0.374,RGO
1957-08-29,1391,7.144,-28.900,-3.500,10.000,0.592,RGO
1957-08-29,1391,7.144,-20.900,60.300,8.000,0.911,RGO
1957-09-26,1392,6.914,15.800,-58.100,1321.000,0.845,RGO
1957-09-26,1392,6.914,14.800,-8.300,601.000,0.198,RGO
1957-09-26,1392,6.914,10.300,67.500,430.000,0.920,RGO
1957-09-26,1392,6.914,-26.000,-31.400,321.000,0.708,RGO
1957-09-26,1392,6.914,12.200,-18.400,313.000,0.325,RGO
1957-09-26,1392,6.914,11.400,-32.200,288.000,0.534,RGO
1957-09-26,1392,6.914,19.800,-14.100,232.000,0.324,RGO
1957-09-26,1392,6.914,26.500,82.000,87.000,0.985,RGO
1957-09-26,1392,6.914,-13.000,25.300,66.000,0.533,RGO
1957-09-26,1392,6.914,24.000,-15.700,42.000,0.389,RGO
1957-09-26,1392,6.914,-29.100,52.800,24.000,0.887,RGO
1957-09-26,1392,6.914,21.200,-20.300,10.000,0.412,RGO
1957-09-26,1392,6.914,21.700,-35.600,8.000,0.610,RGO
1957-09-26,1392,6.914,11.800,25.200,4.000,0.429,RGO
1957-10-23,1393,5.196,-23.500,69.800,1737.000,0.961,RGO
1957-10-23,1393,5.196,26.700,73.500,695.000,0.957,RGO
1957-10-23,1393,5.196,-12.300,-54.400,585.000,0.839,RGO
1957-10-23,1393,5.196,-22.200,-33.800,374.000,0.684,RGO
1957-10-23,1393,5.196,22.300,-28.200,373.000,0.535,RGO
1957-10-23,1393,5.196,23.600,-4.300,315.000,0.324,RGO
1957-10-23,1393,5.196,13.200,-32.700,167.000,0.550,RGO
1957-10-23,1393,5.196,25.500,21.700,122.000,0.487,RGO
1957-10-23,1393,5.196,16.600,14.500,118.000,0.315,RGO
1957-10-23,1393,5.196,-28.600,65.700,104.000,0.950,RGO
1957-10-23,1393,5.196,12.200,-70.100,86.000,0.938,RGO
1957-10-23,1393,5.196,-23.300,5.000,76.000,0.485,RGO
1957-10-23,1393,5.196,14.600,-59.600,61.000,0.862,RGO
1957-10-23,1393,5.196,8.600,-75.600,46.000,0.967,RGO
1957-10-23,1393,5.196,13.900,-18.800,32.000,0.351,RGO
1957-10-23,1393,5.196,18.100,-19.500,19.000,0.393,RGO
1957-10-23,1393,5.196,7.500,60.700,15.000,0.871,RGO
1957-10-23,1393,5.196,-15.200,42.500,11.000,0.731,RGO
1957-10-23,1393,5.196,-28.200,-35.000,11.000,0.739,RGO
1957-10-23,1393,5.196,21.900,-58.000,9.000,0.854,RGO
1957-10-23,1393,5.196,-11.900,-5.900,7.000,0.312,RGO
1957-10-23,1393,5.196,-5.800,-4.900,5.000,0.210,RGO
1957-11-19,1394,2.328,7.500,71.700,826.000,0.950,RGO
1957-11-19,1394,2.328,16.600,-25.400,287.000,0.483,RGO
1957-11-19,1394,2.328,20.100,-61.900,218.000,0.892,RGO
1957-11-19,1394,2.328,28.400,-8.200,206.000,0.459,RGO
1957-11-19,1394,2.328,-13.000,-84.000,192.000,0.996,RGO
1957-11-19,1394,2.328,13.300,20.200,176.000,0.390,RGO
1957-11-19,1394,2.328,-7.200,18.800,158.000,0.360,RGO
1957-11-19,1394,2.328,-13.000,-74.000,139.000,0.967,RGO
1957-11-19,1394,2.328,14.700,-15.800,99.000,0.342,RGO
1957-11-19,1394,2.328,9.500,18.800,96.000,0.344,RGO
1957-11-19,1394,2.328,21.000,80.600,33.000,0.987,RGO
1957-11-19,1394,2.328,-14.100,-60.400,18.000,0.885,RGO
1957-11-19,1394,2.328,-6.800,10.000,9.000,0.234,RGO
1957-12-17,1395,-1.207,-15.300,-21.000,832.000,0.425,RGO
1957-12-17,1395,-1.207,18.000,-37.300,732.000,0.665,RGO
1957-12-17,1395,-1.207,22.800,-53.600,581.000,0.845,RGO
1957-12-17,1395,-1.207,15.500,-69.100,275.000,0.943,RGO
1957-12-17,1395,-1.207,-24.000,-77.800,123.000,0.980,RGO
1957-12-17,1395,-1.207,10.500,78.400,114.000,0.982,RGO
1957-12-17,1395,-1.207,-13.200,16.100,113.000,0.342,RGO
1957-12-17,1395,-1.207,-24.700,-7.400,93.000,0.416,RGO
1957-12-17,1395,-1.207,13.200,26.200,69.000,0.499,RGO
1957-12-17,1395,-1.207,13.900,51.000,60.000,0.798,RGO
1957-12-17,1395,-1.207,-10.700,-31.400,57.000,0.541,RGO
1957-12-17,1395,-1.207,26.600,-68.400,52.000,0.949,RGO
1957-12-17,1395,-1.207,-14.200,-82.100,47.000,0.991,RGO
1957-12-17,1395,-1.207,-13.200,-12.800,12.000,0.300,RGO
1957-12-17,1395,-1.207,-6.000,-47.300,10.000,0.739,RGO
1957-12-17,1395,-1.207,-20.100,15.600,10.000,0.411,RGO
1958-01-13,1396,-4.368,12.900,-50.600,1474.000,0.803,RGO
1958-01-13,1396,-4.368,-12.100,29.400,740.000,0.503,RGO
1958-01-13,1396,-4.368,-9.000,-37.000,392.000,0.604,RGO
1958-01-13,1396,-4.368,24.900,-5.200,337.000,0.498,RGO
1958-01-13,1396,-4.368,28.600,-19.700,231.000,0.618,RGO
1958-01-13,1396,-4.368,-4.500,-38.200,213.000,0.619,RGO
1958-01-13,1396,-4.368,-28.200,42.300,188.000,0.729,RGO
1958-01-13,1396,-4.368,25.100,11.000,174.000,0.523,RGO
1958-01-13,1396,-4.368,-23.100,-23.300,148.000,0.491,RGO
1958-01-13,1396,-4.368,20.400,-3.700,128.000,0.425,RGO
1958-01-13,1396,-4.368,-18.500,22.700,73.000,0.444,RGO
1958-01-13,1396,-4.368,15.100,-28.300,67.000,0.563,RGO
1958-01-13,1396,-4.368,-16.300,44.200,45.000,0.709,RGO
1958-01-13,1396,-4.368,-22.000,0.200,29.000,0.303,RGO
1958-01-13,1396,-4.368,26.000,52.700,28.000,0.862,RGO
1958-01-13,1396,-4.368,21.200,-71.900,25.000,0.967,RGO
1958-01-13,1396,-4.368,-23.500,-71.100,3.000,0.947,RGO
1958-02-09,1397,-6.544,-20.100,0.200,999.000,0.234,RGO
1958-02-09,1397,-6.544,-14.500,18.100,756.000,0.335,RGO
1958-02-09,1397,-6.544,-13.100,49.400,690.000,0.757,RGO
1958-02-09,1397,-6.544,11.900,-51.300,611.000,0.814,RGO
1958-02-09,1397,-6.544,18.300,19.200,63.000,0.521,RGO
1958-02-09,1397,-6.544,19.500,-47.500,53.000,0.806,RGO
1958-02-09,1397,-6.544,6.400,67.100,45.000,0.929,RGO
1958-02-09,1397,-6.544,25.300,-10.500,33.000,0.554,RGO
1958-02-09,1397,-6.544,-15.600,-8.000,31.000,0.208,RGO
1958-02-09,1397,-6.544,-16.900,80.300,23.000,0.982,RGO
1958-02-09,1397,-6.544,-9.800,15.800,22.000,0.277,RGO
1958-02-09,1397,-6.544,12.300,-43.100,9.000,0.732,RGO
1958-02-09,1397,-6.544,22.500,-2.100,6.000,0.488,RGO
1958-03-08,1398,-7.247,-18.200,12.200,1152.000,0.280,RGO
1958-03-08,1398,-7.247,31.500,17.000,762.000,0.670,RGO
1958-03-08,1398,-7.247,23.700,31.100,633.000,0.689,RGO
1958-03-08,1398,-7.247,10.700,-57.300,562.000,0.866,RGO
1958-03-08,1398,-7.247,-13.100,83.400,484.000,0.991,RGO
1958-03-08,1398,-7.247,-15.000,12.500,317.000,0.252,RGO
1958-03-08,1398,-7.247,-11.400,6.700,37.000,0.137,RGO
1958-03-08,1398,-7.247,14.400,-47.800,25.000,0.791,RGO
1958-03-08,1398,-7.247,21.500,-45.400,15.000,0.800,RGO
1958-03-08,1398,-7.247,15.200,-69.200,15.000,0.953,RGO
1958-03-08,1398,-7.247,15.900,4.300,12.000,0.400,RGO
1958-03-08,1398,-7.247,22.500,-8.600,8.000,0.516,RGO
1958-03-08,1398,-7.247,-11.700,21.800,6.000,0.376,RGO
1958-04-05,1399,-6.304,-16.500,45.200,1007.000,0.714,RGO
1958-04-05,1399,-6.304,31.900,13.500,882.000,0.650,RGO
1958-04-05,1399,-6.304,15.300,-54.500,648.000,0.851,RGO
1958-04-05,1399,-6.304,12.200,-50.900,580.000,0.810,RGO
1958-04-05,1399,-6.304,-22.200,81.100,463.000,0.984,RGO
1958-04-05,1399,-6.304,16.000,-32.800,396.000,0.636,RGO
1958-04-05,1399,-6.304,-16.600,13.800,382.000,0.294,RGO
1958-04-05,1399,-6.304,25.300,36.000,311.000,0.736,RGO
1958-04-05,1399,-6.304,11.100,-41.200,267.000,0.703,RGO
1958-04-05,1399,-6.304,-25.400,27.500,173.000,0.540,RGO
1958-04-05,1399,-6.304,8.000,53.200,155.000,0.821,RGO
1958-04-05,1399,-6.304,7.000,-55.700,80.000,0.842,RGO
1958-04-05,1399,-6.304,24.800,-3.100,50.000,0.521,RGO
1958-04-05,1399,-6.304,42.700,-60.600,48.000,0.960,RGO
1958-04-05,1399,-6.304,20.100,7.500,47.000,0.462,RGO
1958-04-05,1399,-6.304,12.500,-14.600,38.000,0.403,RGO
1958-04-05,1399,-6.304,28.300,-11.800,35.000,0.596,RGO
1958-04-05,1399,-6.304,-22.300,-29.000,33.000,0.535,RGO
1958-04-05,1399,-6.304,-15.800,23.700,20.000,0.426,RGO
1958-04-05,1399,-6.304,-10.500,49.500,14.000,0.757,RGO
1958-05-02,1400,-4.056,-14.800,-10.700,1402.000,0.262,RGO
1958-05-02,1400,-4.056,17.700,5.800,804.000,0.383,RGO
1958-05-02,1400,-4.056,25.300,-63.000,760.000,0.927,RGO
1958-05-02,1400,-4.056,-16.000,37.200,397.000,0.624,RGO
1958-05-02,1400,-4.056,16.600,65.700,240.000,0.929,RGO
1958-05-02,1400,-4.056,11.000,-59.400,217.000,0.877,RGO
1958-05-02,1400,-4.056,27.800,13.100,199.000,0.565,RGO
1958-05-02,1400,-4.056,11.700,78.800,189.000,0.985,RGO
1958-05-02,1400,-4.056,-17.200,6.500,145.000,0.255,RGO
1958-05-02,1400,-4.056,23.800,-9.600,144.000,0.491,RGO
1958-05-02,1400,-4.056,29.700,29.900,73.000,0.700,RGO
1958-05-02,1400,-4.056,13.100,13.700,47.000,0.373,RGO
1958-05-02,1400,-4.056,21.900,11.900,40.000,0.477,RGO
1958-05-02,1400,-4.056,23.800,37.400,33.000,0.720,RGO
1958-05-02,1400,-4.056,-24.100,11.800,22.000,0.395,RGO
1958-05-02,1400,-4.056,1.800,-55.500,12.000,0.829,RGO
1958-05-02,1400,-4.056,-13.100,-47.000,8.000,0.737,RGO
1958-05-02,1400,-4.056,-24.800,-47.300,4.000,0.768,RGO
1958-05-29,1401,-1.013,25.700,-55.800,264.000,0.869,RGO
1958-05-29,1401,-1.013,25.700,-80.700,264.000,0.991,RGO
1958-05-29,1401,-1.013,-12.900,-12.300,237.000,0.295,RGO
1958-05-29,1401,-1.013,9.100,27.900,181.000,0.495,RGO
1958-05-29,1401,-1.013,-17.500,-10.100,149.000,0.331,RGO
1958-05-29,1401,-1.013,-15.000,-46.700,140.000,0.747,RGO
1958-05-29,1401,-1.013,-15.400,27.200,105.000,0.509,RGO
1958-05-29,1401,-1.013,27.800,-22.000,66.000,0.586,RGO
1958-05-29,1401,-1.013,22.600,73.000,61.000,0.966,RGO
1958-05-29,1401,-1.013,-17.200,-19.800,50.000,0.430,RGO
1958-05-29,1401,-1.013,11.600,-66.700,42.000,0.925,RGO
1958-05-29,1401,-1.013,19.400,4.600,30.000,0.359,RGO
1958-05-29,1401,-1.013,-31.700,-31.900,24.000,0.684,RGO
1958-05-29,1401,-1.013,12.700,3.200,19.000,0.243,RGO
1958-05-29,1401,-1.013,18.200,-62.800,17.000,0.905,RGO
1958-05-29,1401,-1.013,-12.200,77.400,14.000,0.977,RGO
1958-05-29,1401,-1.013,20.100,57.000,13.000,0.865,RGO
1958-05-29,1401,-1.013,8.400,45.500,11.000,0.725,RGO
1958-05-29,1401,-1.013,-14.500,-70.100,6.000,0.944,RGO
1958-06-25,1402,2.206,-19.100,-48.600,1107.000,0.795,RGO
1958-06-25,1402,2.206,9.500,-59.800,530.000,0.867,RGO
1958-06-25,1402,2.206,14.500,8.100,301.000,0.255,RGO
1958-06-25,1402,2.206,10.600,10.100,217.000,0.227,RGO
1958-06-25,1402,2.206,-5.800,-52.800,118.000,0.805,RGO
1958-06-25,1402,2.206,-11.700,-5.700,70.000,0.259,RGO
1958-06-25,1402,2.206,-13.900,-23.900,58.000,0.482,RGO
1958-06-25,1402,2.206,6.400,47.100,54.000,0.735,RGO
1958-06-25,1402,2.206,-17.600,-12.000,48.000,0.393,RGO
1958-06-25,1402,2.206,-10.300,-70.600,19.000,0.949,RGO
1958-06-25,1402,2.206,6.400,78.700,18.000,0.981,RGO
1958-06-25,1402,2.206,-15.400,28.300,13.000,0.548,RGO
1958-06-25,1402,2.206,18.800,21.800,5.000,0.457,RGO
1958-07-23,1403,5.071,-18.600,-52.900,1071.000,0.843,RGO
1958-07-23,1403,5.071,8.300,67.300,929.000,0.921,RGO
1958-07-23,1403,5.071,-14.200,-39.300,211.000,0.695,RGO
1958-07-23,1403,5.071,-17.700,-29.300,207.000,0.602,RGO
1958-07-23,1403,5.071,16.300,-85.900,149.000,0.996,RGO
1958-07-23,1403,5.071,-12.400,14.000,133.000,0.381,RGO
1958-07-23,1403,5.071,-2.600,60.400,130.000,0.875,RGO
1958-07-23,1403,5.071,15.100,-32.100,128.000,0.549,RGO
1958-07-23,1403,5.071,-14.200,2.300,127.000,0.334,RGO
1958-07-23,1403,5.071,-4.000,-33.300,56.000,0.569,RGO
1958-07-23,1403,5.071,24.700,-44.600,32.000,0.734,RGO
1958-07-23,1403,5.071,-17.200,79.200,23.000,0.989,RGO
1958-07-23,1403,5.071,3.800,-42.800,8.000,0.680,RGO
1958-07-23,1403,5.071,20.700,3.600,6.000,0.277,RGO
1958-07-23,1403,5.071,24.300,29.900,3.000,0.569,RGO
1958-08-19,1404,6.825,17.800,-32.900,1236.000,0.560,RGO
1958-08-19,1404,6.825,-14.300,-29.900,252.000,0.596,RGO
1958-08-19,1404,6.825,-18.000,-63.700,167.000,0.926,RGO
1958-08-19,1404,6.825,-12.400,12.400,157.000,0.390,RGO
1958-08-19,1404,6.825,20.400,-60.400,116.000,0.868,RGO
1958-08-19,1404,6.825,23.500,9.300,36.000,0.325,RGO
1958-08-19,1404,6.825,6.500,-30.900,23.000,0.512,RGO
1958-08-19,1404,6.825,-8.500,78.600,20.000,0.985,RGO
1958-08-19,1404,6.825,9.100,-3.400,10.000,0.071,RGO
1958-08-19,1404,6.825,-11.100,50.400,9.000,0.804,RGO
1958-08-19,1404,6.825,46.300,59.700,8.000,0.904,RGO
1958-09-15,1405,7.204,-17.600,-53.700,1460.000,0.855,RGO
1958-09-15,1405,7.204,-14.700,-33.600,480.000,0.654,RGO
1958-09-15,1405,7.204,-29.500,-12.300,346.000,0.626,RGO
1958-09-15,1405,7.204,-11.100,10.900,323.000,0.365,RGO
1958-09-15,1405,7.204,-33.800,-14.400,283.000,0.687,RGO
1958-09-15,1405,7.204,15.400,-26.900,190.000,0.465,RGO
1958-09-15,1405,7.204,14.100,-14.200,151.000,0.269,RGO
1958-09-15,1405,7.204,-9.100,46.400,144.000,0.758,RGO
1958-09-15,1405,7.204,23.000,-61.800,77.000,0.879,RGO
1958-09-15,1405,7.204,-22.000,26.900,72.000,0.636,RGO
1958-09-15,1405,7.204,21.000,36.400,38.000,0.615,RGO
1958-09-15,1405,7.204,-7.400,5.600,35.000,0.271,RGO
1958-09-15,1405,7.204,-10.300,25.400,12.000,0.513,RGO
1958-09-15,1405,7.204,36.000,38.500,6.000,0.715,RGO
1958-09-15,1405,7.204,12.400,9.300,5.000,0.184,RGO
1958-09-15,1405,7.204,13.900,17.700,5.000,0.321,RGO
1958-10-13,1406,6.008,-28.200,-50.300,1104.000,0.862,RGO
1958-10-13,1406,6.008,24.800,-51.100,386.000,0.794,RGO
1958-10-13,1406,6.008,-18.500,-51.200,324.000,0.832,RGO
1958-10-13,1406,6.008,-14.200,-40.700,207.000,0.711,RGO
1958-10-13,1406,6.008,15.100,49.600,185.000,0.763,RGO
1958-10-13,1406,6.008,13.000,35.900,126.000,0.591,RGO
1958-10-13,1406,6.008,-10.000,-9.500,70.000,0.319,RGO
1958-10-13,1406,6.008,21.800,-0.100,27.000,0.274,RGO
1958-10-13,1406,6.008,12.700,-57.700,14.000,0.843,RGO
1958-11-09,1407,3.520,-17.800,77.400,641.000,0.983,RGO
1958-11-09,1407,3.520,39.000,76.100,155.000,0.975,RGO
1958-11-09,1407,3.520,-30.000,-60.800,90.000,0.922,RGO
1958-11-09,1407,3.520,15.600,48.400,74.000,0.758,RGO
1958-11-09,1407,3.520,9.400,79.600,29.000,0.983,RGO
1958-11-09,1407,3.520,20.500,-60.800,29.000,0.881,RGO
1958-11-09,1407,3.520,24.600,-79.000,28.000,0.981,RGO
1958-11-09,1407,3.520,34.500,-5.500,27.000,0.524,RGO
1958-11-09,1407,3.520,10.800,35.500,22.000,0.589,RGO
1958-12-06,1408,0.231,-15.800,76.000,1465.000,0.974,RGO
1958-12-06,1408,0.231,15.100,-42.800,879.000,0.708,RGO
1958-12-06,1408,0.231,8.800,30.000,659.000,0.519,RGO
1958-12-06,1408,0.231,-6.500,14.600,524.000,0.278,RGO
1958-12-06,1408,0.231,-6.000,-74.400,305.000,0.965,RGO
1958-12-06,1408,0.231,-1.800,-72.500,281.000,0.955,RGO
1958-12-06,1408,0.231,-1.800,-63.800,260.000,0.899,RGO
1958-12-06,1408,0.231,-20.700,1.800,230.000,0.360,RGO
1958-12-06,1408,0.231,-7.900,33.400,115.000,0.565,RGO
1958-12-06,1408,0.231,3.100,14.500,74.000,0.256,RGO
1958-12-06,1408,0.231,10.700,50.300,63.000,0.780,RGO
1958-12-06,1408,0.231,-8.500,-41.400,58.000,0.673,RGO
1958-12-06,1408,0.231,10.000,-77.900,41.000,0.979,RGO
1958-12-06,1408,0.231,13.000,62.400,33.000,0.894,RGO
1958-12-06,1408,0.231,-12.200,-22.500,31.000,0.433,RGO
1958-12-06,1408,0.231,19.600,-66.200,9.000,0.926,RGO
1959-01-02,1409,-3.132,16.800,-64.600,1301.000,0.921,RGO
1959-01-02,1409,-3.132,-14.400,70.000,857.000,0.940,RGO
1959-01-02,1409,-3.132,16.200,62.100,476.000,0.903,RGO
1959-01-02,1409,-3.132,-15.900,-11.000,350.000,0.290,RGO
1959-01-02,1409,-3.132,-15.400,-56.200,301.000,0.838,RGO
1959-01-02,1409,-3.132,-19.500,83.000,221.000,0.992,RGO
1959-01-02,1409,-3.132,31.900,-58.100,201.000,0.910,RGO
1959-01-02,1409,-3.132,-4.600,17.100,181.000,0.295,RGO
1959-01-02,1409,-3.132,7.400,35.900,165.000,0.609,RGO
1959-01-02,1409,-3.132,22.400,26.800,120.000,0.598,RGO
1959-01-02,1409,-3.132,21.400,-21.300,117.000,0.535,RGO
1959-01-02,1409,-3.132,-7.900,-70.400,109.000,0.942,RGO
1959-01-02,1409,-3.132,-14.300,-21.200,78.000,0.405,RGO
1959-01-02,1409,-3.132,11.700,-42.100,57.000,0.703,RGO
1959-01-02,1409,-3.132,-17.800,-19.200,32.000,0.407,RGO
1959-01-02,1409,-3.132,-28.800,26.000,29.000,0.584,RGO
1959-01-02,1409,-3.132,-23.900,-58.700,28.000,0.870,RGO
1959-01-02,1409,-3.132,20.500,48.700,17.000,0.803,RGO
1959-01-30,1410,-5.872,10.800,63.400,1275.000,0.910,RGO
1959-01-30,1410,-5.872,-10.000,31.000,300.000,0.517,RGO
1959-01-30,1410,-5.872,20.900,-67.600,287.000,0.950,RGO
1959-01-30,1410,-5.872,14.300,-54.100,236.000,0.844,RGO
1959-01-30,1410,-5.872,13.800,-21.400,163.000,0.487,RGO
1959-01-30,1410,-5.872,21.800,-60.200,100.000,0.909,RGO
1959-01-30,1410,-5.872,-11.900,-27.400,91.000,0.467,RGO
1959-01-30,1410,-5.872,19.000,-10.900,59.000,0.458,RGO
1959-01-30,1410,-5.872,4.100,-2.800,53.000,0.182,RGO
1959-01-30,1410,-5.872,18.000,46.600,53.000,0.788,RGO
1959-01-30,1410,-5.872,-12.900,-41.800,44.000,0.669,RGO
1959-01-30,1410,-5.872,7.600,60.300,22.000,0.882,RGO
1959-01-30,1410,-5.872,-3.000,-59.400,19.000,0.862,RGO
1959-01-30,1410,-5.872,21.500,31.400,18.000,0.661,RGO
1959-01-30,1410,-5.872,2.300,34.500,17.000,0.582,RGO
1959-01-30,1410,-5.872,22.000,-6.400,13.000,0.480,RGO
1959-01-30,1410,-5.872,-2.300,-19.200,7.000,0.334,RGO
1959-02-26,1411,-7.169,17.000,69.200,891.000,0.955,RGO
1959-02-26,1411,-7.169,28.400,55.700,678.000,0.890,RGO
1959-02-26,1411,-7.169,10.500,58.600,458.000,0.876,RGO
1959-02-26,1411,-7.169,21.400,-2.300,412.000,0.486,RGO
1959-02-26,1411,-7.169,17.300,25.300,267.000,0.555,RGO
1959-02-26,1411,-7.169,-33.500,6.200,242.000,0.452,RGO
1959-02-26,1411,-7.169,21.300,28.400,236.000,0.624,RGO
1959-02-26,1411,-7.169,-6.500,-47.000,126.000,0.754,RGO
1959-02-26,1411,-7.169,-2.800,-78.200,110.000,0.979,RGO
1959-02-26,1411,-7.169,-10.200,-48.800,23.000,0.749,RGO
1959-02-26,1411,-7.169,6.900,-28.300,18.000,0.553,RGO
1959-02-26,1411,-7.169,-19.400,-23.400,17.000,0.438,RGO
1959-02-26,1411,-7.169,18.000,-24.000,4.000,0.570,RGO
1959-03-25,1412,-6.877,25.200,-72.400,696.000,0.976,RGO
1959-03-25,1412,-6.877,17.000,61.000,614.000,0.907,RGO
1959-03-25,1412,-6.877,17.800,13.400,485.000,0.471,RGO
1959-03-25,1412,-6.877,-7.500,-24.200,465.000,0.408,RGO
1959-03-25,1412,-6.877,8.000,-55.900,442.000,0.847,RGO
1959-03-25,1412,-6.877,23.900,-16.400,419.000,0.572,RGO
1959-03-25,1412,-6.877,11.000,53.500,305.000,0.832,RGO
1959-03-25,1412,-6.877,24.100,-6.400,223.000,0.526,RGO
1959-03-25,1412,-6.877,10.200,-80.400,211.000,0.991,RGO
1959-03-25,1412,-6.877,-33.000,-11.500,78.000,0.474,RGO
1959-03-25,1412,-6.877,16.700,-81.400,51.000,0.995,RGO
1959-03-25,1412,-6.877,-3.100,-63.700,27.000,0.897,RGO
1959-03-25,1412,-6.877,-24.200,79.500,26.000,0.978,RGO
1959-03-25,1412,-6.877,-30.200,57.000,10.000,0.851,RGO
1959-03-25,1412,-6.877,17.600,-39.200,8.000,0.719,RGO
1959-03-25,1412,-6.877,-8.600,-39.100,6.000,0.628,RGO
1959-04-21,1413,-5.123,17.900,37.400,504.000,0.691,RGO
1959-04-21,1413,-5.123,8.400,-61.600,262.000,0.891,RGO
1959-04-21,1413,-5.123,21.300,-43.800,234.000,0.772,RGO
1959-04-21,1413,-5.123,19.200,-21.100,233.000,0.532,RGO
1959-04-21,1413,-5.123,16.800,54.700,182.000,0.853,RGO
1959-04-21,1413,-5.123,11.400,45.800,150.000,0.751,RGO
1959-04-21,1413,-5.123,1.600,-33.900,121.000,0.569,RGO
1959-04-21,1413,-5.123,7.500,15.200,109.000,0.340,RGO
1959-04-21,1413,-5.123,-10.000,77.100,49.000,0.973,RGO
1959-04-21,1413,-5.123,24.800,29.400,7.000,0.662,RGO
1959-05-19,1414,-2.224,16.900,-17.600,311.000,0.435,RGO
1959-05-19,1414,-2.224,23.100,-47.400,281.000,0.795,RGO
1959-05-19,1414,-2.224,20.400,46.800,222.000,0.779,RGO
1959-05-19,1414,-2.224,18.800,46.200,221.000,0.746,RGO
1959-05-19,1414,-2.224,20.500,58.100,207.000,0.877,RGO
1959-05-19,1414,-2.224,-26.300,77.100,164.000,0.956,RGO
1959-05-19,1414,-2.224,10.600,-78.100,152.000,0.988,RGO
1959-05-19,1414,-2.224,15.600,61.100,148.000,0.891,RGO
1959-05-19,1414,-2.224,19.300,-43.200,129.000,0.738,RGO
1959-05-19,1414,-2.224,-5.600,-8.500,112.000,0.159,RGO
1959-05-19,1414,-2.224,7.600,63.900,106.000,0.903,RGO
1959-05-19,1414,-2.224,9.600,21.000,59.000,0.407,RGO
1959-05-19,1414,-2.224,15.600,27.700,20.000,0.514,RGO
1959-05-19,1414,-2.224,11.100,-53.200,15.000,0.838,RGO
1959-05-19,1414,-2.224,19.500,-26.000,7.000,0.579,RGO
1959-05-19,1414,-2.224,19.900,-33.300,7.000,0.661,RGO
1959-05-19,1414,-2.224,-23.300,-17.800,5.000,0.482,RGO
1959-06-15,1415,1.003,16.700,-28.000,1038.000,0.547,RGO
1959-06-15,1415,1.003,-22.900,73.700,480.000,0.969,RGO
1959-06-15,1415,1.003,21.800,-18.400,279.000,0.462,RGO
1959-06-15,1415,1.003,10.300,-51.800,237.000,0.794,RGO
1959-06-15,1415,1.003,-4.400,-0.400,171.000,0.095,RGO
1959-06-15,1415,1.003,14.100,34.600,117.000,0.579,RGO
1959-06-15,1415,1.003,18.700,34.000,77.000,0.597,RGO
1959-06-15,1415,1.003,7.200,53.600,64.000,0.809,RGO
1959-06-15,1415,1.003,12.200,-70.200,58.000,0.944,RGO
1959-06-15,1415,1.003,23.000,32.900,16.000,0.627,RGO
1959-06-15,1415,1.003,8.100,16.400,14.000,0.285,RGO
1959-06-15,1415,1.003,8.600,31.000,12.000,0.528,RGO
1959-06-15,1415,1.003,-10.400,61.500,7.000,0.886,RGO
1959-06-15,1415,1.003,-27.700,-3.700,4.000,0.486,RGO
1959-07-12,1416,4.017,15.600,-30.100,1242.000,0.529,RGO
1959-07-12,1416,4.017,-13.600,-0.200,569.000,0.306,RGO
1959-07-12,1416,4.017,8.000,62.200,409.000,0.884,RGO
1959-07-12,1416,4.017,25.000,-85.700,247.000,0.996,RGO
1959-07-12,1416,4.017,9.800,-70.000,233.000,0.939,RGO
1959-07-12,1416,4.017,4.700,-49.700,210.000,0.763,RGO
1959-07-12,1416,4.017,-24.300,-64.400,34.000,0.933,RGO
1959-07-12,1416,4.017,-10.800,38.700,20.000,0.661,RGO
1959-07-12,1416,4.017,17.000,-2.700,17.000,0.230,RGO
1959-08-09,1417,6.305,1.600,22.400,812.000,0.390,RGO
1959-08-09,1417,6.305,3.400,82.600,298.000,0.992,RGO
1959-08-09,1417,6.305,20.800,-4.700,275.000,0.263,RGO
1959-08-09,1417,6.305,-8.700,4.700,243.000,0.273,RGO
1959-08-09,1417,6.305,15.500,-23.000,200.000,0.415,RGO
1959-08-09,1417,6.305,-12.400,76.100,106.000,0.979,RGO
1959-08-09,1417,6.305,-11.900,16.100,93.000,0.412,RGO
1959-08-09,1417,6.305,11.000,37.100,74.000,0.604,RGO
1959-08-09,1417,6.305,27.700,-7.400,71.000,0.385,RGO
1959-08-09,1417,6.305,-18.600,-45.000,33.000,0.778,RGO
1959-08-09,1417,6.305,3.800,-80.600,27.000,0.986,RGO
1959-08-09,1417,6.305,16.600,7.200,20.000,0.216,RGO
1959-09-05,1418,7.236,9.600,61.500,977.000,0.875,RGO
1959-09-05,1418,7.236,17.600,29.000,751.000,0.504,RGO
1959-09-05,1418,7.236,-17.200,-75.900,466.000,0.982,RGO
1959-09-05,1418,7.236,-3.400,69.700,196.000,0.943,RGO
1959-09-05,1418,7.236,15.000,-37.400,171.000,0.610,RGO
1959-09-05,1418,7.236,-10.000,3.200,169.000,0.305,RGO
1959-09-05,1418,7.236,12.500,53.200,152.000,0.797,RGO
1959-09-05,1418,7.236,4.600,-71.900,129.000,0.950,RGO
1959-09-05,1418,7.236,14.600,-63.300,83.000,0.888,RGO
1959-09-05,1418,7.236,21.000,-15.100,55.000,0.344,RGO
1959-09-05,1418,7.236,12.200,-82.300,16.000,0.988,RGO
1959-09-05,1418,7.236,14.800,-16.200,15.000,0.303,RGO
1959-09-05,1418,7.236,16.500,0.400,5.000,0.161,RGO
1959-10-02,1419,6.678,-17.100,-47.800,179.000,0.821,RGO
1959-10-02,1419,6.678,7.000,-79.500,93.000,0.982,RGO
1959-10-02,1419,6.678,17.100,17.200,58.000,0.309,RGO
1959-10-02,1419,6.678,-9.700,-56.200,45.000,0.873,RGO
1959-10-02,1419,6.678,-5.400,30.700,39.000,0.546,RGO
1959-10-02,1419,6.678,15.000,3.800,27.000,0.159,RGO
1959-10-02,1419,6.678,9.200,36.300,21.000,0.557,RGO
1959-10-02,1419,6.678,31.000,-52.800,12.000,0.840,RGO
1959-10-02,1419,6.678,17.500,-23.400,5.000,0.429,RGO
1959-10-29,1420,4.690,7.700,44.800,830.000,0.704,RGO
1959-10-29,1420,4.690,-9.000,9.100,124.000,0.285,RGO
1959-10-29,1420,4.690,10.000,7.700,95.000,0.163,RGO
1959-10-29,1420,4.690,5.900,17.700,66.000,0.305,RGO
1959-10-29,1420,4.690,15.000,-6.400,60.000,0.212,RGO
1959-10-29,1420,4.690,32.000,-11.900,55.000,0.496,RGO
1959-10-29,1420,4.690,4.800,-74.900,28.000,0.965,RGO
1959-10-29,1420,4.690,-8.800,16.600,12.000,0.365,RGO
1959-10-29,1420,4.690,26.200,4.600,11.000,0.376,RGO
1959-10-29,1420,4.690,-17.000,-49.700,9.000,0.808,RGO
1959-10-29,1420,4.690,22.600,-51.200,2.000,0.797,RGO
1959-11-26,1421,1.531,8.300,-71.500,2218.000,0.950,RGO
1959-11-26,1421,1.531,15.200,7.700,1030.000,0.271,RGO
1959-11-26,1421,1.531,21.600,-41.700,483.000,0.713,RGO
1959-11-26,1421,1.531,24.100,4.100,443.000,0.392,RGO
1959-11-26,1421,1.531,-16.300,18.100,279.000,0.428,RGO
1959-11-26,1421,1.531,5.300,33.900,140.000,0.561,RGO
1959-11-26,1421,1.531,22.000,-30.900,59.000,0.596,RGO
1959-11-26,1421,1.531,6.600,1.400,38.000,0.094,RGO
1959-12-23,1422,-1.896,10.800,16.800,579.000,0.326,RGO
1959-12-23,1422,-1.896,16.400,-2.900,275.000,0.320,RGO
1959-12-23,1422,-1.896,-17.600,20.300,208.000,0.399,RGO
1959-12-23,1422,-1.896,23.800,-0.600,141.000,0.439,RGO
1959-12-23,1422,-1.896,19.200,-24.500,82.000,0.563,RGO
1959-12-23,1422,-1.896,-3.000,84.700,68.000,0.996,RGO
1959-12-23,1422,-1.896,8.300,-62.700,45.000,0.895,RGO
1959-12-23,1422,-1.896,24.100,-14.600,27.000,0.518,RGO
1959-12-23,1422,-1.896,3.800,-7.100,18.000,0.160,RGO
1959-12-23,1422,-1.896,7.100,-36.600,8.000,0.613,RGO
1959-12-23,1422,-1.896,10.100,50.400,6.000,0.786,RGO
1960-01-19,1423,-4.911,13.000,-46.400,376.000,0.765,RGO
1960-01-19,1423,-4.911,27.600,-30.500,356.000,0.696,RGO
1960-01-19,1423,-4.911,7.900,-27.900,216.000,0.512,RGO
1960-01-19,1423,-4.911,5.700,1.300,149.000,0.187,RGO
1960-01-19,1423,-4.911,19.300,-36.500,29.000,0.688,RGO
1960-01-19,1423,-4.911,15.200,-11.900,25.000,0.398,RGO
1960-01-19,1423,-4.911,-17.400,12.700,22.000,0.303,RGO
1960-02-15,1424,-6.815,11.400,3.200,1464.000,0.319,RGO
1960-02-15,1424,-6.815,22.100,43.700,623.000,0.786,RGO
1960-02-15,1424,-6.815,-23.700,5.500,49.000,0.306,RGO
1960-02-15,1424,-6.815,10.600,14.200,9.000,0.383,RGO
1960-03-14,1425,-7.175,-8.900,-71.300,192.000,0.944,RGO
1960-03-14,1425,-7.175,-10.700,-61.300,159.000,0.873,RGO
1960-03-14,1425,-7.175,-7.800,43.700,158.000,0.687,RGO
1960-03-14,1425,-7.175,24.100,47.100,137.000,0.826,RGO
1960-03-14,1425,-7.175,12.600,19.700,18.000,0.468,RGO
1960-04-10,1426,-5.939,-11.900,-77.600,594.000,0.974,RGO
1960-04-10,1426,-5.939,-10.000,-5.000,536.000,0.112,RGO
1960-04-10,1426,-5.939,16.900,76.500,184.000,0.982,RGO
1960-04-10,1426,-5.939,9.900,-41.700,128.000,0.702,RGO
1960-04-10,1426,-5.939,-17.300,30.100,80.000,0.524,RGO
1960-04-10,1426,-5.939,11.700,-45.500,47.000,0.751,RGO
1960-04-10,1426,-5.939,-7.300,46.600,42.000,0.725,RGO
1960-04-10,1426,-5.939,-11.700,-61.800,30.000,0.878,RGO
1960-04-10,1426,-5.939,26.900,-63.300,18.000,0.938,RGO
1960-04-10,1426,-5.939,-20.500,36.900,3.000,0.625,RGO
1960-05-07,1427,-3.483,29.100,-13.200,470.000,0.575,RGO
1960-05-07,1427,-3.483,11.800,13.400,442.000,0.347,RGO
1960-05-07,1427,-3.483,-7.800,6.000,389.000,0.128,RGO
1960-05-07,1427,-3.483,-9.700,-84.300,241.000,0.995,RGO
1960-05-07,1427,-3.483,-15.300,-17.800,111.000,0.364,RGO
1960-05-07,1427,-3.483,13.200,30.300,66.000,0.567,RGO
1960-05-07,1427,-3.483,-12.100,-29.600,32.000,0.511,RGO
1960-05-07,1427,-3.483,-7.900,-65.100,11.000,0.907,RGO
1960-06-04,1428,-0.232,6.800,4.300,520.000,0.144,RGO
1960-06-04,1428,-0.232,-6.000,18.000,450.000,0.325,RGO
1960-06-04,1428,-0.232,29.800,-15.100,223.000,0.551,RGO
1960-06-04,1428,-0.232,28.900,-4.900,82.000,0.494,RGO
1960-06-04,1428,-0.232,8.200,-33.200,64.000,0.564,RGO
1960-06-04,1428,-0.232,-12.000,66.600,38.000,0.923,RGO
1960-06-04,1428,-0.232,-13.100,16.900,22.000,0.361,RGO
1960-07-01,1429,2.936,8.600,-32.000,1499.000,0.536,RGO
1960-07-01,1429,2.936,28.000,-5.400,825.000,0.432,RGO
1960-07-01,1429,2.936,19.700,72.900,396.000,0.957,RGO
1960-07-01,1429,2.936,-8.500,18.300,213.000,0.368,RGO
1960-07-01,1429,2.936,-16.600,10.900,161.000,0.381,RGO
1960-07-01,1429,2.936,7.500,30.200,144.000,0.502,RGO
1960-07-01,1429,2.936,24.600,-79.700,87.000,0.984,RGO
1960-07-01,1429,2.936,2.400,-64.900,29.000,0.907,RGO
1960-07-01,1429,2.936,5.700,45.300,15.000,0.712,RGO
1960-07-01,1429,2.936,11.500,14.600,8.000,0.291,RGO
1960-07-28,1430,5.523,8.000,-25.200,920.000,0.426,RGO
1960-07-28,1430,5.523,-10.000,18.400,120.000,0.409,RGO
1960-07-28,1430,5.523,-10.000,76.600,76.000,0.978,RGO
1960-07-28,1430,5.523,24.500,76.500,63.000,0.969,RGO
1960-07-28,1430,5.523,27.500,-19.000,60.000,0.477,RGO
1960-07-28,1430,5.523,12.500,-24.700,23.000,0.430,RGO
1960-07-28,1430,5.523,6.400,-63.900,16.000,0.897,RGO
1960-07-28,1430,5.523,-5.500,29.700,7.000,0.526,RGO
1960-07-28,1430,5.523,29.400,-27.300,7.000,0.577,RGO
1960-07-28,1430,5.523,-17.500,25.000,5.000,0.558,RGO
1960-08-24,1431,7.021,15.400,69.300,455.000,0.930,RGO
1960-08-24,1431,7.021,-18.300,8.700,288.000,0.453,RGO
1960-08-24,1431,7.021,4.800,27.800,142.000,0.468,RGO
1960-08-24,1431,7.021,-9.300,15.200,85.000,0.382,RGO
1960-08-24,1431,7.021,7.300,-28.500,73.000,0.475,RGO
1960-08-24,1431,7.021,26.400,35.000,58.000,0.624,RGO
1960-08-24,1431,7.021,-4.800,10.900,47.000,0.277,RGO
1960-08-24,1431,7.021,28.200,31.300,30.000,0.595,RGO
1960-08-24,1431,7.021,-9.600,75.800,16.000,0.976,RGO
1960-08-24,1431,7.021,11.000,47.900,13.000,0.739,RGO
1960-09-21,1432,7.069,-19.500,-0.300,825.000,0.451,RGO
1960-09-21,1432,7.069,-17.700,-37.600,366.000,0.706,RGO
1960-09-21,1432,7.069,8.200,-37.900,302.000,0.612,RGO
1960-09-21,1432,7.069,22.100,44.200,224.000,0.711,RGO
1960-09-21,1432,7.069,27.500,-62.300,183.000,0.887,RGO
1960-09-21,1432,7.069,-6.100,29.900,153.000,0.543,RGO
1960-09-21,1432,7.069,16.100,-24.000,117.000,0.427,RGO
1960-09-21,1432,7.069,-13.300,-68.500,114.000,0.947,RGO
1960-09-21,1432,7.069,-1.000,-47.900,107.000,0.751,RGO
1960-09-21,1432,7.069,-10.700,-57.000,98.000,0.864,RGO
1960-09-21,1432,7.069,23.200,-53.200,97.000,0.806,RGO
1960-09-21,1432,7.069,-3.300,-52.100,32.000,0.801,RGO
1960-09-21,1432,7.069,-11.800,-14.500,15.000,0.404,RGO
1960-09-21,1432,7.069,26.300,32.000,12.000,0.589,RGO
1960-10-18,1433,5.596,19.800,-35.700,1161.000,0.612,RGO
1960-10-18,1433,5.596,-12.700,35.500,278.000,0.641,RGO
1960-10-18,1433,5.596,-11.400,-24.700,170.000,0.501,RGO
1960-10-18,1433,5.596,17.000,52.700,72.000,0.798,RGO
1960-10-18,1433,5.596,-10.600,-64.600,16.000,0.918,RGO
1960-10-18,1433,5.596,25.000,-44.600,13.000,0.733,RGO
1960-11-14,1434,2.895,26.800,25.500,2040.000,0.556,RGO
1960-11-14,1434,2.895,19.400,-43.800,829.000,0.720,RGO
1960-11-14,1434,2.895,-6.800,33.600,324.000,0.562,RGO
1960-11-14,1434,2.895,21.600,37.800,115.000,0.651,RGO
1960-11-14,1434,2.895,-10.500,-17.900,20.000,0.380,RGO
1960-12-12,1435,-0.600,-12.500,-12.600,292.000,0.297,RGO
1960-12-12,1435,-0.600,-15.600,40.800,124.000,0.683,RGO
1960-12-12,1435,-0.600,-8.600,-4.400,121.000,0.158,RGO
1960-12-12,1435,-0.600,26.700,17.700,78.000,0.535,RGO
1960-12-12,1435,-0.600,4.400,-17.200,54.000,0.310,RGO
1960-12-12,1435,-0.600,14.000,-23.600,25.000,0.465,RGO
1960-12-12,1435,-0.600,29.500,24.500,6.000,0.619,RGO
1960-12-12,1435,-0.600,33.800,20.800,6.000,0.640,RGO
1961-01-08,1436,-3.863,21.700,28.200,473.000,0.613,RGO
1961-01-08,1436,-3.863,-11.400,-46.000,154.000,0.724,RGO
1961-01-08,1436,-3.863,8.900,46.400,28.000,0.745,RGO
1961-02-04,1437,-6.257,4.400,-70.400,401.000,0.948,RGO
1961-02-04,1437,-6.257,8.200,60.500,204.000,0.885,RGO
1961-02-04,1437,-6.257,-8.700,-25.300,114.000,0.428,RGO
1961-02-04,1437,-6.257,21.800,17.400,75.000,0.544,RGO
1961-02-04,1437,-6.257,-16.000,-16.600,29.000,0.326,RGO
1961-02-04,1437,-6.257,13.400,58.300,18.000,0.878,RGO
1961-02-04,1437,-6.257,-10.600,-67.900,14.000,0.924,RGO
1961-03-03,1438,-7.240,7.500,57.300,102.000,0.859,RGO
1961-03-03,1438,-7.240,-10.400,62.400,56.000,0.881,RGO
1961-03-03,1438,-7.240,-10.100,-56.800,26.000,0.833,RGO
1961-03-03,1438,-7.240,-15.300,-83.500,25.000,0.991,RGO
1961-03-03,1438,-7.240,1.600,64.500,11.000,0.908,RGO
1961-03-03,1438,-7.240,19.400,8.900,5.000,0.473,RGO
1961-03-31,1439,-6.577,7.900,70.600,362.000,0.951,RGO
1961-03-31,1439,-6.577,-16.900,-45.700,194.000,0.720,RGO
1961-03-31,1439,-6.577,-18.500,-16.800,177.000,0.350,RGO
1961-03-31,1439,-6.577,-13.100,-2.800,156.000,0.127,RGO
1961-03-31,1439,-6.577,7.600,57.300,140.000,0.858,RGO
1961-03-31,1439,-6.577,-16.000,-34.900,58.000,0.583,RGO
1961-03-31,1439,-6.577,-8.600,-40.700,6.000,0.650,RGO
1961-03-31,1439,-6.577,-9.600,69.700,6.000,0.934,RGO
1961-04-27,1440,-4.528,-9.100,-40.900,634.000,0.656,RGO
1961-04-27,1440,-4.528,9.200,70.700,266.000,0.951,RGO
1961-04-27,1440,-4.528,12.300,-69.600,122.000,0.948,RGO
1961-04-27,1440,-4.528,3.700,-39.000,40.000,0.643,RGO
1961-04-27,1440,-4.528,-3.700,-32.600,32.000,0.540,RGO
1961-05-24,1441,-1.581,17.200,-18.300,288.000,0.441,RGO
1961-05-24,1441,-1.581,9.100,62.600,150.000,0.895,RGO
1961-05-24,1441,-1.581,2.300,-31.100,128.000,0.522,RGO
1961-05-24,1441,-1.581,13.600,10.000,27.000,0.311,RGO
1961-05-24,1441,-1.581,16.400,-65.800,14.000,0.925,RGO
1961-06-20,1442,1.652,3.600,66.700,446.000,0.919,RGO
1961-06-20,1442,1.652,-8.100,29.900,361.000,0.523,RGO
1961-06-20,1442,1.652,-6.400,-10.200,185.000,0.227,RGO
1961-06-20,1442,1.652,13.000,7.400,162.000,0.234,RGO
1961-06-20,1442,1.652,-10.400,65.500,149.000,0.917,RGO
1961-06-20,1442,1.652,13.500,-46.600,67.000,0.741,RGO
1961-06-20,1442,1.652,22.400,-33.800,38.000,0.630,RGO
1961-06-20,1442,1.652,10.800,-43.500,27.000,0.699,RGO
1961-06-20,1442,1.652,-15.100,60.100,10.000,0.883,RGO
1961-07-18,1443,4.644,-6.800,57.400,748.000,0.854,RGO
1961-07-18,1443,4.644,11.800,23.100,169.000,0.408,RGO
1961-07-18,1443,4.644,3.800,79.000,100.000,0.982,RGO
1961-07-18,1443,4.644,1.400,-68.600,98.000,0.933,RGO
1961-07-18,1443,4.644,-7.100,-23.400,26.000,0.443,RGO
1961-07-18,1443,4.644,-15.000,-66.700,12.000,0.934,RGO
1961-08-14,1444,6.607,6.800,-23.000,296.000,0.389,RGO
1961-08-14,1444,6.607,17.300,71.800,119.000,0.945,RGO
1961-08-14,1444,6.607,13.000,1.400,109.000,0.114,RGO
1961-08-14,1444,6.607,0.700,-61.100,67.000,0.879,RGO
1961-08-14,1444,6.607,-2.100,-24.200,43.000,0.435,RGO
1961-08-14,1444,6.607,-6.900,-2.400,42.000,0.238,RGO
1961-08-14,1444,6.607,16.500,-1.700,26.000,0.175,RGO
1961-08-14,1444,6.607,-15.600,-79.500,24.000,0.990,RGO
1961-08-14,1444,6.607,0.900,-51.500,19.000,0.786,RGO
1961-08-14,1444,6.607,4.100,2.900,12.000,0.067,RGO
1961-09-10,1445,7.246,-9.400,-62.100,874.000,0.901,RGO
1961-09-10,1445,7.246,14.400,-74.400,760.000,0.958,RGO
1961-09-10,1445,7.246,12.600,83.600,52.000,0.991,RGO
1961-09-10,1445,7.246,-11.500,-1.000,1.000,0.322,RGO
1961-10-08,1446,6.322,12.500,78.700,177.000,0.978,RGO
1961-10-08,1446,6.322,-13.700,59.600,84.000,0.888,RGO
1961-10-08,1446,6.322,10.900,14.000,32.000,0.252,RGO
1961-10-08,1446,6.322,10.900,-61.000,20.000,0.872,RGO
1961-11-04,1447,4.035,9.500,9.700,16.000,0.191,RGO
1961-12-01,1448,0.840,6.600,2.900,107.000,0.113,RGO
1961-12-01,1448,0.840,10.100,7.000,87.000,0.191,RGO
1961-12-01,1448,0.840,15.800,-49.400,60.000,0.791,RGO
1961-12-01,1448,0.840,13.100,-26.600,29.000,0.504,RGO
1961-12-01,1448,0.840,7.400,13.400,17.000,0.259,RGO
1961-12-01,1448,0.840,-8.500,-20.500,11.000,0.383,RGO
1961-12-01,1448,0.840,3.700,13.400,10.000,0.239,RGO
1961-12-01,1448,0.840,-19.700,67.100,6.000,0.934,RGO
1961-12-28,1449,-2.567,12.300,73.600,271.000,0.965,RGO
1961-12-28,1449,-2.567,-3.800,24.200,237.000,0.412,RGO
1961-12-28,1449,-2.567,20.000,1.400,125.000,0.386,RGO
1961-12-28,1449,-2.567,11.500,-8.800,61.000,0.286,RGO
1961-12-28,1449,-2.567,22.800,-4.400,44.000,0.436,RGO
1961-12-28,1449,-2.567,-4.700,14.400,24.000,0.253,RGO
1961-12-28,1449,-2.567,9.100,-2.300,15.000,0.207,RGO
1962-01-25,1450,-5.491,6.200,15.500,1032.000,0.334,RGO
1962-01-25,1450,-5.491,10.600,-58.900,402.000,0.875,RGO
1962-01-25,1450,-5.491,20.300,7.400,164.000,0.453,RGO
1962-01-25,1450,-5.491,12.300,70.700,10.000,0.955,RGO
1962-01-25,1450,-5.491,-10.500,-69.400,3.000,0.934,RGO
1962-02-21,1451,-7.053,-10.600,-58.800,883.000,0.851,RGO
1962-02-21,1451,-7.053,10.500,-65.500,518.000,0.926,RGO
1962-02-21,1451,-7.053,4.700,18.700,197.000,0.378,RGO
1962-02-21,1451,-7.053,-8.900,-26.500,30.000,0.445,RGO
1962-03-20,1452,-7.043,9.600,-68.300,1447.000,0.941,RGO
1962-03-20,1452,-7.043,9.900,-35.400,38.000,0.632,RGO
1962-03-20,1452,-7.043,-10.800,-52.100,35.000,0.785,RGO
1962-03-20,1452,-7.043,-7.900,-53.800,29.000,0.804,RGO
1962-03-20,1452,-7.043,10.500,25.400,11.000,0.515,RGO
1962-03-20,1452,-7.043,-15.500,-55.800,8.000,0.823,RGO
1962-03-20,1452,-7.043,-20.800,16.800,4.000,0.365,RGO
1962-04-16,1453,-5.523,10.600,25.700,415.000,0.505,RGO
1962-04-16,1453,-5.523,8.500,-37.800,283.000,0.648,RGO
1962-04-16,1453,-5.523,6.000,-28.400,219.000,0.512,RGO
1962-04-16,1453,-5.523,9.300,-61.200,111.000,0.891,RGO
1962-04-16,1453,-5.523,-8.200,-17.900,23.000,0.311,RGO
1962-05-14,1454,-2.769,-8.600,-4.900,160.000,0.134,RGO
1962-05-14,1454,-2.769,15.600,44.800,7.000,0.745,RGO
1962-06-10,1455,0.430,-7.300,-8.000,96.000,0.195,RGO
1962-06-10,1455,0.430,-13.100,-56.300,63.000,0.845,RGO
1962-07-07,1456,3.527,9.100,-69.900,594.000,0.938,RGO
1962-07-07,1456,3.527,19.400,14.400,13.000,0.363,RGO
1962-08-04,1457,5.999,-2.600,16.700,16.000,0.322,RGO
1962-08-31,1458,7.177,9.900,-32.200,42.000,0.531,RGO
1962-08-31,1458,7.177,-6.100,-28.300,5.000,0.519,RGO
1962-09-27,1459,6.887,9.000,10.100,214.000,0.178,RGO
1962-09-27,1459,6.887,14.500,44.600,29.000,0.702,RGO
1962-09-27,1459,6.887,11.500,-18.200,24.000,0.320,RGO
1962-09-27,1459,6.887,12.400,-29.300,6.000,0.493,RGO
1962-10-24,1460,5.132,10.400,-19.500,220.000,0.344,RGO
1962-10-24,1460,5.132,-13.200,45.900,88.000,0.757,RGO
1962-10-24,1460,5.132,10.200,-2.200,14.000,0.097,RGO
1962-10-24,1460,5.132,0.700,18.800,12.000,0.331,RGO
1962-11-21,1461,2.120,13.400,60.500,121.000,0.875,RGO
1962-11-21,1461,2.120,-15.700,60.000,18.000,0.884,RGO
1962-12-18,1462,-1.298,8.600,-5.000,108.000,0.194,RGO
1962-12-18,1462,-1.298,-14.900,56.700,82.000,0.846,RGO
1962-12-18,1462,-1.298,-11.700,-21.700,18.000,0.408,RGO
1963-01-14,1463,-4.441,6.500,-21.200,264.000,0.416,RGO
1963-01-14,1463,-4.441,10.000,-19.700,153.000,0.425,RGO
1963-02-10,1464,-6.583,9.400,-23.600,123.000,0.479,RGO
1963-02-10,1464,-6.583,-15.000,57.600,62.000,0.840,RGO
1963-03-10,1465,-7.237,11.900,13.800,42.000,0.400,RGO
1963-03-10,1465,-7.237,12.600,1.800,7.000,0.341,RGO
1963-03-10,1465,-7.237,14.400,-48.900,7.000,0.802,RGO
1963-03-10,1465,-7.237,3.800,0.600,2.000,0.192,RGO
1963-04-06,1466,-6.260,1.500,8.900,153.000,0.205,RGO
1963-04-06,1466,-6.260,14.500,-15.600,79.000,0.439,RGO
1963-04-06,1466,-6.260,-5.400,69.000,25.000,0.932,RGO
1963-04-06,1466,-6.260,-5.900,56.300,4.000,0.830,RGO
1963-05-03,1467,-3.983,15.700,-18.600,257.000,0.455,RGO
1963-05-31,1468,-0.807,10.600,40.200,233.000,0.665,RGO
1963-05-31,1468,-0.807,13.600,5.500,69.000,0.267,RGO
1963-06-27,1469,2.402,8.700,-12.200,110.000,0.237,RGO
1963-06-27,1469,2.402,13.900,-56.100,55.000,0.837,RGO
1963-06-27,1469,2.402,12.700,52.600,12.000,0.801,RGO
1963-07-24,1470,5.133,9.400,-0.500,93.000,0.075,RGO
1963-08-20,1471,6.854,-11.400,32.500,158.000,0.607,RGO
1963-08-20,1471,6.854,-8.600,-57.500,86.000,0.862,RGO
1963-08-20,1471,6.854,8.200,0.900,15.000,0.028,RGO
1963-09-17,1472,7.177,13.100,-39.200,1291.000,0.631,RGO
1963-09-17,1472,7.177,-10.600,21.300,273.000,0.468,RGO
1963-09-17,1472,7.177,6.300,29.300,12.000,0.490,RGO
1963-10-14,1473,5.957,8.200,30.800,145.000,0.512,RGO
1963-10-14,1473,5.957,34.100,31.100,76.000,0.648,RGO
1963-10-14,1473,5.957,23.900,-47.400,48.000,0.756,RGO
1963-10-14,1473,5.957,3.200,-5.000,38.000,0.100,RGO
1963-10-14,1473,5.957,12.000,-32.000,4.000,0.534,RGO
1963-11-10,1474,3.440,,,0.000,,RGO
1963-12-08,1475,0.011,-11.400,23.100,101.000,0.435,RGO
1964-01-04,1476,-3.330,-7.000,-54.500,2.000,0.814,RGO
1964-01-31,1477,-5.925,-3.700,81.500,197.000,0.989,RGO
1964-02-27,1478,-7.182,8.500,40.700,250.000,0.691,RGO
1964-02-27,1478,-7.182,1.200,46.100,15.000,0.730,RGO
1964-03-26,1479,-6.806,10.200,51.700,126.000,0.813,RGO
1964-03-26,1479,-6.806,9.300,76.500,86.000,0.979,RGO
1964-04-22,1480,-4.971,-8.700,-6.200,55.000,0.127,RGO
1964-05-19,1481,-2.141,7.200,-6.100,15.000,0.193,RGO
1964-06-15,1482,1.088,26.500,-46.600,68.000,0.784,RGO
1964-06-15,1482,1.088,5.300,13.800,27.000,0.249,RGO
1964-07-13,1483,4.188,,,0.000,,RGO
1964-08-09,1484,6.347,,,0.000,,RGO
1964-09-05,1485,7.241,,,0.000,,RGO
1964-10-03,1486,6.592,-7.300,53.700,4.000,0.825,RGO
1964-10-30,1487,4.522,21.700,14.300,10.000,0.378,RGO
1964-10-30,1487,4.522,23.200,-8.300,10.000,0.349,RGO
1964-11-26,1488,1.442,,,0.000,,RGO
1964-12-23,1489,-1.985,33.300,-12.500,153.000,0.607,RGO
1965-01-20,1490,-5.071,20.800,51.500,115.000,0.839,RGO
1965-01-20,1490,-5.071,31.400,-19.000,4.000,0.655,RGO
1965-01-20,1490,-5.071,27.100,-39.400,3.000,0.766,RGO
1965-02-16,1491,-6.887,20.800,50.300,97.000,0.837,RGO
1965-02-16,1491,-6.887,29.400,15.100,6.000,0.633,RGO
1965-03-15,1492,-7.162,31.900,-19.100,114.000,0.686,RGO
1965-03-15,1492,-7.162,27.800,-8.800,13.000,0.589,RGO
1965-04-11,1493,-5.888,,,0.000,,RGO
1965-05-09,1494,-3.297,35.600,75.500,39.000,0.986,RGO
1965-06-05,1495,-0.145,-10.700,22.600,212.000,0.422,RGO
1965-06-05,1495,-0.145,-11.500,42.900,149.000,0.698,RGO
1965-07-02,1496,3.015,32.300,-22.200,21.000,0.588,RGO
1965-07-02,1496,3.015,30.400,9.400,11.000,0.483,RGO
1965-07-30,1497,5.656,31.000,-50.300,23.000,0.806,RGO
1965-08-26,1498,7.071,27.400,-52.300,7.000,0.805,RGO
1965-09-22,1499,7.049,,,0.000,,RGO
1965-10-19,1500,5.538,21.900,-5.800,21.000,0.299,RGO
1965-11-16,1501,2.693,23.400,64.300,71.000,0.912,RGO
1965-12-13,1502,-0.692,33.200,-35.400,19.000,0.740,RGO
1966-01-09,1503,-3.941,11.100,48.800,3.000,0.778,RGO
1966-02-06,1504,-6.366,34.900,-14.200,235.000,0.690,RGO
1966-03-05,1505,-7.248,27.000,-6.300,56.000,0.572,RGO
1966-04-01,1506,-6.539,26.000,-23.400,1542.000,0.640,RGO
1966-04-01,1506,-6.539,-27.900,-64.400,15.000,0.904,RGO
1966-04-28,1507,-4.458,17.800,57.100,277.000,0.872,RGO
1966-04-28,1507,-4.458,21.500,-69.700,246.000,0.957,RGO
1966-04-28,1507,-4.458,28.600,-35.100,3.000,0.736,RGO
1966-05-26,1508,-1.377,24.100,-28.200,375.000,0.609,RGO
1966-05-26,1508,-1.377,-20.000,77.200,155.000,0.977,RGO
1966-05-26,1508,-1.377,14.400,9.400,100.000,0.314,RGO
1966-05-26,1508,-1.377,4.300,-47.400,26.000,0.742,RGO
1966-06-22,1509,1.853,19.800,59.700,116.000,0.876,RGO
1966-06-22,1509,1.853,26.500,-18.600,116.000,0.508,RGO
1966-06-22,1509,1.853,23.800,-7.900,50.000,0.396,RGO
1966-06-22,1509,1.853,-23.500,-32.200,29.000,0.650,RGO
1966-07-19,1510,4.710,26.300,2.600,305.000,0.370,RGO
1966-07-19,1510,4.710,-22.800,-43.100,158.000,0.772,RGO
1966-07-19,1510,4.710,22.900,53.900,31.000,0.822,RGO
1966-07-19,1510,4.710,34.100,-55.200,11.000,0.858,RGO
1966-08-15,1511,6.642,35.100,-2.900,88.000,0.480,RGO
1966-08-15,1511,6.642,31.200,10.500,82.000,0.447,RGO
1966-08-15,1511,6.642,-23.300,43.700,22.000,0.792,RGO
1966-08-15,1511,6.642,28.900,-44.600,15.000,0.740,RGO
1966-08-15,1511,6.642,-28.800,-21.200,12.000,0.657,RGO
1966-09-12,1512,7.236,-20.900,68.100,203.000,0.955,RGO
1966-09-12,1512,7.236,-20.800,75.100,76.000,0.982,RGO
1966-09-12,1512,7.236,21.600,1.000,44.000,0.250,RGO
1966-09-12,1512,7.236,10.100,10.600,9.000,0.190,RGO
1966-09-12,1512,7.236,-14.900,48.100,7.000,0.796,RGO
1966-09-12,1512,7.236,22.100,-6.900,1.000,0.281,RGO
1966-10-09,1513,6.277,-23.400,42.400,169.000,0.778,RGO
1966-10-09,1513,6.277,21.200,4.700,135.000,0.269,RGO
1966-10-09,1513,6.277,22.500,-5.500,20.000,0.296,RGO
1966-10-09,1513,6.277,22.800,-17.900,15.000,0.407,RGO
1966-11-05,1514,3.959,-21.900,44.300,32.000,0.773,RGO
1966-11-05,1514,3.959,12.300,-14.100,31.000,0.281,RGO
1966-11-05,1514,3.959,14.100,-18.000,8.000,0.351,RGO
1966-11-05,1514,3.959,20.900,67.600,6.000,0.927,RGO
1966-12-03,1515,0.621,10.300,-47.000,36.000,0.743,RGO
1966-12-03,1515,0.621,26.000,10.900,11.000,0.463,RGO
1966-12-03,1515,0.621,20.000,15.900,6.000,0.422,RGO
1966-12-03,1515,0.621,15.100,44.800,6.000,0.727,RGO
1966-12-03,1515,0.621,-28.600,51.400,4.000,0.842,RGO
1966-12-30,1516,-2.773,18.200,-79.200,242.000,0.987,RGO
1966-12-30,1516,-2.773,-24.100,24.500,115.000,0.529,RGO
1966-12-30,1516,-2.773,-22.400,-35.800,98.000,0.644,RGO
1966-12-30,1516,-2.773,-27.800,13.800,48.000,0.475,RGO
1966-12-30,1516,-2.773,20.700,18.000,45.000,0.492,RGO
1966-12-30,1516,-2.773,-30.000,48.200,29.000,0.801,RGO
1966-12-30,1516,-2.773,14.100,-28.400,10.000,0.545,RGO
1966-12-30,1516,-2.773,-24.800,48.700,5.000,0.787,RGO
1967-01-26,1517,-5.551,-22.900,-39.500,422.000,0.669,RGO
1967-01-26,1517,-5.551,19.100,-72.700,279.000,0.970,RGO
1967-01-26,1517,-5.551,15.800,10.900,240.000,0.408,RGO
1967-01-26,1517,-5.551,16.700,43.900,186.000,0.754,RGO
1967-01-26,1517,-5.551,14.600,25.300,159.000,0.534,RGO
1967-01-26,1517,-5.551,15.900,18.900,91.000,0.479,RGO
1967-01-26,1517,-5.551,19.000,12.800,64.000,0.466,RGO
1967-01-26,1517,-5.551,15.800,33.700,56.000,0.640,RGO
1967-01-26,1517,-5.551,25.500,46.200,51.000,0.817,RGO
1967-01-26,1517,-5.551,15.500,-60.600,27.000,0.898,RGO
1967-01-26,1517,-5.551,20.500,-2.200,17.000,0.443,RGO
1967-01-26,1517,-5.551,1.800,13.300,13.000,0.263,RGO
1967-01-26,1517,-5.551,-7.500,-3.000,9.000,0.062,RGO
1967-01-26,1517,-5.551,-15.800,51.900,5.000,0.789,RGO
1967-01-26,1517,-5.551,-6.600,37.300,5.000,0.605,RGO
1967-02-22,1518,-7.074,22.900,-65.400,1053.000,0.945,RGO
1967-02-22,1518,-7.074,-22.400,-51.800,224.000,0.792,RGO
1967-02-22,1518,-7.074,15.900,19.500,164.000,0.501,RGO
1967-02-22,1518,-7.074,18.700,7.800,111.000,0.454,RGO
1967-02-22,1518,-7.074,13.600,55.100,99.000,0.854,RGO
1967-02-22,1518,-7.074,23.100,-0.200,61.000,0.505,RGO
1967-02-22,1518,-7.074,-25.800,-16.000,24.000,0.412,RGO
1967-02-22,1518,-7.074,-18.300,32.800,23.000,0.559,RGO
1967-02-22,1518,-7.074,-24.700,30.800,8.000,0.565,RGO
1967-03-22,1519,-6.989,22.800,-49.800,673.000,0.841,RGO
1967-03-22,1519,-6.989,20.600,-63.900,329.000,0.932,RGO
1967-03-22,1519,-6.989,17.200,2.600,190.000,0.413,RGO
1967-03-22,1519,-6.989,25.700,-64.200,187.000,0.943,RGO
1967-03-22,1519,-6.989,24.200,12.900,122.000,0.556,RGO
1967-03-22,1519,-6.989,16.900,-8.800,102.000,0.430,RGO
1967-03-22,1519,-6.989,-16.100,47.600,75.000,0.739,RGO
1967-03-22,1519,-6.989,14.300,-18.700,72.000,0.474,RGO
1967-03-22,1519,-6.989,21.100,-11.600,33.000,0.506,RGO
1967-03-22,1519,-6.989,18.100,51.600,20.000,0.839,RGO
1967-03-22,1519,-6.989,-19.900,-8.400,3.000,0.264,RGO
1967-04-18,1520,-5.383,25.000,-15.000,344.000,0.557,RGO
1967-04-18,1520,-5.383,-23.400,-64.300,188.000,0.935,RGO
1967-04-18,1520,-5.383,22.600,-65.600,87.000,0.912,RGO
1967-04-18,1520,-5.383,16.600,58.700,82.000,0.885,RGO
1967-04-18,1520,-5.383,-21.100,3.500,40.000,0.279,RGO
1967-04-18,1520,-5.383,-14.400,-79.500,34.000,0.981,RGO
1967-04-18,1520,-5.383,22.700,9.800,21.000,0.497,RGO
1967-05-15,1521,-2.688,-13.500,-75.900,179.000,0.970,RGO
1967-05-15,1521,-2.688,25.200,-31.500,127.000,0.663,RGO
1967-05-15,1521,-2.688,-15.800,-26.600,51.000,0.492,RGO
1967-05-15,1521,-2.688,-14.600,-52.400,22.000,0.802,RGO
1967-05-15,1521,-2.688,-19.600,-70.000,10.000,0.943,RGO
1967-06-11,1522,0.517,-17.100,23.600,58.000,0.490,RGO
1967-06-11,1522,0.517,14.900,41.000,25.000,0.683,RGO
1967-06-11,1522,0.517,8.900,-8.500,21.000,0.208,RGO
1967-07-09,1523,3.706,-21.700,67.300,200.000,0.944,RGO
1967-07-09,1523,3.706,20.300,59.800,112.000,0.872,RGO
1967-07-09,1523,3.706,24.900,-3.600,62.000,0.368,RGO
1967-07-09,1523,3.706,23.400,-38.400,53.000,0.671,RGO
1967-07-09,1523,3.706,18.000,-3.500,50.000,0.254,RGO
1967-07-09,1523,3.706,4.600,35.200,31.000,0.577,RGO
1967-07-09,1523,3.706,13.400,49.500,18.000,0.766,RGO
1967-08-05,1524,6.048,20.500,-57.100,555.000,0.843,RGO
1967-08-05,1524,6.048,-29.200,33.400,396.000,0.741,RGO
1967-08-05,1524,6.048,-21.400,-80.800,382.000,0.995,RGO
1967-08-05,1524,6.048,16.400,78.000,339.000,0.974,RGO
1967-08-05,1524,6.048,11.100,63.700,156.000,0.893,RGO
1967-08-05,1524,6.048,19.500,49.500,131.000,0.766,RGO
1967-08-05,1524,6.048,26.200,-79.400,65.000,0.979,RGO
1967-08-05,1524,6.048,16.600,57.400,29.000,0.841,RGO
1967-08-05,1524,6.048,22.400,69.500,25.000,0.933,RGO
1967-08-05,1524,6.048,24.900,56.800,21.000,0.844,RGO
1967-08-05,1524,6.048,18.400,-5.400,16.000,0.233,RGO
1967-08-05,1524,6.048,0.800,-8.800,9.000,0.179,RGO
1967-08-05,1524,6.048,14.000,25.500,8.000,0.444,RGO
1967-08-05,1524,6.048,-14.300,-38.100,2.000,0.684,RGO
1967-09-01,1525,7.189,26.500,-33.700,509.000,0.610,RGO
1967-09-01,1525,7.189,15.000,-65.900,220.000,0.908,RGO
1967-09-01,1525,7.189,14.500,-56.500,176.000,0.830,RGO
1967-09-01,1525,7.189,-28.200,-21.100,132.000,0.656,RGO
1967-09-01,1525,7.189,-19.100,-29.400,126.000,0.633,RGO
1967-09-01,1525,7.189,-20.900,-67.600,74.000,0.953,RGO
1967-09-01,1525,7.189,-22.200,81.000,47.000,0.996,RGO
1967-09-01,1525,7.189,-19.300,35.900,41.000,0.699,RGO
1967-09-01,1525,7.189,23.300,80.900,35.000,0.982,RGO
1967-09-01,1525,7.189,12.500,76.900,18.000,0.970,RGO
1967-09-01,1525,7.189,21.400,-55.200,16.000,0.823,RGO
1967-09-01,1525,7.189,15.600,64.800,15.000,0.900,RGO
1967-09-01,1525,7.189,-32.100,14.300,9.000,0.667,RGO
1967-09-01,1525,7.189,-13.500,-24.900,5.000,0.536,RGO
1967-09-01,1525,7.189,31.200,-37.700,3.000,0.679,RGO
1967-09-01,1525,7.189,26.600,37.900,3.000,0.656,RGO
1967-09-29,1526,6.817,11.900,-23.800,282.000,0.409,RGO
1967-09-29,1526,6.817,-15.300,-59.000,232.000,0.889,RGO
1967-09-29,1526,6.817,20.300,-38.500,75.000,0.641,RGO
1967-09-29,1526,6.817,10.200,34.000,49.000,0.558,RGO
1967-09-29,1526,6.817,13.400,-5.700,7.000,0.152,RGO
1967-10-26,1527,4.977,9.800,37.300,823.000,0.608,RGO
1967-10-26,1527,4.977,17.000,60.600,231.000,0.872,RGO
1967-10-26,1527,4.977,15.400,-84.400,208.000,0.994,RGO
1967-10-26,1527,4.977,19.800,-0.300,104.000,0.257,RGO
1967-10-26,1527,4.977,11.400,-23.000,87.000,0.404,RGO
1967-10-26,1527,4.977,20.200,-50.600,81.000,0.784,RGO
1967-10-26,1527,4.977,21.600,-11.900,80.000,0.349,RGO
1967-10-26,1527,4.977,10.900,16.100,14.000,0.294,RGO
1967-10-26,1527,4.977,13.900,70.200,6.000,0.939,RGO
1967-11-22,1528,2.032,9.300,81.700,639.000,0.990,RGO
1967-11-22,1528,2.032,10.700,40.300,598.000,0.657,RGO
1967-11-22,1528,2.032,20.600,-32.500,597.000,0.601,RGO
1967-11-22,1528,2.032,19.300,-42.000,389.000,0.705,RGO
1967-11-22,1528,2.032,8.400,45.900,164.000,0.722,RGO
1967-11-22,1528,2.032,-19.600,-71.400,68.000,0.959,RGO
1967-11-22,1528,2.032,18.400,8.800,59.000,0.319,RGO
1967-11-22,1528,2.032,18.900,24.300,25.000,0.489,RGO
1967-11-22,1528,2.032,10.400,18.500,12.000,0.346,RGO
1967-11-22,1528,2.032,-15.100,43.100,9.000,0.720,RGO
1967-12-19,1529,-1.389,18.000,24.800,1703.000,0.521,RGO
1967-12-19,1529,-1.389,23.200,-27.500,683.000,0.595,RGO
1967-12-19,1529,-1.389,25.300,62.100,494.000,0.913,RGO
1967-12-19,1529,-1.389,-24.900,-50.200,322.000,0.808,RGO
1967-12-19,1529,-1.389,20.200,35.400,187.000,0.658,RGO
1967-12-19,1529,-1.389,-35.100,84.300,88.000,0.996,RGO
1967-12-19,1529,-1.389,9.600,36.100,53.000,0.613,RGO
1967-12-19,1529,-1.389,16.300,43.500,21.000,0.727,RGO
1968-01-16,1530,-4.614,20.000,39.300,417.000,0.719,RGO
1968-01-16,1530,-4.614,14.300,65.600,200.000,0.927,RGO
1968-01-16,1530,-4.614,8.400,42.600,149.000,0.703,RGO
1968-01-16,1530,-4.614,-13.800,-1.600,49.000,0.162,RGO
1968-01-16,1530,-4.614,-24.900,65.200,31.000,0.912,RGO
1968-01-16,1530,-4.614,-27.100,81.100,25.000,0.985,RGO
1968-01-16,1530,-4.614,-32.100,-50.700,24.000,0.818,RGO
1968-01-16,1530,-4.614,-36.000,70.500,14.000,0.950,RGO
1968-02-12,1531,-6.672,19.200,-24.700,1212.000,0.584,RGO
1968-02-12,1531,-6.672,-15.500,-31.600,124.000,0.536,RGO
1968-02-12,1531,-6.672,24.700,-65.600,26.000,0.948,RGO
1968-02-12,1531,-6.672,-26.800,42.200,18.000,0.707,RGO
1968-02-12,1531,-6.672,19.000,10.700,12.000,0.468,RGO
1968-03-10,1532,-7.231,-27.100,43.500,307.000,0.718,RGO
1968-03-10,1532,-7.231,18.000,-8.300,158.000,0.449,RGO
1968-03-10,1532,-7.231,-14.100,-46.400,52.000,0.723,RGO
1968-03-10,1532,-7.231,-16.900,38.600,15.000,0.629,RGO
1968-03-10,1532,-7.231,-15.000,29.800,12.000,0.505,RGO
1968-03-10,1532,-7.231,-8.800,-2.600,11.000,0.054,RGO
1968-04-06,1533,-6.214,-23.800,67.700,509.000,0.923,RGO
1968-04-06,1533,-6.214,8.900,37.100,245.000,0.644,RGO
1968-04-06,1533,-6.214,-21.000,-29.700,213.000,0.538,RGO
1968-04-06,1533,-6.214,-19.700,60.300,40.000,0.868,RGO
1968-04-06,1533,-6.214,19.500,-4.100,32.000,0.440,RGO
1968-04-06,1533,-6.214,19.100,32.100,22.000,0.652,RGO
1968-04-06,1533,-6.214,-18.800,28.300,15.000,0.506,RGO
1968-04-06,1533,-6.214,-31.000,2.800,6.000,0.423,RGO
1968-05-04,1534,-3.805,20.400,-46.200,596.000,0.784,RGO
1968-05-04,1534,-3.805,16.200,37.100,506.000,0.668,RGO
1968-05-04,1534,-3.805,18.800,-17.500,326.000,0.478,RGO
1968-05-04,1534,-3.805,9.700,5.500,82.000,0.252,RGO
1968-05-04,1534,-3.805,-14.600,42.700,31.000,0.690,RGO
1968-05-04,1534,-3.805,7.900,-20.600,20.000,0.403,RGO
1968-05-04,1534,-3.805,18.100,16.100,14.000,0.456,RGO
1968-05-04,1534,-3.805,31.800,13.700,11.000,0.616,RGO
1968-05-31,1535,-0.720,-34.400,-36.000,575.000,0.742,RGO
1968-05-31,1535,-0.720,15.900,-65.900,325.000,0.923,RGO
1968-05-31,1535,-0.720,-20.600,55.600,237.000,0.847,RGO
1968-05-31,1535,-0.720,-12.300,-25.700,216.000,0.473,RGO
1968-05-31,1535,-0.720,10.100,-24.900,190.000,0.457,RGO
1968-05-31,1535,-0.720,25.100,17.500,119.000,0.514,RGO
1968-05-31,1535,-0.720,12.500,2.200,78.000,0.232,RGO
1968-05-31,1535,-0.720,17.700,7.500,65.000,0.340,RGO
1968-05-31,1535,-0.720,-14.200,-49.400,55.000,0.777,RGO
1968-05-31,1535,-0.720,15.300,-8.700,24.000,0.314,RGO
1968-05-31,1535,-0.720,22.900,-33.000,21.000,0.643,RGO
1968-06-27,1536,2.484,12.400,7.200,576.000,0.212,RGO
1968-06-27,1536,2.484,13.100,84.900,277.000,0.996,RGO
1968-06-27,1536,2.484,-14.600,22.200,158.000,0.470,RGO
1968-06-27,1536,2.484,29.000,-8.300,86.000,0.465,RGO
1968-06-27,1536,2.484,-15.400,5.500,58.000,0.323,RGO
1968-06-27,1536,2.484,-27.800,-57.100,5.000,0.890,RGO
1968-07-25,1537,5.277,15.500,-73.300,735.000,0.955,RGO
1968-07-25,1537,5.277,-16.700,17.000,664.000,0.467,RGO
1968-07-25,1537,5.277,-17.500,58.100,460.000,0.883,RGO
1968-07-25,1537,5.277,-16.600,42.900,179.000,0.743,RGO
1968-07-25,1537,5.277,8.100,19.600,84.000,0.338,RGO
1968-07-25,1537,5.277,18.200,8.200,36.000,0.263,RGO
1968-07-25,1537,5.277,-26.200,40.400,14.000,0.771,RGO
1968-08-21,1538,6.919,-11.300,18.600,822.000,0.440,RGO
1968-08-21,1538,6.919,-15.000,46.000,606.000,0.775,RGO
1968-08-21,1538,6.919,-18.400,-42.600,338.000,0.758,RGO
1968-08-21,1538,6.919,7.200,26.800,277.000,0.450,RGO
1968-08-21,1538,6.919,-17.100,62.600,85.000,0.918,RGO
1968-08-21,1538,6.919,8.200,-62.000,24.000,0.880,RGO
1968-08-21,1538,6.919,7.100,-36.800,11.000,0.597,RGO
1968-08-21,1538,6.919,27.600,-6.600,10.000,0.369,RGO
1968-08-21,1538,6.919,13.500,-64.700,8.000,0.899,RGO
1968-09-17,1539,7.163,-14.500,29.000,199.000,0.590,RGO
1968-09-17,1539,7.163,16.300,-59.800,199.000,0.860,RGO
1968-09-17,1539,7.163,6.000,24.700,105.000,0.416,RGO
1968-09-17,1539,7.163,-10.400,79.900,51.000,0.990,RGO
1968-09-17,1539,7.163,8.800,25.900,40.000,0.435,RGO
1968-09-17,1539,7.163,21.500,-22.300,33.000,0.439,RGO
1968-10-14,1540,5.905,20.500,-44.700,569.000,0.719,RGO
1968-10-14,1540,5.905,-12.900,8.400,107.000,0.352,RGO
1968-10-14,1540,5.905,4.600,-66.100,27.000,0.914,RGO
1968-10-14,1540,5.905,16.900,-69.600,19.000,0.934,RGO
1968-10-14,1540,5.905,-16.900,-5.800,15.000,0.400,RGO
1968-10-14,1540,5.905,-19.400,-19.400,8.000,0.528,RGO
1968-11-11,1541,3.246,19.200,-7.400,694.000,0.303,RGO
1968-11-11,1541,3.246,7.600,53.200,260.000,0.802,RGO
1968-11-11,1541,3.246,9.300,-60.600,139.000,0.872,RGO
1968-11-11,1541,3.246,-23.100,51.500,98.000,0.837,RGO
1968-11-11,1541,3.246,-12.600,-36.500,90.000,0.639,RGO
1968-11-11,1541,3.246,20.300,-37.000,33.000,0.644,RGO
1968-11-11,1541,3.246,-11.800,-50.100,27.000,0.791,RGO
1968-11-11,1541,3.246,32.900,56.400,26.000,0.871,RGO
1968-12-08,1542,-0.081,12.900,32.900,1458.000,0.578,RGO
1968-12-08,1542,-0.081,-12.800,41.300,271.000,0.682,RGO
1968-12-08,1542,-0.081,19.100,-15.400,221.000,0.415,RGO
1968-12-08,1542,-0.081,-31.200,-65.200,157.000,0.935,RGO
1968-12-08,1542,-0.081,10.200,-68.500,20.000,0.934,RGO
1968-12-08,1542,-0.081,-12.800,20.700,15.000,0.410,RGO
1969-01-04,1543,-3.411,23.900,-59.000,1084.000,0.897,RGO
1969-01-04,1543,-3.411,21.000,-82.800,329.000,0.996,RGO
1969-01-04,1543,-3.411,-32.200,-77.400,328.000,0.977,RGO
1969-01-04,1543,-3.411,-8.700,-80.700,280.000,0.987,RGO
1969-01-04,1543,-3.411,10.900,34.900,92.000,0.611,RGO
1969-01-04,1543,-3.411,16.600,34.000,64.000,0.633,RGO
1969-01-04,1543,-3.411,3.900,-68.500,35.000,0.935,RGO
1969-01-04,1543,-3.411,18.000,4.400,18.000,0.374,RGO
1969-02-01,1544,-6.050,14.500,75.300,174.000,0.977,RGO
1969-02-01,1544,-6.050,24.700,-55.000,146.000,0.882,RGO
1969-02-01,1544,-6.050,35.500,-7.400,141.000,0.673,RGO
1969-02-01,1544,-6.050,-7.000,-65.800,106.000,0.910,RGO
1969-02-01,1544,-6.050,9.800,-79.700,97.000,0.988,RGO
1969-02-01,1544,-6.050,21.800,57.600,50.000,0.892,RGO
1969-02-01,1544,-6.050,0.100,-59.200,30.000,0.863,RGO
1969-02-01,1544,-6.050,-15.400,17.800,9.000,0.340,RGO
1969-02-28,1545,-7.209,-18.000,-14.800,901.000,0.312,RGO
1969-02-28,1545,-7.209,12.800,72.700,562.000,0.966,RGO
1969-02-28,1545,-7.209,14.900,-79.600,181.000,0.991,RGO
1969-02-28,1545,-7.209,1.600,-55.500,164.000,0.833,RGO
1969-02-28,1545,-7.209,14.800,53.200,139.000,0.841,RGO
1969-02-28,1545,-7.209,15.600,-70.200,70.000,0.959,RGO
1969-02-28,1545,-7.209,-14.500,-22.300,63.000,0.394,RGO
1969-02-28,1545,-7.209,-13.400,-57.900,47.000,0.843,RGO
1969-02-28,1545,-7.209,-24.800,-22.400,34.000,0.467,RGO
1969-02-28,1545,-7.209,-17.700,-56.100,32.000,0.828,RGO
1969-02-28,1545,-7.209,-20.000,64.900,10.000,0.900,RGO
1969-03-27,1546,-6.774,20.600,65.600,1729.000,0.941,RGO
1969-03-27,1546,-6.774,8.700,-80.600,524.000,0.990,RGO
1969-03-27,1546,-6.774,22.200,-53.500,283.000,0.866,RGO
1969-03-27,1546,-6.774,-14.400,63.600,228.000,0.891,RGO
1969-03-27,1546,-6.774,-10.300,7.600,139.000,0.145,RGO
1969-03-27,1546,-6.774,-32.600,47.500,97.000,0.780,RGO
1969-03-27,1546,-6.774,-27.500,77.700,60.000,0.971,RGO
1969-03-27,1546,-6.774,-12.400,51.600,21.000,0.780,RGO
1969-03-27,1546,-6.774,10.000,-30.300,19.000,0.569,RGO
1969-03-27,1546,-6.774,-23.500,-61.100,9.000,0.875,RGO
1969-04-23,1547,-4.906,22.500,56.400,288.000,0.881,RGO
1969-04-23,1547,-4.906,-11.000,41.900,112.000,0.670,RGO
1969-04-23,1547,-4.906,-15.300,60.100,90.000,0.867,RGO
1969-04-23,1547,-4.906,7.500,-29.700,31.000,0.534,RGO
1969-05-21,1548,-1.940,-13.100,-14.800,690.000,0.318,RGO
1969-05-21,1548,-1.940,-16.400,-33.400,657.000,0.589,RGO
1969-05-21,1548,-1.940,8.200,-41.800,404.000,0.683,RGO
1969-05-21,1548,-1.940,11.000,-26.400,183.000,0.490,RGO
1969-05-21,1548,-1.940,11.800,-77.800,109.000,0.981,RGO
1969-05-21,1548,-1.940,11.300,-55.800,92.000,0.841,RGO
1969-05-21,1548,-1.940,12.000,76.300,51.000,0.975,RGO
1969-05-21,1548,-1.940,14.000,2.600,51.000,0.279,RGO
1969-05-21,1548,-1.940,12.500,-67.900,38.000,0.935,RGO
1969-05-21,1548,-1.940,-12.600,5.100,30.000,0.205,RGO
1969-05-21,1548,-1.940,-23.100,-15.600,8.000,0.440,RGO
1969-06-17,1549,1.293,11.000,-27.300,453.000,0.484,RGO
1969-06-17,1549,1.293,16.900,77.100,428.000,0.976,RGO
1969-06-17,1549,1.293,-16.000,-9.100,94.000,0.336,RGO
1969-06-17,1549,1.293,16.000,32.000,87.000,0.572,RGO
1969-06-17,1549,1.293,-20.400,-12.800,32.000,0.426,RGO
1969-06-17,1549,1.293,-16.200,-31.700,30.000,0.589,RGO
1969-06-17,1549,1.293,8.400,-3.400,27.000,0.138,RGO
1969-06-17,1549,1.293,22.900,31.300,20.000,0.607,RGO
1969-06-17,1549,1.293,7.200,-31.600,16.000,0.534,RGO
1969-06-17,1549,1.293,-21.800,-34.800,6.000,0.661,RGO
1969-07-14,1550,4.259,19.900,9.300,330.000,0.310,RGO
1969-07-14,1550,4.259,-15.400,19.800,125.000,0.467,RGO
1969-07-14,1550,4.259,10.200,-27.500,110.000,0.470,RGO
1969-07-14,1550,4.259,6.300,-24.800,64.000,0.422,RGO
1969-07-14,1550,4.259,14.000,40.900,25.000,0.664,RGO
1969-07-14,1550,4.259,-14.800,-1.000,10.000,0.329,RGO
1969-08-10,1551,6.389,-31.400,4.200,188.000,0.619,RGO
1969-08-10,1551,6.389,-11.800,68.700,166.000,0.945,RGO
1969-08-10,1551,6.389,8.300,64.000,159.000,0.896,RGO
1969-08-10,1551,6.389,-20.900,49.000,147.000,0.824,RGO
1969-08-10,1551,6.389,9.000,-72.400,110.000,0.951,RGO
1969-08-10,1551,6.389,13.800,60.200,45.000,0.864,RGO
1969-08-10,1551,6.389,-14.600,-59.100,35.000,0.887,RGO
1969-08-10,1551,6.389,17.600,10.000,9.000,0.257,RGO
1969-08-10,1551,6.389,-15.300,51.800,6.000,0.828,RGO
1969-09-07,1552,7.249,11.500,67.400,314.000,0.919,RGO
1969-09-07,1552,7.249,22.600,-9.600,168.000,0.309,RGO
1969-09-07,1552,7.249,-32.200,-27.100,47.000,0.735,RGO
1969-09-07,1552,7.249,-12.200,-43.700,13.000,0.740,RGO
1969-09-07,1552,7.249,-2.200,-26.500,8.000,0.472,RGO
1969-09-07,1552,7.249,-27.800,-27.100,5.000,0.693,RGO
1969-09-07,1552,7.249,5.400,34.900,1.000,0.573,RGO
1969-10-04,1553,6.554,-12.100,17.800,453.000,0.435,RGO
1969-10-04,1553,6.554,26.100,-54.300,188.000,0.823,RGO
1969-10-04,1553,6.554,16.600,-22.300,165.000,0.409,RGO
1969-10-04,1553,6.554,-14.000,-79.100,160.000,0.989,RGO
1969-10-04,1553,6.554,-10.600,62.200,37.000,0.903,RGO
1969-10-04,1553,6.554,13.800,45.600,22.000,0.715,RGO
1969-10-04,1553,6.554,-12.900,28.100,9.000,0.561,RGO
1969-10-31,1554,4.451,11.000,72.400,1260.000,0.952,RGO
1969-10-31,1554,4.451,-13.100,18.500,106.000,0.430,RGO
1969-10-31,1554,4.451,19.900,-47.800,71.000,0.757,RGO
1969-10-31,1554,4.451,17.700,-17.000,69.000,0.365,RGO
1969-10-31,1554,4.451,-15.300,31.500,33.000,0.602,RGO
1969-10-31,1554,4.451,18.500,-27.000,10.000,0.501,RGO
1969-10-31,1554,4.451,-14.000,-31.400,8.000,0.594,RGO
1969-10-31,1554,4.451,-6.600,0.100,4.000,0.192,RGO
1969-11-28,1555,1.226,13.300,84.000,794.000,0.995,RGO
1969-11-28,1555,1.226,-14.300,-31.700,404.000,0.575,RGO
1969-11-28,1555,1.226,-15.900,-46.000,161.000,0.751,RGO
1969-11-28,1555,1.226,-2.100,-7.100,103.000,0.137,RGO
1969-11-28,1555,1.226,-18.900,-70.000,100.000,0.950,RGO
1969-11-28,1555,1.226,12.800,61.000,52.000,0.881,RGO
1969-11-28,1555,1.226,12.500,-25.800,44.000,0.471,RGO
1969-11-28,1555,1.226,-20.500,-3.900,25.000,0.376,RGO
1969-11-28,1555,1.226,21.000,-32.500,22.000,0.609,RGO
1969-11-28,1555,1.226,16.100,44.200,17.000,0.722,RGO
1969-11-28,1555,1.226,26.100,31.700,11.000,0.637,RGO
1969-12-25,1556,-2.196,-13.000,15.000,625.000,0.316,RGO
1969-12-25,1556,-2.196,-21.500,-1.500,187.000,0.331,RGO
1969-12-25,1556,-2.196,22.200,-33.100,176.000,0.652,RGO
1969-12-25,1556,-2.196,-2.400,-5.500,173.000,0.097,RGO
1969-12-25,1556,-2.196,-8.800,78.900,164.000,0.981,RGO
1969-12-25,1556,-2.196,13.200,74.900,150.000,0.971,RGO
1969-12-25,1556,-2.196,-15.300,-31.000,130.000,0.550,RGO
1969-12-25,1556,-2.196,9.600,-32.200,127.000,0.565,RGO
1969-12-25,1556,-2.196,-15.200,73.500,87.000,0.960,RGO
1969-12-25,1556,-2.196,11.400,17.200,77.000,0.375,RGO
1969-12-25,1556,-2.196,-8.200,6.400,31.000,0.151,RGO
1969-12-25,1556,-2.196,23.900,-45.600,28.000,0.785,RGO
1969-12-25,1556,-2.196,16.600,-0.300,14.000,0.325,RGO
1969-12-25,1556,-2.196,24.700,-4.600,12.000,0.461,RGO
1969-12-25,1556,-2.196,-17.000,-48.400,10.000,0.766,RGO
1969-12-25,1556,-2.196,-23.400,-55.000,8.000,0.843,RGO
1970-01-21,1557,-5.137,-13.000,45.800,415.000,0.719,RGO
1970-01-21,1557,-5.137,-18.500,-67.800,347.000,0.924,RGO
1970-01-21,1557,-5.137,13.700,20.100,336.000,0.463,RGO
1970-01-21,1557,-5.137,-2.600,-26.500,230.000,0.449,RGO
1970-01-21,1557,-5.137,-14.600,39.900,186.000,0.649,RGO
1970-01-21,1557,-5.137,-22.800,61.800,170.000,0.885,RGO
1970-01-21,1557,-5.137,-9.800,30.700,27.000,0.514,RGO
1970-01-21,1557,-5.137,12.100,54.500,23.000,0.839,RGO
1970-01-21,1557,-5.137,-14.900,9.500,9.000,0.235,RGO
1970-01-21,1557,-5.137,-7.900,-15.900,9.000,0.278,RGO
1970-02-17,1558,-6.915,-22.000,-22.300,839.000,0.443,RGO
1970-02-17,1558,-6.915,-15.500,-61.700,666.000,0.876,RGO
1970-02-17,1558,-6.915,-13.200,71.300,625.000,0.943,RGO
1970-02-17,1558,-6.915,-19.000,-70.300,324.000,0.936,RGO
1970-02-17,1558,-6.915,-13.400,-0.300,259.000,0.113,RGO
1970-02-17,1558,-6.915,25.200,81.700,224.000,0.997,RGO
1970-02-17,1558,-6.915,-20.200,62.800,216.000,0.886,RGO
1970-02-17,1558,-6.915,14.400,56.300,52.000,0.866,RGO
1970-02-17,1558,-6.915,21.600,28.200,40.000,0.642,RGO
1970-02-17,1558,-6.915,-13.800,36.700,11.000,0.600,RGO
1970-03-17,1559,-7.125,-0.500,27.000,174.000,0.467,RGO
1970-03-17,1559,-7.125,-15.000,-49.900,119.000,0.764,RGO
1970-03-17,1559,-7.125,19.000,-3.400,10.000,0.445,RGO
1970-04-13,1560,-5.761,-13.400,54.600,976.000,0.814,RGO
1970-04-13,1560,-5.761,16.200,7.000,761.000,0.393,RGO
1970-04-13,1560,-5.761,-8.900,59.400,655.000,0.859,RGO
1970-04-13,1560,-5.761,10.400,56.900,633.000,0.858,RGO
1970-04-13,1560,-5.761,-6.000,-77.500,336.000,0.976,RGO
1970-04-13,1560,-5.761,-15.500,84.000,213.000,0.993,RGO
1970-04-13,1560,-5.761,-8.600,-40.600,97.000,0.649,RGO
1970-04-13,1560,-5.761,-1.400,29.800,78.000,0.504,RGO
1970-04-13,1560,-5.761,-21.900,75.800,60.000,0.966,RGO
1970-04-13,1560,-5.761,6.100,69.000,13.000,0.940,RGO
1970-04-13,1560,-5.761,8.800,-20.700,9.000,0.427,RGO
1970-05-10,1561,-3.219,16.300,7.700,405.000,0.359,RGO
1970-05-10,1561,-3.219,13.200,53.000,328.000,0.822,RGO
1970-05-10,1561,-3.219,19.800,-63.500,321.000,0.918,RGO
1970-05-10,1561,-3.219,-12.600,57.800,297.000,0.849,RGO
1970-05-10,1561,-3.219,-7.700,-81.800,148.000,0.989,RGO
1970-05-10,1561,-3.219,-21.100,67.500,147.000,0.928,RGO
1970-05-10,1561,-3.219,0.500,-74.200,57.000,0.963,RGO
1970-05-10,1561,-3.219,-25.900,19.500,42.000,0.494,RGO
1970-05-10,1561,-3.219,-13.000,-5.400,29.000,0.195,RGO
1970-05-10,1561,-3.219,9.900,-46.100,28.000,0.742,RGO
1970-05-10,1561,-3.219,13.800,0.900,14.000,0.294,RGO
1970-05-10,1561,-3.219,27.200,53.300,13.000,0.865,RGO
1970-06-06,1562,-0.058,-15.700,-57.700,222.000,0.860,RGO
1970-06-06,1562,-0.058,-12.800,54.200,145.000,0.823,RGO
1970-06-06,1562,-0.058,8.100,83.200,68.000,0.994,RGO
1970-06-06,1562,-0.058,15.400,-72.500,28.000,0.958,RGO
1970-06-06,1562,-0.058,-19.100,59.600,14.000,0.880,RGO
1970-06-06,1562,-0.058,17.200,-49.300,9.000,0.785,RGO
1970-06-06,1562,-0.058,19.800,32.200,3.000,0.606,RGO
1970-06-06,1562,-0.058,-6.600,-46.600,3.000,0.733,RGO
1970-07-04,1563,3.202,-8.200,8.900,902.000,0.252,RGO
1970-07-04,1563,3.202,-9.500,-34.500,617.000,0.599,RGO
1970-07-04,1563,3.202,21.600,54.200,334.000,0.828,RGO
1970-07-04,1563,3.202,-3.500,27.600,298.000,0.477,RGO
1970-07-04,1563,3.202,8.100,14.700,200.000,0.266,RGO
1970-07-04,1563,3.202,16.600,-83.300,109.000,0.992,RGO
1970-07-04,1563,3.202,14.500,-10.900,77.000,0.270,RGO
1970-07-04,1563,3.202,10.200,-39.000,40.000,0.635,RGO
1970-07-04,1563,3.202,-19.800,2.300,26.000,0.396,RGO
1970-07-04,1563,3.202,13.000,68.100,18.000,0.928,RGO
1970-07-04,1563,3.202,-7.500,56.000,17.000,0.840,RGO
1970-07-31,1564,5.710,5.400,28.200,577.000,0.472,RGO
1970-07-31,1564,5.710,-8.800,-0.900,219.000,0.253,RGO
1970-07-31,1564,5.710,24.700,44.800,168.000,0.732,RGO
1970-07-31,1564,5.710,-8.700,-25.200,106.000,0.486,RGO
1970-07-31,1564,5.710,18.300,49.200,28.000,0.763,RGO
1970-07-31,1564,5.710,-12.700,48.700,28.000,0.787,RGO
1970-07-31,1564,5.710,13.100,-60.200,18.000,0.866,RGO
1970-07-31,1564,5.710,10.600,1.700,13.000,0.091,RGO
1970-07-31,1564,5.710,8.700,13.100,5.000,0.231,RGO
1970-07-31,1564,5.710,-2.000,26.600,3.000,0.466,RGO
1970-08-27,1565,7.090,12.700,-3.700,260.000,0.118,RGO
1970-08-27,1565,7.090,12.700,-37.700,162.000,0.612,RGO
1970-08-27,1565,7.090,18.700,43.300,114.000,0.693,RGO
1970-08-27,1565,7.090,-10.200,-18.400,114.000,0.427,RGO
1970-08-27,1565,7.090,4.900,29.800,108.000,0.497,RGO
1970-08-27,1565,7.090,-7.000,-17.400,38.000,0.382,RGO
1970-08-27,1565,7.090,20.100,77.100,36.000,0.969,RGO
1970-08-27,1565,7.090,19.900,-86.600,35.000,0.996,RGO
1970-08-27,1565,7.090,-12.600,-64.700,6.000,0.924,RGO
1970-09-24,1566,6.996,20.400,34.100,467.000,0.585,RGO
1970-09-24,1566,6.996,-6.900,-66.700,426.000,0.929,RGO
1970-09-24,1566,6.996,12.400,-23.900,339.000,0.411,RGO
1970-09-24,1566,6.996,7.600,53.400,276.000,0.800,RGO
1970-09-24,1566,6.996,21.200,77.400,247.000,0.970,RGO
1970-09-24,1566,6.996,21.900,-31.500,53.000,0.559,RGO
1970-09-24,1566,6.996,-18.500,-29.700,20.000,0.629,RGO
1970-09-24,1566,6.996,23.400,-79.800,16.000,0.979,RGO
1970-09-24,1566,6.996,14.800,-77.300,9.000,0.971,RGO
1970-09-24,1566,6.996,15.200,-63.700,5.000,0.892,RGO
1970-09-24,1566,6.996,14.100,-5.200,2.000,0.153,RGO
1970-10-21,1567,5.396,13.800,-55.200,358.000,0.820,RGO
1970-10-21,1567,5.396,9.200,39.900,179.000,0.642,RGO
1970-10-21,1567,5.396,11.500,-8.900,141.000,0.186,RGO
1970-10-21,1567,5.396,17.600,36.500,108.000,0.614,RGO
1970-10-21,1567,5.396,12.800,-24.200,46.000,0.424,RGO
1970-10-21,1567,5.396,-6.600,-70.700,41.000,0.950,RGO
1970-10-21,1567,5.396,10.000,53.500,14.000,0.803,RGO
1970-11-17,1568,2.608,15.600,37.300,2511.000,0.630,RGO
1970-11-17,1568,2.608,3.400,-18.500,450.000,0.319,RGO
1970-11-17,1568,2.608,-10.300,7.600,370.000,0.258,RGO
1970-11-17,1568,2.608,8.000,2.300,149.000,0.102,RGO
1970-11-17,1568,2.608,14.500,2.400,71.000,0.212,RGO
1970-11-17,1568,2.608,-8.000,61.500,47.000,0.886,RGO
1970-11-17,1568,2.608,7.100,-11.100,17.000,0.208,RGO
1970-11-17,1568,2.608,12.700,-54.100,8.000,0.816,RGO
1970-12-14,1569,-0.783,13.300,-79.800,626.000,0.987,RGO
1970-12-14,1569,-0.783,-5.100,55.900,430.000,0.830,RGO
1970-12-14,1569,-0.783,18.300,-67.800,354.000,0.937,RGO
1970-12-14,1569,-0.783,14.600,34.400,269.000,0.609,RGO
1970-12-14,1569,-0.783,12.600,4.600,269.000,0.246,RGO
1970-12-14,1569,-0.783,-8.000,-64.500,25.000,0.906,RGO
1970-12-14,1569,-0.783,5.000,-6.700,5.000,0.156,RGO
1971-01-11,1570,-4.124,-6.300,17.000,788.000,0.295,RGO
1971-01-11,1570,-4.124,19.500,-53.300,171.000,0.845,RGO
1971-01-11,1570,-4.124,-10.900,-18.900,59.000,0.342,RGO
1971-01-11,1570,-4.124,-11.000,-71.900,48.000,0.949,RGO
1971-01-11,1570,-4.124,18.400,-62.400,13.000,0.911,RGO
1971-01-11,1570,-4.124,-19.700,23.600,10.000,0.468,RGO
1971-01-11,1570,-4.124,-0.400,5.100,5.000,0.110,RGO
1971-02-07,1571,-6.409,5.900,71.000,1265.000,0.952,RGO
1971-02-07,1571,-6.409,24.800,54.600,386.000,0.881,RGO
1971-02-07,1571,-6.409,-6.300,15.700,279.000,0.270,RGO
1971-02-07,1571,-6.409,18.600,-61.000,53.000,0.909,RGO
1971-02-07,1571,-6.409,8.800,-45.400,20.000,0.743,RGO
1971-02-07,1571,-6.409,-38.000,-22.100,12.000,0.610,RGO
1971-02-07,1571,-6.409,14.900,-25.600,11.000,0.549,RGO
1971-02-07,1571,-6.409,-14.700,58.500,8.000,0.849,RGO
1971-02-07,1571,-6.409,7.200,-11.600,6.000,0.309,RGO
1971-02-07,1571,-6.409,-4.400,29.200,5.000,0.488,RGO
1971-03-06,1572,-7.250,24.900,43.100,165.000,0.798,RGO
1971-03-06,1572,-7.250,8.300,32.700,150.000,0.591,RGO
1971-03-06,1572,-7.250,6.700,72.400,112.000,0.960,RGO
1971-03-06,1572,-7.250,-14.400,61.000,36.000,0.869,RGO
1971-03-06,1572,-7.250,-2.900,18.500,18.000,0.325,RGO
1971-03-06,1572,-7.250,-13.100,-19.500,10.000,0.345,RGO
1971-03-06,1572,-7.250,-11.800,-12.700,4.000,0.234,RGO
1971-04-02,1573,-6.499,-19.200,28.100,490.000,0.503,RGO
1971-04-02,1573,-6.499,-13.900,63.600,69.000,0.892,RGO
1971-04-02,1573,-6.499,12.800,1.100,66.000,0.331,RGO
1971-04-02,1573,-6.499,-19.000,-24.000,49.000,0.449,RGO
1971-04-02,1573,-6.499,12.900,-63.300,33.000,0.914,RGO
1971-04-02,1573,-6.499,-10.900,15.700,6.000,0.279,RGO
1971-04-02,1573,-6.499,-12.900,24.200,4.000,0.418,RGO
1971-04-30,1574,-4.290,7.200,32.300,162.000,0.565,RGO
1971-04-30,1574,-4.290,-5.300,-10.700,146.000,0.186,RGO
1971-04-30,1574,-4.290,-14.200,-59.000,15.000,0.858,RGO
1971-04-30,1574,-4.290,-11.900,43.600,11.000,0.694,RGO
1971-05-27,1575,-1.292,10.900,-20.800,330.000,0.409,RGO
1971-05-27,1575,-1.292,-7.900,26.600,154.000,0.460,RGO
1971-06-23,1576,1.937,-11.800,80.500,52.000,0.989,RGO
1971-06-23,1576,1.937,10.200,-19.500,48.000,0.361,RGO
1971-06-23,1576,1.937,-18.400,-10.000,36.000,0.386,RGO
1971-06-23,1576,1.937,13.000,-67.900,22.000,0.929,RGO
1971-06-23,1576,1.937,-3.700,-7.100,13.000,0.158,RGO
1971-06-23,1576,1.937,12.100,-49.000,4.000,0.763,RGO
1971-07-21,1577,4.866,5.500,38.800,436.000,0.627,RGO
1971-07-21,1577,4.866,9.400,23.600,110.000,0.407,RGO
1971-07-21,1577,4.866,13.200,-1.500,104.000,0.148,RGO
1971-07-21,1577,4.866,15.100,70.100,74.000,0.939,RGO
1971-07-21,1577,4.866,7.500,9.400,36.000,0.169,RGO
1971-07-21,1577,4.866,11.300,-46.900,10.000,0.731,RGO
1971-07-21,1577,4.866,15.100,-14.200,8.000,0.298,RGO
1971-07-21,1577,4.866,15.700,-59.500,4.000,0.862,RGO
1971-08-17,1578,6.724,-12.400,-82.100,310.000,0.995,RGO
1971-08-17,1578,6.724,12.600,-37.000,178.000,0.604,RGO
1971-08-17,1578,6.724,16.600,-61.000,76.000,0.871,RGO
1971-08-17,1578,6.724,-14.700,22.100,32.000,0.511,RGO
1971-08-17,1578,6.724,14.600,-10.600,26.000,0.228,RGO
1971-08-17,1578,6.724,13.600,0.100,16.000,0.120,RGO
1971-09-13,1579,7.230,4.200,-77.700,201.000,0.977,RGO
1971-09-13,1579,7.230,-15.300,3.200,90.000,0.389,RGO
1971-09-13,1579,7.230,12.600,-39.000,80.000,0.629,RGO
1971-09-13,1579,7.230,-12.900,-79.800,63.000,0.990,RGO
1971-09-13,1579,7.230,12.700,-67.100,8.000,0.917,RGO
1971-10-10,1580,6.232,10.700,79.200,229.000,0.980,RGO
1971-10-10,1580,6.232,10.200,21.000,15.000,0.363,RGO
1971-10-10,1580,6.232,11.700,-41.500,13.000,0.662,RGO
1971-11-07,1581,3.775,-9.500,12.600,362.000,0.315,RGO
1971-11-07,1581,3.775,-19.000,9.500,65.000,0.418,RGO
1971-11-07,1581,3.775,10.400,8.500,32.000,0.188,RGO
1971-11-07,1581,3.775,9.300,-25.800,17.000,0.444,RGO
1971-11-07,1581,3.775,-7.100,-23.300,4.000,0.434,RGO
1971-12-04,1582,0.529,-4.400,-33.300,354.000,0.556,RGO
1971-12-04,1582,0.529,-11.800,41.200,58.000,0.680,RGO
1971-12-04,1582,0.529,-15.000,36.800,10.000,0.639,RGO
1971-12-04,1582,0.529,-13.300,-62.300,5.000,0.895,RGO
1971-12-31,1583,-2.858,-3.900,-32.100,164.000,0.532,RGO
1971-12-31,1583,-2.858,-7.700,-0.900,154.000,0.086,RGO
1971-12-31,1583,-2.858,-13.900,56.100,85.000,0.836,RGO
1971-12-31,1583,-2.858,21.800,-30.000,48.000,0.622,RGO
1971-12-31,1583,-2.858,-17.500,-57.900,24.000,0.855,RGO
1971-12-31,1583,-2.858,-13.500,48.200,6.000,0.755,RGO
1972-01-28,1584,-5.691,-7.900,52.900,136.000,0.796,RGO
1972-01-28,1584,-5.691,13.600,-26.600,95.000,0.543,RGO
1972-01-28,1584,-5.691,-15.100,50.700,51.000,0.775,RGO
1972-01-28,1584,-5.691,-13.000,-12.800,47.000,0.253,RGO
1972-01-28,1584,-5.691,14.100,-39.900,35.000,0.700,RGO
1972-01-28,1584,-5.691,-13.300,60.200,29.000,0.866,RGO
1972-01-28,1584,-5.691,-17.700,-11.000,24.000,0.279,RGO
1972-01-28,1584,-5.691,9.000,-46.500,10.000,0.753,RGO
1972-01-28,1584,-5.691,-5.300,-1.200,4.000,0.022,RGO
1972-02-24,1585,-7.119,7.300,30.400,778.000,0.556,RGO
1972-02-24,1585,-7.119,-17.700,-11.200,661.000,0.263,RGO
1972-02-24,1585,-7.119,11.900,22.000,437.000,0.487,RGO
1972-02-24,1585,-7.119,-15.500,46.100,146.000,0.720,RGO
1972-02-24,1585,-7.119,-5.900,67.100,11.000,0.920,RGO
1972-02-24,1585,-7.119,14.400,-28.000,5.000,0.578,RGO
1972-02-24,1585,-7.119,15.100,36.700,4.000,0.680,RGO
1972-03-22,1586,-6.964,8.100,-29.200,485.000,0.544,RGO
1972-03-22,1586,-6.964,8.500,27.200,294.000,0.519,RGO
1972-03-22,1586,-6.964,-19.500,14.900,193.000,0.329,RGO
1972-03-22,1586,-6.964,-11.200,-51.300,19.000,0.777,RGO
1972-03-22,1586,-6.964,-7.600,68.900,18.000,0.930,RGO
1972-03-22,1586,-6.964,8.900,-0.700,15.000,0.275,RGO
1972-03-22,1586,-6.964,-21.000,-17.500,7.000,0.377,RGO
1972-04-18,1587,-5.323,-10.200,-44.200,622.000,0.697,RGO
1972-04-18,1587,-5.323,7.800,22.800,73.000,0.444,RGO
1972-04-18,1587,-5.323,-6.900,2.100,55.000,0.046,RGO
1972-04-18,1587,-5.323,-13.100,-31.400,21.000,0.531,RGO
1972-04-18,1587,-5.323,-10.200,52.700,13.000,0.795,RGO
1972-04-18,1587,-5.323,7.000,-49.200,7.000,0.776,RGO
1972-05-16,1588,-2.492,-13.700,-55.300,1045.000,0.829,RGO
1972-05-16,1588,-2.492,-5.100,-23.000,566.000,0.395,RGO
1972-05-16,1588,-2.492,-7.500,16.100,518.000,0.290,RGO
1972-05-16,1588,-2.492,13.200,-55.800,182.000,0.846,RGO
1972-05-16,1588,-2.492,-9.400,-33.400,40.000,0.560,RGO
1972-05-16,1588,-2.492,7.500,-44.600,28.000,0.718,RGO
1972-05-16,1588,-2.492,-13.200,-11.100,14.000,0.266,RGO
1972-05-16,1588,-2.492,13.200,11.000,7.000,0.328,RGO
1972-06-12,1589,0.724,-8.800,82.500,922.000,0.992,RGO
1972-06-12,1589,0.724,-13.300,-56.000,646.000,0.844,RGO
1972-06-12,1589,0.724,10.700,-53.600,8.000,0.813,RGO
1972-07-09,1590,3.781,8.300,18.000,298.000,0.318,RGO
1972-07-09,1590,3.781,-11.800,-65.000,112.000,0.918,RGO
1972-07-09,1590,3.781,-9.500,-6.600,110.000,0.257,RGO
1972-07-09,1590,3.781,-3.300,26.300,39.000,0.460,RGO
1972-07-09,1590,3.781,15.700,-49.300,17.000,0.766,RGO
1972-07-09,1590,3.781,-15.100,-41.100,17.000,0.708,RGO
1972-07-09,1590,3.781,17.600,-57.500,8.000,0.849,RGO
1972-08-05,1591,6.095,13.000,7.400,1221.000,0.176,RGO
1972-08-05,1591,6.095,-3.200,26.300,156.000,0.469,RGO
1972-08-05,1591,6.095,-13.100,77.400,71.000,0.983,RGO
1972-08-05,1591,6.095,-7.900,19.800,44.000,0.413,RGO
1972-08-05,1591,6.095,-16.900,63.500,25.000,0.921,RGO
1972-08-05,1591,6.095,-6.500,-7.000,17.000,0.250,RGO
1972-08-05,1591,6.095,-18.500,51.300,6.000,0.833,RGO
1972-09-02,1592,7.213,-7.200,34.000,153.000,0.602,RGO
1972-09-02,1592,7.213,16.100,-1.000,131.000,0.155,RGO
1972-09-02,1592,7.213,-8.500,-32.400,130.000,0.589,RGO
1972-09-02,1592,7.213,13.300,19.200,69.000,0.341,RGO
1972-09-02,1592,7.213,17.400,-16.700,36.000,0.330,RGO
1972-09-02,1592,7.213,-5.700,45.200,22.000,0.732,RGO
1972-09-02,1592,7.213,-3.200,23.800,11.000,0.439,RGO
1972-09-02,1592,7.213,-23.800,-19.500,7.000,0.595,RGO
1972-09-02,1592,7.213,-13.600,43.100,3.000,0.741,RGO
1972-09-29,1593,6.786,16.600,-84.500,199.000,0.993,RGO
1972-09-29,1593,6.786,-5.600,41.200,131.000,0.684,RGO
1972-09-29,1593,6.786,-6.000,45.600,83.000,0.737,RGO
1972-09-29,1593,6.786,-7.700,-24.100,65.000,0.472,RGO
1972-09-29,1593,6.786,-9.100,-83.300,57.000,0.996,RGO
1972-09-29,1593,6.786,19.700,-85.300,56.000,0.994,RGO
1972-09-29,1593,6.786,-9.200,-19.600,53.000,0.428,RGO
1972-09-29,1593,6.786,6.900,-52.000,12.000,0.786,RGO
1972-09-29,1593,6.786,4.700,14.900,2.000,0.259,RGO
1972-10-26,1594,4.911,-11.500,-46.100,2250.000,0.753,RGO
1972-10-26,1594,4.911,-14.800,57.200,448.000,0.868,RGO
1972-10-26,1594,4.911,-9.700,-9.800,137.000,0.303,RGO
1972-10-26,1594,4.911,-16.800,-12.400,72.000,0.422,RGO
1972-10-26,1594,4.911,-6.100,42.900,16.000,0.700,RGO
1972-10-26,1594,4.911,-12.700,-24.400,4.000,0.500,RGO
1972-10-26,1594,4.911,-14.500,28.600,3.000,0.567,RGO
1972-11-23,1595,1.821,-13.100,67.100,226.000,0.930,RGO
1972-11-23,1595,1.821,-6.700,17.800,169.000,0.339,RGO
1972-11-23,1595,1.821,-9.300,-27.800,153.000,0.499,RGO
1972-11-23,1595,1.821,-2.300,-52.300,131.000,0.795,RGO
1972-11-23,1595,1.821,-14.400,59.800,119.000,0.880,RGO
1972-11-23,1595,1.821,-6.900,-2.500,17.000,0.158,RGO
1972-12-20,1596,-1.605,-20.000,67.800,272.000,0.932,RGO
1972-12-20,1596,-1.605,15.800,-11.800,272.000,0.360,RGO
1972-12-20,1596,-1.605,16.900,-41.600,19.000,0.711,RGO
1972-12-20,1596,-1.605,-7.600,-0.300,18.000,0.105,RGO
1972-12-20,1596,-1.605,11.100,-47.200,16.000,0.753,RGO
1972-12-20,1596,-1.605,3.500,-74.200,16.000,0.964,RGO
1973-01-16,1597,-4.685,10.600,-40.900,269.000,0.691,RGO
1973-01-16,1597,-4.685,-3.300,4.600,3.000,0.083,RGO
1973-02-12,1598,-6.707,-16.600,-54.700,198.000,0.815,RGO
1973-02-12,1598,-6.707,11.200,12.200,153.000,0.371,RGO
1973-02-12,1598,-6.707,6.500,9.500,106.000,0.282,RGO
1973-02-12,1598,-6.707,-9.100,-76.500,47.000,0.970,RGO
1973-02-12,1598,-6.707,12.300,26.400,26.000,0.538,RGO
1973-02-12,1598,-6.707,-16.900,10.000,26.000,0.245,RGO
1973-02-12,1598,-6.707,-4.200,-30.000,13.000,0.501,RGO
1973-02-12,1598,-6.707,14.000,1.300,11.000,0.355,RGO
1973-02-12,1598,-6.707,9.900,3.000,8.000,0.291,RGO
1973-03-12,1599,-7.212,-7.200,-14.700,523.000,0.253,RGO
1973-03-12,1599,-7.212,-12.500,-26.200,283.000,0.446,RGO
1973-03-12,1599,-7.212,12.200,31.600,249.000,0.603,RGO
1973-03-12,1599,-7.212,-18.500,23.000,86.000,0.425,RGO
1973-03-12,1599,-7.212,7.200,-46.700,23.000,0.754,RGO
1973-04-08,1600,-6.101,-9.100,-35.000,499.000,0.573,RGO
1973-04-08,1600,-6.101,-6.100,84.400,229.000,0.995,RGO
1973-04-08,1600,-6.101,11.600,42.000,115.000,0.715,RGO
1973-04-08,1600,-6.101,-7.700,1.200,55.000,0.036,RGO
1973-04-08,1600,-6.101,-13.100,-6.400,28.000,0.164,RGO
1973-04-08,1600,-6.101,-14.400,-17.100,11.000,0.322,RGO
1973-04-08,1600,-6.101,-10.900,-23.300,5.000,0.401,RGO
1973-05-05,1601,-3.730,-13.000,-25.200,724.000,0.449,RGO
1973-05-05,1601,-3.730,-13.000,-62.800,50.000,0.890,RGO
1973-05-05,1601,-3.730,-13.100,15.100,23.000,0.304,RGO
1973-05-05,1601,-3.730,-10.600,-41.700,3.000,0.670,RGO
1973-06-01,1602,-0.634,15.700,65.300,87.000,0.918,RGO
1973-06-29,1603,2.677,12.400,-81.200,424.000,0.988,RGO
1973-06-29,1603,2.677,-7.900,72.800,157.000,0.959,RGO
1973-06-29,1603,2.677,-6.900,-72.800,64.000,0.959,RGO
1973-06-29,1603,2.677,-13.000,50.500,34.000,0.795,RGO
1973-06-29,1603,2.677,-2.300,59.800,7.000,0.867,RGO
1973-07-26,1604,5.337,-5.000,-66.100,185.000,0.921,RGO
1973-08-22,1605,6.945,12.700,-16.800,23.000,0.301,RGO
1973-09-19,1606,7.128,13.800,-21.400,54.000,0.379,RGO
1973-10-16,1607,5.778,-4.600,40.500,65.000,0.668,RGO
1973-10-16,1607,5.778,12.100,56.500,4.000,0.832,RGO
1973-11-12,1608,3.164,,,0.000,,RGO
1973-12-09,1609,-0.173,2.700,-58.000,48.000,0.851,RGO
1974-01-06,1610,-3.605,-30.500,26.800,3.000,0.603,RGO
1974-02-02,1611,-6.100,15.000,65.200,3.000,0.928,RGO
1974-02-02,1611,-6.100,-5.700,-29.200,2.000,0.488,RGO
1974-02-02,1611,-6.100,10.400,20.000,1.000,0.438,RGO
1974-03-01,1612,-7.218,4.700,-30.600,26.000,0.543,RGO
1974-03-01,1612,-7.218,6.800,-2.900,14.000,0.248,RGO
1974-03-01,1612,-7.218,27.200,-5.700,3.000,0.574,RGO
1974-03-29,1613,-6.695,-9.200,62.100,121.000,0.881,RGO
1974-03-29,1613,-6.695,7.100,47.100,59.000,0.756,RGO
1974-04-25,1614,-4.748,-8.300,-6.100,138.000,0.122,RGO
1974-05-22,1615,-1.856,-14.600,-15.000,19.000,0.336,RGO
1974-05-22,1615,-1.856,-16.700,9.300,1.000,0.302,RGO
1974-06-18,1616,1.378,-14.200,-11.200,225.000,0.330,RGO
1974-06-18,1616,1.378,5.800,63.000,48.000,0.892,RGO
1974-07-16,1617,4.425,-8.200,25.200,446.000,0.473,RGO
1974-07-16,1617,4.425,-12.400,-13.200,364.000,0.366,RGO
1974-07-16,1617,4.425,-13.500,-53.800,96.000,0.835,RGO
1974-07-16,1617,4.425,-13.400,12.100,12.000,0.368,RGO
1974-07-16,1617,4.425,-4.100,-10.900,8.000,0.242,RGO
1974-08-12,1618,6.485,-6.300,-11.300,414.000,0.294,RGO
1974-08-12,1618,6.485,-8.400,26.500,301.000,0.507,RGO
1974-08-12,1618,6.485,-17.700,-15.100,55.000,0.478,RGO
1974-08-12,1618,6.485,-6.600,15.400,49.000,0.347,RGO
1974-08-12,1618,6.485,8.200,-40.200,19.000,0.643,RGO
1974-08-12,1618,6.485,8.600,-29.900,9.000,0.497,RGO
1974-09-08,1619,7.250,-7.100,23.700,125.000,0.466,RGO
1974-09-08,1619,7.250,-3.000,-10.900,125.000,0.260,RGO
1974-09-08,1619,7.250,-14.000,-18.300,5.000,0.471,RGO
1974-10-05,1620,6.515,-5.700,16.400,376.000,0.349,RGO
1974-10-05,1620,6.515,10.800,-71.700,151.000,0.947,RGO
1974-10-05,1620,6.515,11.100,-86.300,119.000,0.997,RGO
1974-10-05,1620,6.515,-18.800,-45.600,69.000,0.786,RGO
1974-10-05,1620,6.515,8.700,20.400,52.000,0.348,RGO
1974-10-05,1620,6.515,5.700,-57.600,31.000,0.844,RGO
1974-10-05,1620,6.515,-11.700,55.900,30.000,0.854,RGO
1974-10-05,1620,6.515,-11.300,-66.600,6.000,0.933,RGO
1974-10-05,1620,6.515,-9.600,27.800,4.000,0.532,RGO
1974-10-05,1620,6.515,26.500,31.900,1.000,0.594,RGO
1974-11-02,1621,4.277,12.400,-66.700,136.000,0.918,RGO
1974-11-02,1621,4.277,-5.900,34.100,75.000,0.583,RGO
1974-11-02,1621,4.277,10.800,-72.800,11.000,0.954,RGO
1974-11-29,1622,1.135,4.100,41.300,19.000,0.663,RGO
1974-12-26,1623,-2.284,5.800,35.800,61.000,0.600,RGO
1975-01-23,1624,-5.290,6.500,42.800,5.000,0.701,RGO
1975-01-23,1624,-5.290,3.500,9.900,4.000,0.230,RGO
1975-02-19,1625,-6.978,,,0.000,,RGO
1975-03-18,1626,-7.107,-14.400,52.500,191.000,0.791,RGO
1975-04-14,1627,-5.706,,,0.000,,RGO
1975-05-12,1628,-3.029,-7.000,-50.000,4.000,0.768,RGO
1975-06-08,1629,0.149,,,0.000,,RGO
1975-07-05,1630,3.279,6.600,64.300,387.000,0.901,RGO
1975-07-05,1630,3.279,4.600,-62.200,43.000,0.886,RGO
1975-08-01,1631,5.763,5.000,-51.400,572.000,0.781,RGO
1975-08-01,1631,5.763,7.600,67.400,18.000,0.921,RGO
1975-08-29,1632,7.131,-14.700,64.400,104.000,0.925,RGO
1975-08-29,1632,7.131,-0.100,-30.800,5.000,0.526,RGO
1975-09-25,1633,6.972,,,0.000,,RGO
1975-10-22,1634,5.335,,,0.000,,RGO
1975-11-19,1635,2.403,-6.900,-5.100,538.000,0.184,RGO
1975-11-19,1635,2.403,5.200,47.900,115.000,0.744,RGO
1975-12-16,1636,-1.002,-6.700,-9.200,17.000,0.189,RGO
1976-01-12,1637,-4.200,-11.400,-73.700,172.000,0.959,RGO
1976-01-12,1637,-4.200,-8.700,36.400,12.000,0.596,RGO
1976-02-08,1638,-6.452,,,0.000,,RGO
1976-03-07,1639,-7.249,-4.600,54.900,32.000,0.818,RGO
1976-03-07,1639,-7.249,-8.300,47.400,6.000,0.733,RGO
1976-04-03,1640,-6.401,-8.300,44.500,586.000,0.698,RGO
1976-04-30,1641,-4.219,-8.800,40.400,605.000,0.650,RGO
1976-05-27,1642,-1.206,,,0.000,,RGO
1976-06-24,1643,2.135,-26.800,-41.500,122.000,0.761,RGO
1976-06-24,1643,2.135,-1.100,29.600,8.000,0.500,RGO
1976-06-24,1643,2.135,0.200,76.400,5.000,0.973,RGO
1976-07-21,1644,4.930,,,0.000,,RGO
1976-08-17,1645,6.756,-2.200,17.800,107.000,0.340,RGO
1976-09-14,1646,7.212,-20.000,43.800,45.000,0.779,RGO
1976-10-11,1647,6.119,,,0.000,,RGO
1976-11-07,1648,3.697,,,0.000,,RGO
1976-12-04,1649,0.438,,,0.000,,RGO
1977-01-01,1650,-3.060,-19.500,21.290,148.960,0.490,Kislovodsk
1977-01-28,1651,-5.747,-19.500,53.790,117.600,0.800,Kislovodsk
1977-02-24,1652,-7.135,-19.000,51.400,79.380,0.780,Kislovodsk
1977-03-24,1653,-6.901,-31.000,55.610,27.440,0.840,Kislovodsk
1977-03-24,1653,-6.901,25.000,48.280,9.800,0.820,Kislovodsk
1977-04-20,1654,-5.177,-20.500,25.760,167.580,0.490,Kislovodsk
1977-04-20,1654,-5.177,-27.500,74.350,8.820,0.960,Kislovodsk
1977-04-20,1654,-5.177,-26.500,62.200,5.880,0.890,Kislovodsk
1977-05-17,1655,-2.410,-22.000,13.500,70.560,0.400,Kislovodsk
1977-06-13,1656,0.810,-24.500,56.750,119.560,0.870,Kislovodsk
1977-08-07,1658,6.206,25.000,-30.550,427.280,0.570,Kislovodsk
1977-09-03,1659,7.222,24.500,-44.680,176.400,0.720,Kislovodsk
1977-09-03,1659,7.222,16.000,-16.830,129.360,0.320,Kislovodsk
1977-09-03,1659,7.222,29.000,69.310,6.860,0.930,Kislovodsk
1977-09-03,1659,7.222,-30.500,43.350,4.900,0.830,Kislovodsk
1977-09-30,1660,6.754,-20.000,-59.320,232.260,0.900,Kislovodsk
1977-09-30,1660,6.754,15.500,-18.910,212.660,0.350,Kislovodsk
1977-09-30,1660,6.754,21.000,-63.490,138.180,0.890,Kislovodsk
1977-09-30,1660,6.754,20.000,42.050,42.140,0.680,Kislovodsk
1977-10-28,1661,4.749,-23.000,-85.420,100.940,0.990,Kislovodsk
1977-10-28,1661,4.749,32.500,-24.810,78.400,0.590,Kislovodsk
1977-10-28,1661,4.749,22.000,-21.970,40.180,0.460,Kislovodsk
1977-11-24,1662,1.732,24.500,63.760,91.140,0.910,Kislovodsk
1977-11-24,1662,1.732,25.000,31.570,53.900,0.620,Kislovodsk
1977-12-21,1663,-1.695,22.500,-34.330,224.420,0.660,Kislovodsk
1977-12-21,1663,-1.695,14.500,31.050,31.360,0.570,Kislovodsk
1978-01-18,1664,-4.852,19.000,73.310,50.960,0.970,Kislovodsk
1978-01-18,1664,-4.852,-26.000,10.890,13.720,0.400,Kislovodsk
1978-02-14,1665,-6.788,15.500,33.280,1879.640,0.640,Kislovodsk
1978-02-14,1665,-6.788,30.000,-72.530,840.840,0.980,Kislovodsk
1978-02-14,1665,-6.788,19.500,75.240,163.660,0.980,Kislovodsk
1978-02-14,1665,-6.788,26.000,70.700,158.760,0.970,Kislovodsk
1978-02-14,1665,-6.788,-25.500,-4.810,52.920,0.330,Kislovodsk
1978-02-14,1665,-6.788,-28.000,31.880,46.060,0.600,Kislovodsk
1978-02-14,1665,-6.788,-30.000,-7.300,10.780,0.410,Kislovodsk
1978-03-13,1666,-7.202,-33.500,-46.560,916.300,0.770,Kislovodsk
1978-03-13,1666,-7.202,15.000,-8.010,654.640,0.400,Kislovodsk
1978-03-13,1666,-7.202,16.000,32.660,366.520,0.640,Kislovodsk
1978-03-13,1666,-7.202,21.000,78.420,294.000,0.990,Kislovodsk
1978-03-13,1666,-7.202,-2.500,-7.950,131.320,0.160,Kislovodsk
1978-03-13,1666,-7.202,-29.000,-26.170,31.360,0.550,Kislovodsk
1978-03-13,1666,-7.202,28.000,60.870,26.460,0.930,Kislovodsk
1978-04-09,1667,-6.052,20.000,28.570,438.060,0.620,Kislovodsk
1978-04-09,1667,-6.052,22.000,75.010,256.760,0.980,Kislovodsk
1978-04-09,1667,-6.052,15.000,-71.760,195.020,0.940,Kislovodsk
1978-04-09,1667,-6.052,34.000,-44.720,95.060,0.850,Kislovodsk
1978-04-09,1667,-6.052,-29.500,-33.150,93.100,0.630,Kislovodsk
1978-04-09,1667,-6.052,-27.500,3.580,40.180,0.370,Kislovodsk
1978-04-09,1667,-6.052,15.000,1.430,37.240,0.360,Kislovodsk
1978-04-09,1667,-6.052,16.000,-23.430,30.380,0.530,Kislovodsk
1978-04-09,1667,-6.052,35.000,-47.190,9.800,0.870,Kislovodsk
1978-05-07,1668,-3.548,23.500,79.570,1087.800,0.990,Kislovodsk
1978-05-07,1668,-3.548,24.000,64.490,599.760,0.930,Kislovodsk
1978-05-07,1668,-3.548,17.000,-72.480,311.640,0.960,Kislovodsk
1978-05-07,1668,-3.548,17.000,-61.600,278.320,0.900,Kislovodsk
1978-05-07,1668,-3.548,-27.000,-13.450,152.880,0.450,Kislovodsk
1978-05-07,1668,-3.548,17.500,-7.570,113.680,0.380,Kislovodsk
1978-05-07,1668,-3.548,-8.000,-18.980,15.680,0.340,Kislovodsk
1978-05-07,1668,-3.548,-20.000,24.920,2.940,0.490,Kislovodsk
1978-06-03,1669,-0.426,22.230,40.100,328.600,0.711,Debrecen
1978-06-03,1669,-0.426,24.550,64.650,152.640,0.924,Debrecen
1978-06-03,1669,-0.426,-16.950,82.250,58.300,0.992,Debrecen
1978-06-03,1669,-0.426,-26.050,10.770,48.760,0.467,Debrecen
1978-06-03,1669,-0.426,-16.320,64.590,36.040,0.911,Debrecen
1978-06-03,1669,-0.426,17.650,-71.550,31.800,0.955,Debrecen
1978-06-03,1669,-0.426,-21.920,-17.710,13.780,0.465,Debrecen
1978-06-03,1669,-0.426,-17.300,53.790,3.180,0.826,Debrecen
1978-06-03,1669,-0.426,14.430,-3.410,3.180,0.264,Debrecen
1978-06-03,1669,-0.426,-23.470,22.820,1.060,0.532,Debrecen
1978-06-03,1669,-0.426,-16.120,41.270,1.060,0.692,Debrecen
1978-06-03,1669,-0.426,34.310,0.090,1.060,0.571,Debrecen
1978-06-30,1670,2.757,17.000,-83.450,753.620,0.990,Kislovodsk
1978-06-30,1670,2.757,-20.000,44.770,602.700,0.760,Kislovodsk
1978-06-30,1670,2.757,20.000,32.570,288.120,0.590,Kislovodsk
1978-06-30,1670,2.757,16.500,58.760,227.360,0.860,Kislovodsk
1978-06-30,1670,2.757,17.000,-23.050,60.760,0.450,Kislovodsk
1978-06-30,1670,2.757,-15.000,-50.600,47.040,0.800,Kislovodsk
1978-06-30,1670,2.757,25.500,53.440,45.080,0.830,Kislovodsk
1978-06-30,1670,2.757,23.000,-47.660,31.360,0.770,Kislovodsk
1978-06-30,1670,2.757,19.000,-33.040,11.760,0.590,Kislovodsk
1978-07-27,1671,5.395,18.910,-87.100,133.560,0.997,Debrecen
1978-07-27,1671,5.395,35.500,-83.770,39.220,0.990,Debrecen
1978-07-27,1671,5.395,27.810,8.390,10.600,0.405,Debrecen
1978-07-27,1671,5.395,26.840,20.440,7.420,0.506,Debrecen
1978-07-27,1671,5.395,-16.870,-50.350,2.120,0.817,Debrecen
1978-07-27,1671,5.395,-24.270,-34.910,2.120,0.711,Debrecen
1978-08-24,1672,7.002,-19.000,40.620,188.160,0.740,Kislovodsk
1978-08-24,1672,7.002,-17.500,-43.340,75.460,0.750,Kislovodsk
1978-08-24,1672,7.002,10.000,-66.340,22.540,0.900,Kislovodsk
1978-08-24,1672,7.002,21.000,27.440,14.700,0.500,Kislovodsk
1978-08-24,1672,7.002,-21.500,-17.680,5.880,0.550,Kislovodsk
1978-09-20,1673,7.111,36.000,-13.260,1319.080,0.520,Kislovodsk
1978-09-20,1673,7.111,28.500,23.270,310.660,0.510,Kislovodsk
1978-09-20,1673,7.111,24.000,-49.590,301.840,0.770,Kislovodsk
1978-09-20,1673,7.111,16.500,73.070,220.500,0.950,Kislovodsk
1978-09-20,1673,7.111,-13.000,-49.600,138.180,0.820,Kislovodsk
1978-09-20,1673,7.111,37.000,32.570,117.600,0.670,Kislovodsk
1978-09-20,1673,7.111,-22.500,-18.580,88.200,0.570,Kislovodsk
1978-09-20,1673,7.111,-17.000,54.840,71.540,0.860,Kislovodsk
1978-09-20,1673,7.111,-28.500,9.900,66.640,0.600,Kislovodsk
1978-09-20,1673,7.111,14.500,-22.820,49.000,0.400,Kislovodsk
1978-10-17,1674,5.723,-19.500,44.300,592.900,0.770,Kislovodsk
1978-10-17,1674,5.723,21.500,-23.130,441.000,0.460,Kislovodsk
1978-10-17,1674,5.723,30.500,-44.560,415.520,0.750,Kislovodsk
1978-10-17,1674,5.723,29.500,7.590,226.380,0.420,Kislovodsk
1978-10-17,1674,5.723,17.500,-35.760,158.760,0.600,Kislovodsk
1978-10-17,1674,5.723,18.000,64.660,118.580,0.900,Kislovodsk
1978-10-17,1674,5.723,-20.000,59.820,104.860,0.900,Kislovodsk
1978-10-17,1674,5.723,21.500,36.930,70.560,0.630,Kislovodsk
1978-10-17,1674,5.723,-25.000,47.040,34.300,0.820,Kislovodsk
1978-10-17,1674,5.723,-17.500,21.300,27.440,0.520,Kislovodsk
1978-10-17,1674,5.723,14.000,5.310,17.640,0.170,Kislovodsk
1978-11-14,1675,2.966,18.500,55.140,916.300,0.830,Kislovodsk
1978-11-14,1675,2.966,-20.000,16.380,185.220,0.470,Kislovodsk
1978-11-14,1675,2.966,24.500,-6.140,176.400,0.380,Kislovodsk
1978-11-14,1675,2.966,16.000,-78.360,50.960,0.990,Kislovodsk
1978-11-14,1675,2.966,-18.000,-17.880,10.780,0.460,Kislovodsk
1978-11-14,1675,2.966,21.500,17.000,5.880,0.420,Kislovodsk
1978-12-11,1676,-0.393,21.500,-18.990,1146.600,0.480,Kislovodsk
1978-12-11,1676,-0.393,-17.000,40.990,975.100,0.690,Kislovodsk
1978-12-11,1676,-0.393,-16.000,-22.020,955.500,0.450,Kislovodsk
1978-12-11,1676,-0.393,-22.500,40.590,223.440,0.710,Kislovodsk
1978-12-11,1676,-0.393,-19.000,-8.380,172.480,0.340,Kislovodsk
1978-12-11,1676,-0.393,16.000,53.320,160.720,0.820,Kislovodsk
1978-12-11,1676,-0.393,-11.000,-26.830,159.740,0.480,Kislovodsk
1978-12-11,1676,-0.393,26.000,-44.500,65.660,0.770,Kislovodsk
1979-01-07,1677,-3.685,-22.500,79.100,695.800,0.980,Kislovodsk
1979-01-07,1677,-3.685,17.500,-58.710,557.620,0.880,Kislovodsk
1979-01-07,1677,-3.685,-35.500,33.580,372.400,0.700,Kislovodsk
1979-01-07,1677,-3.685,-17.500,-28.700,344.960,0.520,Kislovodsk
1979-01-07,1677,-3.685,-32.000,78.760,209.720,0.980,Kislovodsk
1979-01-07,1677,-3.685,13.500,31.240,190.120,0.580,Kislovodsk
1979-01-07,1677,-3.685,16.000,-72.830,168.560,0.970,Kislovodsk
1979-01-07,1677,-3.685,-19.500,37.440,117.600,0.640,Kislovodsk
1979-01-07,1677,-3.685,-8.000,-73.830,91.140,0.960,Kislovodsk
1979-01-07,1677,-3.685,25.000,-18.900,87.220,0.560,Kislovodsk
1979-01-07,1677,-3.685,-12.500,40.820,61.740,0.660,Kislovodsk
1979-01-07,1677,-3.685,22.000,-77.330,53.900,0.970,Kislovodsk
1979-01-07,1677,-3.685,17.500,51.560,51.940,0.820,Kislovodsk
1979-01-07,1677,-3.685,10.000,-16.120,43.120,0.360,Kislovodsk
1979-01-07,1677,-3.685,28.000,56.170,42.140,0.880,Kislovodsk
1979-01-07,1677,-3.685,-18.500,66.880,19.600,0.920,Kislovodsk
1979-01-07,1677,-3.685,-12.000,51.140,15.680,0.780,Kislovodsk
1979-02-03,1678,-6.150,-11.500,-26.530,595.840,0.450,Kislovodsk
1979-02-03,1678,-6.150,16.000,-76.710,341.040,0.980,Kislovodsk
1979-02-03,1678,-6.150,-20.000,-76.710,328.300,0.960,Kislovodsk
1979-02-03,1678,-6.150,-23.000,72.820,243.040,0.950,Kislovodsk
1979-02-03,1678,-6.150,36.000,-65.710,96.040,0.950,Kislovodsk
1979-02-03,1678,-6.150,15.000,-68.210,35.280,0.930,Kislovodsk
1979-02-03,1678,-6.150,-18.000,-39.770,19.600,0.650,Kislovodsk
1979-03-03,1679,-7.235,16.500,-66.650,335.160,0.940,Kislovodsk
1979-03-03,1679,-7.235,-18.000,-77.370,318.500,0.970,Kislovodsk
1979-03-03,1679,-7.235,-23.000,-12.590,241.080,0.340,Kislovodsk
1979-03-03,1679,-7.235,-19.000,-37.560,143.080,0.620,Kislovodsk
1979-03-03,1679,-7.235,12.000,-58.900,123.480,0.880,Kislovodsk
1979-03-03,1679,-7.235,-33.500,85.040,116.620,0.990,Kislovodsk
1979-03-03,1679,-7.235,-34.000,49.920,112.700,0.800,Kislovodsk
1979-03-03,1679,-7.235,-13.500,-69.480,112.700,0.930,Kislovodsk
1979-03-03,1679,-7.235,-25.000,73.260,80.360,0.950,Kislovodsk
1979-03-03,1679,-7.235,-24.500,84.350,77.420,0.990,Kislovodsk
1979-03-03,1679,-7.235,-20.000,55.400,52.920,0.820,Kislovodsk
1979-03-03,1679,-7.235,36.500,60.950,31.360,0.950,Kislovodsk
1979-03-03,1679,-7.235,12.000,-69.870,19.600,0.970,Kislovodsk
1979-03-03,1679,-7.235,11.000,20.530,14.700,0.460,Kislovodsk
1979-03-03,1679,-7.235,10.000,-26.270,11.760,0.520,Kislovodsk
1979-03-30,1680,-6.660,-23.500,-37.550,945.700,0.640,Kislovodsk
1979-03-30,1680,-6.660,7.000,38.260,325.360,0.650,Kislovodsk
1979-03-30,1680,-6.660,-8.000,-78.710,225.400,0.980,Kislovodsk
1979-03-30,1680,-6.660,31.500,-23.820,216.580,0.700,Kislovodsk
1979-03-30,1680,-6.660,-30.000,58.280,81.340,0.860,Kislovodsk
1979-03-30,1680,-6.660,-16.000,-63.640,65.660,0.890,Kislovodsk
1979-03-30,1680,-6.660,27.500,-6.600,45.080,0.570,Kislovodsk
1979-03-30,1680,-6.660,-22.000,16.820,32.340,0.380,Kislovodsk
1979-03-30,1680,-6.660,-22.000,42.290,31.360,0.680,Kislovodsk
1979-03-30,1680,-6.660,-36.000,-51.140,16.660,0.820,Kislovodsk
1979-04-26,1681,-4.681,18.500,-34.690,921.200,0.660,Kislovodsk
1979-04-26,1681,-4.681,15.500,-82.900,637.000,0.980,Kislovodsk
1979-04-26,1681,-4.681,-26.000,-50.960,487.060,0.800,Kislovodsk
1979-04-26,1681,-4.681,25.000,-68.900,226.380,0.940,Kislovodsk
1979-04-26,1681,-4.681,6.000,43.190,51.940,0.700,Kislovodsk
1979-04-26,1681,-4.681,22.000,1.860,30.380,0.450,Kislovodsk
1979-04-26,1681,-4.681,-24.000,-30.900,24.500,0.590,Kislovodsk
1979-04-26,1681,-4.681,-17.000,17.600,20.580,0.360,Kislovodsk
1979-05-23,1682,-1.772,17.500,-35.330,217.560,0.640,Kislovodsk
1979-05-23,1682,-1.772,-21.500,-10.750,185.220,0.380,Kislovodsk
1979-05-23,1682,-1.772,24.500,49.950,143.080,0.820,Kislovodsk
1979-05-23,1682,-1.772,15.500,-78.780,102.900,0.960,Kislovodsk
1979-05-23,1682,-1.772,-34.000,-58.040,98.000,0.890,Kislovodsk
1979-05-23,1682,-1.772,-18.000,-17.430,95.060,0.400,Kislovodsk
1979-05-23,1682,-1.772,17.500,-44.330,94.080,0.740,Kislovodsk
1979-05-23,1682,-1.772,-30.500,60.800,79.380,0.900,Kislovodsk
1979-05-23,1682,-1.772,26.500,10.390,46.060,0.500,Kislovodsk
1979-06-20,1683,1.580,23.000,32.760,278.320,0.620,Kislovodsk
1979-06-20,1683,1.580,-7.000,-53.530,216.580,0.810,Kislovodsk
1979-06-20,1683,1.580,-24.000,-33.610,124.460,0.640,Kislovodsk
1979-06-20,1683,1.580,7.000,61.620,82.320,0.880,Kislovodsk
1979-06-20,1683,1.580,-29.000,-64.170,76.440,0.930,Kislovodsk
1979-06-20,1683,1.580,-23.000,-75.110,74.480,0.970,Kislovodsk
1979-06-20,1683,1.580,18.000,-41.200,45.080,0.690,Kislovodsk
1979-06-20,1683,1.580,26.000,12.880,36.260,0.460,Kislovodsk
1979-06-20,1683,1.580,7.500,31.570,30.380,0.530,Kislovodsk
1979-06-20,1683,1.580,14.000,2.730,23.520,0.220,Kislovodsk
1979-07-17,1684,4.493,-5.000,-53.320,303.800,0.810,Kislovodsk
1979-07-17,1684,4.493,29.000,-21.720,207.760,0.530,Kislovodsk
1979-07-17,1684,4.493,-28.500,8.770,197.960,0.560,Kislovodsk
1979-07-17,1684,4.493,10.500,49.570,151.900,0.760,Kislovodsk
1979-07-17,1684,4.493,10.000,-83.000,114.660,0.990,Kislovodsk
1979-07-17,1684,4.493,-19.000,34.000,61.740,0.650,Kislovodsk
1979-07-17,1684,4.493,-25.500,54.170,56.840,0.870,Kislovodsk
1979-08-13,1685,6.524,13.500,-10.070,588.980,0.210,Kislovodsk
1979-08-13,1685,6.524,16.500,-63.590,110.740,0.890,Kislovodsk
1979-08-13,1685,6.524,-15.500,25.300,98.980,0.550,Kislovodsk
1979-08-13,1685,6.524,25.000,-10.650,69.580,0.360,Kislovodsk
1979-08-13,1685,6.524,-24.500,-71.410,12.740,0.930,Kislovodsk
1979-09-10,1686,7.248,14.000,55.740,412.580,0.820,Kislovodsk
1979-09-10,1686,7.248,9.000,-49.090,337.120,0.750,Kislovodsk
1979-09-10,1686,7.248,-29.000,32.250,330.260,0.740,Kislovodsk
1979-09-10,1686,7.248,20.000,73.220,294.980,0.950,Kislovodsk
1979-09-10,1686,7.248,15.000,-9.510,286.160,0.210,Kislovodsk
1979-09-10,1686,7.248,-18.500,48.250,147.980,0.810,Kislovodsk
1979-09-10,1686,7.248,27.000,-76.910,105.840,0.940,Kislovodsk
1979-09-10,1686,7.248,-16.000,55.140,38.220,0.860,Kislovodsk
1979-09-10,1686,7.248,-25.500,21.090,35.280,0.620,Kislovodsk
1979-09-10,1686,7.248,25.000,22.710,25.480,0.470,Kislovodsk
1979-09-10,1686,7.248,11.000,3.590,17.640,0.090,Kislovodsk
1979-10-07,1687,6.418,17.000,-36.150,815.360,0.600,Kislovodsk
1979-10-07,1687,6.418,26.000,-27.440,654.640,0.540,Kislovodsk
1979-10-07,1687,6.418,-20.500,53.820,280.280,0.860,Kislovodsk
1979-10-07,1687,6.418,-28.500,38.960,157.780,0.780,Kislovodsk
1979-10-07,1687,6.418,12.000,-62.310,150.920,0.880,Kislovodsk
1979-10-07,1687,6.418,15.000,46.140,136.220,0.720,Kislovodsk
1979-10-07,1687,6.418,-32.500,-45.560,89.180,0.850,Kislovodsk
1979-10-07,1687,6.418,12.500,11.320,82.320,0.220,Kislovodsk
1979-10-07,1687,6.418,-13.500,-21.700,29.400,0.490,Kislovodsk
1979-10-07,1687,6.418,-9.000,-70.940,23.520,0.940,Kislovodsk
1979-10-07,1687,6.418,13.000,-25.940,13.720,0.430,Kislovodsk
1979-10-07,1687,6.418,30.000,-15.940,10.780,0.470,Kislovodsk
1979-10-07,1687,6.418,21.500,-49.440,10.780,0.740,Kislovodsk
1979-11-03,1688,4.204,18.000,14.620,683.060,0.340,Kislovodsk
1979-11-03,1688,4.204,25.000,-31.700,254.800,0.600,Kislovodsk
1979-11-03,1688,4.204,-11.000,-8.620,248.920,0.300,Kislovodsk
1979-11-03,1688,4.204,14.000,-40.710,246.960,0.660,Kislovodsk
1979-11-03,1688,4.204,12.000,-15.110,183.260,0.290,Kislovodsk
1979-11-03,1688,4.204,-15.000,-22.390,108.780,0.490,Kislovodsk
1979-11-03,1688,4.204,12.000,-1.510,60.760,0.180,Kislovodsk
1979-11-03,1688,4.204,26.500,52.800,53.900,0.820,Kislovodsk
1979-11-03,1688,4.204,-22.500,-46.010,8.820,0.830,Kislovodsk
1979-11-30,1689,1.045,-21.000,-49.470,272.440,0.800,Kislovodsk
1979-11-30,1689,1.045,20.500,9.870,175.420,0.370,Kislovodsk
1979-11-30,1689,1.045,-16.000,-30.670,134.260,0.570,Kislovodsk
1979-11-30,1689,1.045,-15.000,69.010,123.480,0.940,Kislovodsk
1979-11-30,1689,1.045,-11.000,-16.670,122.500,0.350,Kislovodsk
1979-11-30,1689,1.045,-11.000,-77.000,75.460,0.990,Kislovodsk
1979-11-30,1689,1.045,-25.500,-70.000,59.780,0.940,Kislovodsk
1979-11-30,1689,1.045,17.000,71.280,48.020,0.950,Kislovodsk
1979-12-28,1690,-2.493,-14.000,-81.200,430.220,0.980,Kislovodsk
1979-12-28,1690,-2.493,-15.500,-31.190,298.900,0.550,Kislovodsk
1979-12-28,1690,-2.493,-16.500,76.060,149.940,0.970,Kislovodsk
1979-12-28,1690,-2.493,-24.500,-34.370,140.140,0.640,Kislovodsk
1979-12-28,1690,-2.493,11.500,-67.700,49.980,0.940,Kislovodsk
1980-01-24,1691,-5.353,-17.000,28.250,710.500,0.500,Kislovodsk
1980-01-24,1691,-5.353,14.500,41.910,130.340,0.720,Kislovodsk
1980-01-24,1691,-5.353,-12.500,30.210,86.240,0.510,Kislovodsk
1980-01-24,1691,-5.353,9.000,-13.540,43.120,0.340,Kislovodsk
1980-01-24,1691,-5.353,14.500,13.960,28.420,0.410,Kislovodsk
1980-01-24,1691,-5.353,-12.000,-60.040,24.500,0.860,Kislovodsk
1980-01-24,1691,-5.353,-19.000,-83.040,24.500,0.980,Kislovodsk
1980-01-24,1691,-5.353,-5.500,-23.060,24.500,0.390,Kislovodsk
1980-01-24,1691,-5.353,-11.500,-47.910,18.620,0.740,Kislovodsk
1980-01-24,1691,-5.353,-14.000,70.740,14.700,0.940,Kislovodsk
1980-02-20,1692,-7.002,9.500,44.960,637.000,0.740,Kislovodsk
1980-02-20,1692,-7.002,-10.000,-36.450,272.440,0.590,Kislovodsk
1980-02-20,1692,-7.002,10.500,-52.460,197.960,0.820,Kislovodsk
1980-02-20,1692,-7.002,-18.000,31.600,157.780,0.540,Kislovodsk
1980-02-20,1692,-7.002,-8.000,8.050,127.400,0.140,Kislovodsk
1980-02-20,1692,-7.002,-18.000,18.480,67.620,0.360,Kislovodsk
1980-02-20,1692,-7.002,24.000,40.680,27.440,0.770,Kislovodsk
1980-02-20,1692,-7.002,21.000,-42.170,23.520,0.680,Kislovodsk
1980-02-20,1692,-7.002,-24.500,-15.520,8.820,0.390,Kislovodsk
1980-03-19,1693,-7.061,-27.500,-9.500,315.560,0.380,Kislovodsk
1980-03-19,1693,-7.061,5.500,-82.620,196.000,0.990,Kislovodsk
1980-03-19,1693,-7.061,25.500,-63.900,190.120,0.940,Kislovodsk
1980-03-19,1693,-7.061,-25.500,-56.860,125.440,0.840,Kislovodsk
1980-03-19,1693,-7.061,-20.000,43.020,98.000,0.690,Kislovodsk
1980-03-19,1693,-7.061,13.000,-57.420,88.200,0.870,Kislovodsk
1980-03-19,1693,-7.061,8.500,-20.120,35.280,0.360,Kislovodsk
1980-04-15,1694,-5.572,-8.500,15.510,754.600,0.270,Kislovodsk
1980-04-15,1694,-5.572,-31.500,20.030,545.860,0.530,Kislovodsk
1980-04-15,1694,-5.572,-20.500,40.550,337.120,0.670,Kislovodsk
1980-04-15,1694,-5.572,23.000,78.730,294.000,0.990,Kislovodsk
1980-04-15,1694,-5.572,19.000,-17.470,232.260,0.500,Kislovodsk
1980-04-15,1694,-5.572,12.500,-21.560,227.360,0.470,Kislovodsk
1980-04-15,1694,-5.572,-19.000,-12.390,31.360,0.310,Kislovodsk
1980-05-12,1695,-2.950,-16.000,-11.780,617.400,0.300,Kislovodsk
1980-05-12,1695,-2.950,-19.500,82.440,356.720,0.990,Kislovodsk
1980-05-12,1695,-2.950,-21.000,-38.190,266.560,0.660,Kislovodsk
1980-05-12,1695,-2.950,-22.000,-53.320,229.320,0.820,Kislovodsk
1980-05-12,1695,-2.950,14.000,55.060,160.720,0.840,Kislovodsk
1980-05-12,1695,-2.950,-12.000,46.470,37.240,0.730,Kislovodsk
1980-05-12,1695,-2.950,-21.000,30.520,17.640,0.570,Kislovodsk
1980-05-12,1695,-2.950,-16.000,66.830,12.740,0.920,Kislovodsk
1980-06-08,1696,0.236,-14.000,-7.940,481.180,0.280,Kislovodsk
1980-06-08,1696,0.236,-21.000,66.720,181.300,0.930,Kislovodsk
1980-06-08,1696,0.236,14.500,81.680,154.840,0.990,Kislovodsk
1980-06-08,1696,0.236,20.000,-13.130,129.360,0.400,Kislovodsk
1980-06-08,1696,0.236,12.000,53.230,60.760,0.810,Kislovodsk
1980-06-08,1696,0.236,-12.500,46.380,50.960,0.740,Kislovodsk
1980-06-08,1696,0.236,26.500,42.520,37.240,0.750,Kislovodsk
1980-06-08,1696,0.236,-25.000,-27.790,18.620,0.600,Kislovodsk
1980-06-08,1696,0.236,-24.500,-52.320,17.640,0.840,Kislovodsk
1980-07-06,1697,3.462,17.000,-70.190,383.180,0.940,Kislovodsk
1980-07-06,1697,3.462,-13.000,-78.700,296.940,0.980,Kislovodsk
1980-07-06,1697,3.462,28.000,28.890,242.060,0.600,Kislovodsk
1980-07-06,1697,3.462,-19.000,65.780,196.000,0.930,Kislovodsk
1980-07-06,1697,3.462,17.000,76.340,78.400,0.970,Kislovodsk
1980-07-06,1697,3.462,-5.500,31.470,74.480,0.540,Kislovodsk
1980-07-06,1697,3.462,20.000,-60.700,71.540,0.870,Kislovodsk
1980-07-06,1697,3.462,23.000,-73.700,57.820,0.950,Kislovodsk
1980-08-02,1698,5.887,-8.500,46.550,94.080,0.750,Kislovodsk
1980-08-02,1698,5.887,18.000,31.860,30.380,0.550,Kislovodsk
1980-08-02,1698,5.887,26.500,26.610,29.400,0.540,Kislovodsk
1980-08-02,1698,5.887,-8.000,-56.680,24.500,0.850,Kislovodsk
1980-08-02,1698,5.887,-10.000,31.820,23.520,0.580,Kislovodsk
1980-08-02,1698,5.887,13.000,-55.480,12.740,0.820,Kislovodsk
1980-08-29,1699,7.146,-28.000,4.800,906.500,0.580,Kislovodsk
1980-08-29,1699,7.146,-7.000,-61.420,878.080,0.890,Kislovodsk
1980-08-29,1699,7.146,-5.500,-72.830,375.340,0.960,Kislovodsk
1980-08-29,1699,7.146,11.500,-61.210,343.980,0.870,Kislovodsk
1980-08-29,1699,7.146,10.000,8.850,147.000,0.160,Kislovodsk
1980-08-29,1699,7.146,9.000,37.210,75.460,0.600,Kislovodsk
1980-08-29,1699,7.146,-7.500,65.490,62.720,0.920,Kislovodsk
1980-08-29,1699,7.146,17.500,-29.610,11.760,0.510,Kislovodsk
1980-09-25,1700,6.947,18.500,43.270,791.840,0.690,Kislovodsk
1980-09-25,1700,6.947,-32.000,40.880,565.460,0.820,Kislovodsk
1980-09-25,1700,6.947,-17.500,-60.080,257.740,0.900,Kislovodsk
1980-09-25,1700,6.947,4.500,45.410,219.520,0.710,Kislovodsk
1980-09-25,1700,6.947,-31.500,-41.330,131.320,0.820,Kislovodsk
1980-09-25,1700,6.947,11.500,-57.790,109.760,0.840,Kislovodsk
1980-09-25,1700,6.947,-28.000,-6.160,105.840,0.580,Kislovodsk
1980-09-25,1700,6.947,11.000,43.220,54.880,0.680,Kislovodsk
1980-09-25,1700,6.947,17.500,-26.630,31.360,0.470,Kislovodsk
1980-09-25,1700,6.947,-6.000,-53.660,20.580,0.820,Kislovodsk
1980-09-25,1700,6.947,-5.500,-11.390,18.620,0.290,Kislovodsk
1980-10-23,1701,5.186,-19.000,-5.720,1236.760,0.420,Kislovodsk
1980-10-23,1701,5.186,18.000,36.980,431.200,0.620,Kislovodsk
1980-10-23,1701,5.186,-14.000,-13.810,381.220,0.400,Kislovodsk
1980-10-23,1701,5.186,-7.000,55.940,296.940,0.840,Kislovodsk
1980-10-23,1701,5.186,-35.000,48.090,86.240,0.870,Kislovodsk
1980-10-23,1701,5.186,16.000,-13.180,18.620,0.290,Kislovodsk
1980-10-23,1701,5.186,7.000,-34.210,17.640,0.560,Kislovodsk
1980-11-19,1702,2.316,10.000,-44.890,719.320,0.710,Kislovodsk
1980-11-19,1702,2.316,-19.500,-77.140,318.500,0.980,Kislovodsk
1980-11-19,1702,2.316,10.000,18.450,140.140,0.340,Kislovodsk
1980-11-19,1702,2.316,9.000,-28.730,129.360,0.490,Kislovodsk
1980-11-19,1702,2.316,17.000,41.830,96.040,0.690,Kislovodsk
1980-11-19,1702,2.316,15.500,7.410,90.160,0.260,Kislovodsk
1980-11-19,1702,2.316,-16.000,7.810,15.680,0.340,Kislovodsk
1980-12-16,1703,-1.094,6.500,-23.690,1264.200,0.420,Kislovodsk
1980-12-16,1703,-1.094,13.500,45.860,861.420,0.740,Kislovodsk
1980-12-16,1703,-1.094,13.500,-29.500,376.320,0.540,Kislovodsk
1980-12-16,1703,-1.094,-10.000,-33.060,289.100,0.560,Kislovodsk
1980-12-16,1703,-1.094,-17.500,-67.700,267.540,0.930,Kislovodsk
1980-12-16,1703,-1.094,5.500,-44.810,251.860,0.710,Kislovodsk
1980-12-16,1703,-1.094,-13.500,78.460,211.680,0.980,Kislovodsk
1980-12-16,1703,-1.094,-17.500,-12.480,122.500,0.350,Kislovodsk
1980-12-16,1703,-1.094,3.500,-83.150,100.940,0.990,Kislovodsk
1980-12-16,1703,-1.094,9.500,-82.650,57.820,0.990,Kislovodsk
1980-12-16,1703,-1.094,18.000,-19.140,33.320,0.440,Kislovodsk
1980-12-16,1703,-1.094,14.500,-4.650,25.480,0.280,Kislovodsk
1980-12-16,1703,-1.094,8.000,52.510,16.660,0.800,Kislovodsk
1980-12-16,1703,-1.094,-14.000,42.150,9.800,0.690,Kislovodsk
1980-12-16,1703,-1.094,-17.500,43.800,6.860,0.720,Kislovodsk
1981-01-13,1704,-4.378,-14.500,79.260,358.680,0.980,Kislovodsk
1981-01-13,1704,-4.378,4.000,-7.940,155.820,0.200,Kislovodsk
1981-01-13,1704,-4.378,4.000,-73.750,150.920,0.960,Kislovodsk
1981-01-13,1704,-4.378,-19.500,-15.090,66.640,0.360,Kislovodsk
1981-01-13,1704,-4.378,16.500,49.440,59.780,0.800,Kislovodsk
1981-01-13,1704,-4.378,-7.000,63.170,55.860,0.890,Kislovodsk
1981-01-13,1704,-4.378,-9.500,37.750,44.100,0.610,Kislovodsk
1981-01-13,1704,-4.378,-22.000,-38.580,40.180,0.660,Kislovodsk
1981-01-13,1704,-4.378,6.500,8.650,33.320,0.240,Kislovodsk
1981-01-13,1704,-4.378,-14.000,-5.310,22.540,0.190,Kislovodsk
1981-02-09,1705,-6.549,11.000,-23.620,1058.400,0.490,Kislovodsk
1981-02-09,1705,-6.549,-17.000,71.090,977.060,0.940,Kislovodsk
1981-02-09,1705,-6.549,17.000,63.410,612.500,0.920,Kislovodsk
1981-02-09,1705,-6.549,-8.000,43.190,54.880,0.680,Kislovodsk
1981-02-09,1705,-6.549,1.500,22.870,49.980,0.410,Kislovodsk
1981-02-09,1705,-6.549,2.500,1.700,48.020,0.160,Kislovodsk
1981-02-09,1705,-6.549,-18.500,-20.870,44.100,0.400,Kislovodsk
1981-02-09,1705,-6.549,21.000,-26.050,18.620,0.610,Kislovodsk
1981-03-08,1706,-7.246,-5.000,-4.020,693.840,0.080,Kislovodsk
1981-03-08,1706,-7.246,-14.500,71.190,543.900,0.940,Kislovodsk
1981-03-08,1706,-7.246,24.500,-22.010,252.840,0.620,Kislovodsk
1981-03-08,1706,-7.246,-13.000,53.740,220.500,0.800,Kislovodsk
1981-03-08,1706,-7.246,7.500,-53.220,177.380,0.820,Kislovodsk
1981-03-08,1706,-7.246,2.500,18.750,149.940,0.360,Kislovodsk
1981-03-08,1706,-7.246,9.500,6.790,138.180,0.310,Kislovodsk
1981-03-08,1706,-7.246,-3.500,36.850,120.540,0.600,Kislovodsk
1981-03-08,1706,-7.246,20.500,75.940,82.320,0.980,Kislovodsk
1981-03-08,1706,-7.246,12.000,-15.780,35.280,0.420,Kislovodsk
1981-03-08,1706,-7.246,-11.500,-0.060,17.640,0.050,Kislovodsk
1981-04-04,1707,-6.359,17.500,-78.100,986.860,0.970,Kislovodsk
1981-04-04,1707,-6.359,18.000,-17.740,290.080,0.500,Kislovodsk
1981-04-04,1707,-6.359,7.000,-65.730,214.620,0.920,Kislovodsk
1981-04-04,1707,-6.359,4.500,-37.570,193.060,0.630,Kislovodsk
1981-04-04,1707,-6.359,8.000,-52.300,169.540,0.810,Kislovodsk
1981-04-04,1707,-6.359,-45.000,84.880,116.620,0.990,Kislovodsk
1981-04-04,1707,-6.359,14.500,13.590,68.600,0.420,Kislovodsk
1981-04-04,1707,-6.359,26.000,-35.100,37.240,0.740,Kislovodsk
1981-04-04,1707,-6.359,-12.500,62.300,31.360,0.880,Kislovodsk
1981-04-04,1707,-6.359,-4.500,5.450,25.480,0.100,Kislovodsk
1981-04-04,1707,-6.359,26.000,13.050,21.560,0.570,Kislovodsk
1981-04-04,1707,-6.359,16.500,32.010,15.680,0.630,Kislovodsk
1981-04-04,1707,-6.359,21.000,61.900,12.740,0.920,Kislovodsk
1981-05-02,1708,-4.045,15.500,-40.310,429.240,0.700,Kislovodsk
1981-05-02,1708,-4.045,7.000,-40.670,322.420,0.670,Kislovodsk
1981-05-02,1708,-4.045,1.000,26.940,193.060,0.460,Kislovodsk
1981-05-02,1708,-4.045,20.000,-15.920,185.220,0.480,Kislovodsk
1981-05-02,1708,-4.045,6.500,-54.160,129.360,0.820,Kislovodsk
1981-05-02,1708,-4.045,-7.000,-24.780,103.880,0.420,Kislovodsk
1981-05-02,1708,-4.045,16.000,32.150,58.800,0.610,Kislovodsk
1981-05-02,1708,-4.045,26.000,25.750,46.060,0.630,Kislovodsk
1981-05-02,1708,-4.045,-11.000,36.560,46.060,0.600,Kislovodsk
1981-05-02,1708,-4.045,11.000,0.850,39.200,0.260,Kislovodsk
1981-05-02,1708,-4.045,-12.000,-69.980,27.440,0.940,Kislovodsk
1981-05-02,1708,-4.045,-5.500,-33.480,14.700,0.540,Kislovodsk
1981-05-02,1708,-4.045,15.000,-68.980,13.720,0.930,Kislovodsk
1981-05-29,1709,-1.000,2.000,24.020,467.460,0.410,Kislovodsk
1981-05-29,1709,-1.000,-7.500,-18.850,370.440,0.340,Kislovodsk
1981-05-29,1709,-1.000,16.500,47.880,315.560,0.770,Kislovodsk
1981-05-29,1709,-1.000,-13.000,50.330,99.960,0.780,Kislovodsk
1981-05-29,1709,-1.000,4.000,26.940,19.600,0.460,Kislovodsk
1981-05-29,1709,-1.000,12.000,15.140,4.900,0.340,Kislovodsk
1981-06-25,1710,2.218,13.000,-8.840,909.440,0.240,Kislovodsk
1981-06-25,1710,2.218,17.500,-63.570,559.580,0.900,Kislovodsk
1981-06-25,1710,2.218,-17.500,-86.260,272.440,1.000,Kislovodsk
1981-06-25,1710,2.218,-8.500,-28.110,145.040,0.500,Kislovodsk
1981-06-25,1710,2.218,15.000,43.150,62.720,0.700,Kislovodsk
1981-06-25,1710,2.218,-22.000,3.750,15.680,0.380,Kislovodsk
1981-06-25,1710,2.218,11.000,-72.250,15.680,0.950,Kislovodsk
1981-06-25,1710,2.218,-14.000,9.320,4.900,0.320,Kislovodsk
1981-06-25,1710,2.218,-16.000,-13.070,3.920,0.380,Kislovodsk
1981-07-22,1711,4.993,-13.500,-79.290,2019.780,0.970,Kislovodsk
1981-07-22,1711,4.993,-8.500,-31.360,1511.160,0.560,Kislovodsk
1981-07-22,1711,4.993,9.000,4.140,149.940,0.100,Kislovodsk
1981-07-22,1711,4.993,5.000,67.220,137.200,0.920,Kislovodsk
1981-07-22,1711,4.993,-20.000,-27.580,17.640,0.600,Kislovodsk
1981-07-22,1711,4.993,-20.000,-43.790,14.700,0.740,Kislovodsk
1981-08-19,1712,6.829,-16.000,14.070,921.200,0.450,Kislovodsk
1981-08-19,1712,6.829,-18.500,-35.040,625.240,0.680,Kislovodsk
1981-08-19,1712,6.829,-9.000,-68.480,550.760,0.940,Kislovodsk
1981-08-19,1712,6.829,-3.000,-33.390,256.760,0.570,Kislovodsk
1981-08-19,1712,6.829,-8.000,-14.180,213.640,0.350,Kislovodsk
1981-08-19,1712,6.829,8.500,50.220,110.740,0.740,Kislovodsk
1981-08-19,1712,6.829,-6.500,-26.940,75.460,0.500,Kislovodsk
1981-08-19,1712,6.829,-8.500,-37.650,72.520,0.650,Kislovodsk
1981-08-19,1712,6.829,-11.000,58.050,40.180,0.870,Kislovodsk
1981-09-15,1713,7.202,8.000,64.790,1260.280,0.900,Kislovodsk
1981-09-15,1713,7.202,18.500,-19.800,734.020,0.380,Kislovodsk
1981-09-15,1713,7.202,14.500,-14.810,574.280,0.280,Kislovodsk
1981-09-15,1713,7.202,9.000,-66.230,181.300,0.910,Kislovodsk
1981-09-15,1713,7.202,-9.500,-72.640,80.360,0.960,Kislovodsk
1981-09-15,1713,7.202,14.000,56.780,45.080,0.830,Kislovodsk
1981-09-15,1713,7.202,-5.500,-43.510,32.340,0.710,Kislovodsk
1981-09-15,1713,7.202,-17.000,-50.070,32.340,0.820,Kislovodsk
1981-09-15,1713,7.202,-18.500,-35.750,24.500,0.690,Kislovodsk
1981-09-15,1713,7.202,-18.500,4.620,21.560,0.440,Kislovodsk
1981-10-12,1714,6.070,-19.500,-24.940,1765.960,0.580,Kislovodsk
1981-10-12,1714,6.070,-10.000,51.860,499.800,0.810,Kislovodsk
1981-10-12,1714,6.070,-17.000,-4.920,252.840,0.400,Kislovodsk
1981-10-12,1714,6.070,19.000,-33.150,244.020,0.570,Kislovodsk
1981-10-12,1714,6.070,18.000,16.290,145.040,0.340,Kislovodsk
1981-10-12,1714,6.070,8.500,64.700,85.260,0.900,Kislovodsk
1981-10-12,1714,6.070,-20.000,-42.760,69.580,0.760,Kislovodsk
1981-10-12,1714,6.070,-19.000,21.970,8.820,0.540,Kislovodsk
1981-11-09,1715,3.508,-21.000,-22.060,643.860,0.540,Kislovodsk
1981-11-09,1715,3.508,-12.500,59.930,432.180,0.880,Kislovodsk
1981-11-09,1715,3.508,16.500,-68.540,387.100,0.930,Kislovodsk
1981-11-09,1715,3.508,-16.500,10.040,275.380,0.380,Kislovodsk
1981-11-09,1715,3.508,16.500,-29.030,218.540,0.520,Kislovodsk
1981-11-09,1715,3.508,-5.000,14.570,124.460,0.290,Kislovodsk
1981-11-09,1715,3.508,1.500,-28.640,95.060,0.480,Kislovodsk
1981-11-09,1715,3.508,15.500,-36.990,51.940,0.620,Kislovodsk
1981-11-09,1715,3.508,-20.000,-31.760,32.340,0.630,Kislovodsk
1981-12-06,1716,0.218,17.500,-32.290,788.900,0.590,Kislovodsk
1981-12-06,1716,0.218,-16.000,-82.810,689.920,0.990,Kislovodsk
1981-12-06,1716,0.218,7.500,-33.370,677.180,0.560,Kislovodsk
1981-12-06,1716,0.218,-8.500,75.740,490.000,0.970,Kislovodsk
1981-12-06,1716,0.218,-21.000,-39.970,337.120,0.700,Kislovodsk
1981-12-06,1716,0.218,-15.500,-46.570,274.400,0.750,Kislovodsk
1981-12-06,1716,0.218,6.500,-50.990,271.460,0.780,Kislovodsk
1981-12-06,1716,0.218,11.500,-46.720,266.560,0.740,Kislovodsk
1981-12-06,1716,0.218,16.500,-68.310,176.400,0.960,Kislovodsk
1981-12-06,1716,0.218,-18.000,-26.760,95.060,0.530,Kislovodsk
1981-12-06,1716,0.218,9.500,-69.810,78.400,0.970,Kislovodsk
1981-12-06,1716,0.218,8.500,-58.980,77.420,0.860,Kislovodsk
1981-12-06,1716,0.218,8.000,-6.880,65.660,0.180,Kislovodsk
1981-12-06,1716,0.218,19.000,6.630,49.980,0.340,Kislovodsk
1981-12-06,1716,0.218,-33.000,-31.350,43.120,0.700,Kislovodsk
1981-12-06,1716,0.218,-14.000,66.120,32.340,0.920,Kislovodsk
1981-12-06,1716,0.218,-14.500,38.190,29.400,0.650,Kislovodsk
1981-12-06,1716,0.218,-20.500,14.000,28.420,0.420,Kislovodsk
1981-12-06,1716,0.218,-4.000,16.330,20.580,0.290,Kislovodsk
1981-12-06,1716,0.218,1.500,-16.810,15.680,0.290,Kislovodsk
1982-01-02,1717,-3.143,25.000,-12.540,226.380,0.510,Kislovodsk
1982-01-02,1717,-3.143,-24.000,78.830,210.700,0.980,Kislovodsk
1982-01-02,1717,-3.143,17.000,34.770,206.780,0.640,Kislovodsk
1982-01-02,1717,-3.143,19.500,-25.810,94.080,0.570,Kislovodsk
1982-01-02,1717,-3.143,10.000,-38.510,40.180,0.650,Kislovodsk
1982-01-02,1717,-3.143,-15.500,-55.640,26.460,0.830,Kislovodsk
1982-01-02,1717,-3.143,-11.500,24.960,10.780,0.440,Kislovodsk
1982-01-29,1718,-5.803,-15.000,-42.630,1078.000,0.680,Kislovodsk
1982-01-29,1718,-5.803,9.500,-27.440,546.840,0.520,Kislovodsk
1982-01-29,1718,-5.803,-15.000,0.440,541.940,0.160,Kislovodsk
1982-01-29,1718,-5.803,-11.000,-24.560,258.720,0.420,Kislovodsk
1982-01-29,1718,-5.803,16.000,-60.990,209.720,0.900,Kislovodsk
1982-01-29,1718,-5.803,9.500,-54.170,151.900,0.830,Kislovodsk
1982-01-29,1718,-5.803,12.500,-61.880,137.200,0.900,Kislovodsk
1982-01-29,1718,-5.803,-15.000,-70.860,120.540,0.940,Kislovodsk
1982-01-29,1718,-5.803,20.000,23.670,111.720,0.570,Kislovodsk
1982-01-29,1718,-5.803,9.000,-39.500,81.340,0.670,Kislovodsk
1982-01-29,1718,-5.803,12.000,3.610,57.820,0.310,Kislovodsk
1982-01-29,1718,-5.803,8.500,-24.940,52.920,0.480,Kislovodsk
1982-01-29,1718,-5.803,17.000,-72.390,49.000,0.970,Kislovodsk
1982-01-29,1718,-5.803,-14.500,-84.390,48.020,0.990,Kislovodsk
1982-01-29,1718,-5.803,-9.000,51.630,31.360,0.780,Kislovodsk
1982-02-26,1719,-7.171,17.000,-66.540,680.120,0.940,Kislovodsk
1982-02-26,1719,-7.171,11.500,-50.010,542.920,0.800,Kislovodsk
1982-02-26,1719,-7.171,-13.500,-25.760,245.980,0.440,Kislovodsk
1982-02-26,1719,-7.171,-21.500,-89.500,213.640,1.000,Kislovodsk
1982-02-26,1719,-7.171,-13.000,9.420,211.680,0.190,Kislovodsk
1982-02-26,1719,-7.171,-6.000,-54.470,156.800,0.810,Kislovodsk
1982-02-26,1719,-7.171,-7.500,-8.110,141.120,0.140,Kislovodsk
1982-02-26,1719,-7.171,8.000,-57.520,111.720,0.860,Kislovodsk
1982-02-26,1719,-7.171,4.000,26.470,40.180,0.480,Kislovodsk
1982-02-26,1719,-7.171,-12.500,-34.880,39.200,0.570,Kislovodsk
1982-02-26,1719,-7.171,4.500,-41.310,33.320,0.680,Kislovodsk
1982-02-26,1719,-7.171,16.000,42.160,17.640,0.740,Kislovodsk
1982-02-26,1719,-7.171,9.500,-12.980,4.900,0.360,Kislovodsk
1982-03-25,1720,-6.873,10.500,-48.440,1408.260,0.780,Kislovodsk
1982-03-25,1720,-6.873,-11.500,79.630,590.940,0.980,Kislovodsk
1982-03-25,1720,-6.873,2.000,25.280,478.240,0.450,Kislovodsk
1982-03-25,1720,-6.873,-13.000,-43.100,276.360,0.680,Kislovodsk
1982-03-25,1720,-6.873,-22.000,-83.680,204.820,0.970,Kislovodsk
1982-03-25,1720,-6.873,-18.500,-55.420,201.880,0.820,Kislovodsk
1982-03-25,1720,-6.873,12.500,4.470,149.940,0.340,Kislovodsk
1982-03-25,1720,-6.873,-14.000,3.800,135.240,0.140,Kislovodsk
1982-03-25,1720,-6.873,18.000,-39.270,82.320,0.720,Kislovodsk
1982-03-25,1720,-6.873,18.000,39.270,44.100,0.720,Kislovodsk
1982-03-25,1720,-6.873,-16.500,-23.420,21.560,0.420,Kislovodsk
1982-04-21,1721,-5.114,11.000,-57.360,342.020,0.860,Kislovodsk
1982-04-21,1721,-5.114,2.000,23.160,329.280,0.410,Kislovodsk
1982-04-21,1721,-5.114,-11.500,72.440,245.000,0.950,Kislovodsk
1982-04-21,1721,-5.114,16.500,-49.100,241.080,0.800,Kislovodsk
1982-04-21,1721,-5.114,3.000,-54.540,233.240,0.820,Kislovodsk
1982-04-21,1721,-5.114,-15.000,-31.700,230.300,0.540,Kislovodsk
1982-04-21,1721,-5.114,-20.500,48.460,66.640,0.760,Kislovodsk
1982-04-21,1721,-5.114,7.500,-53.740,34.300,0.820,Kislovodsk
1982-05-19,1722,-2.212,20.000,-43.080,559.580,0.740,Kislovodsk
1982-05-19,1722,-2.212,13.500,-44.550,268.520,0.730,Kislovodsk
1982-05-19,1722,-2.212,-3.500,19.250,239.120,0.330,Kislovodsk
1982-05-19,1722,-2.212,-14.500,30.680,174.440,0.540,Kislovodsk
1982-05-19,1722,-2.212,3.500,37.910,151.900,0.620,Kislovodsk
1982-05-19,1722,-2.212,22.000,-58.110,99.960,0.880,Kislovodsk
1982-05-19,1722,-2.212,-14.000,-52.470,43.120,0.800,Kislovodsk
1982-05-19,1722,-2.212,22.500,-68.990,37.240,0.960,Kislovodsk
1982-05-19,1722,-2.212,-19.000,27.030,14.700,0.520,Kislovodsk
1982-06-15,1723,1.015,12.000,-46.840,3038.980,0.740,Kislovodsk
1982-06-15,1723,1.015,-19.000,35.030,637.980,0.640,Kislovodsk
1982-06-15,1723,1.015,-20.000,-74.080,446.880,0.970,Kislovodsk
1982-06-15,1723,1.015,6.000,-19.280,330.260,0.340,Kislovodsk
1982-06-15,1723,1.015,1.500,33.370,107.800,0.550,Kislovodsk
1982-06-15,1723,1.015,-13.500,-7.390,96.040,0.280,Kislovodsk
1982-06-15,1723,1.015,-3.500,15.630,51.940,0.280,Kislovodsk
1982-06-15,1723,1.015,-23.500,-17.790,11.760,0.500,Kislovodsk
1982-07-12,1724,4.028,12.500,-39.340,2639.140,0.640,Kislovodsk
1982-07-12,1724,4.028,-25.500,-22.760,461.580,0.600,Kislovodsk
1982-07-12,1724,4.028,-13.500,-58.320,378.280,0.870,Kislovodsk
1982-07-12,1724,4.028,9.500,-7.460,267.540,0.160,Kislovodsk
1982-07-12,1724,4.028,-7.500,-50.060,180.320,0.780,Kislovodsk
1982-07-12,1724,4.028,20.500,-81.900,147.980,0.980,Kislovodsk
1982-07-12,1724,4.028,12.500,-72.240,96.040,0.950,Kislovodsk
1982-07-12,1724,4.028,-5.500,-79.900,94.080,0.960,Kislovodsk
1982-07-12,1724,4.028,14.000,-31.570,64.680,0.540,Kislovodsk
1982-07-12,1724,4.028,16.500,-82.400,41.160,0.970,Kislovodsk
1982-07-12,1724,4.028,15.500,37.180,25.480,0.620,Kislovodsk
1982-07-12,1724,4.028,14.500,-54.900,16.660,0.810,Kislovodsk
1982-07-12,1724,4.028,-19.500,23.070,14.700,0.540,Kislovodsk
1982-07-12,1724,4.028,-11.000,65.550,9.800,0.920,Kislovodsk
1982-08-08,1725,6.250,9.500,-28.120,1723.820,0.470,Kislovodsk
1982-08-08,1725,6.250,-9.000,-65.380,313.600,0.920,Kislovodsk
1982-08-08,1725,6.250,9.500,16.700,301.840,0.290,Kislovodsk
1982-08-08,1725,6.250,-12.000,59.220,266.560,0.880,Kislovodsk
1982-08-08,1725,6.250,11.500,-76.070,204.820,0.950,Kislovodsk
1982-08-08,1725,6.250,-15.500,16.800,108.780,0.460,Kislovodsk
1982-08-08,1725,6.250,-9.000,-43.070,9.800,0.710,Kislovodsk
1982-09-05,1726,7.237,12.500,-22.690,487.060,0.390,Kislovodsk
1982-09-05,1726,7.237,-20.000,21.930,286.160,0.570,Kislovodsk
1982-09-05,1726,7.237,-12.000,-83.170,274.400,0.990,Kislovodsk
1982-09-05,1726,7.237,9.000,4.900,269.500,0.090,Kislovodsk
1982-09-05,1726,7.237,4.000,-64.430,242.060,0.900,Kislovodsk
1982-09-05,1726,7.237,-15.500,47.420,210.700,0.790,Kislovodsk
1982-09-05,1726,7.237,6.000,65.990,159.740,0.910,Kislovodsk
1982-09-05,1726,7.237,-4.000,19.340,117.600,0.380,Kislovodsk
1982-09-05,1726,7.237,-12.000,-50.850,71.540,0.810,Kislovodsk
1982-09-05,1726,7.237,15.500,44.620,59.780,0.700,Kislovodsk
1982-09-05,1726,7.237,25.500,27.560,33.320,0.530,Kislovodsk
1982-09-05,1726,7.237,10.500,43.270,19.600,0.680,Kislovodsk
1982-10-02,1727,6.673,13.000,23.730,1180.900,0.410,Kislovodsk
1982-10-02,1727,6.673,-10.500,41.150,731.080,0.700,Kislovodsk
1982-10-02,1727,6.673,15.500,38.060,289.100,0.620,Kislovodsk
1982-10-02,1727,6.673,-21.000,17.710,275.380,0.540,Kislovodsk
1982-10-02,1727,6.673,-2.500,14.880,151.900,0.300,Kislovodsk
1982-10-02,1727,6.673,12.500,14.430,36.260,0.250,Kislovodsk
1982-10-02,1727,6.673,-19.000,15.750,16.660,0.500,Kislovodsk
1982-10-02,1727,6.673,17.000,0.930,7.840,0.150,Kislovodsk
1982-10-29,1728,4.680,-7.000,16.110,741.860,0.340,Kislovodsk
1982-10-29,1728,4.680,11.500,53.300,164.640,0.800,Kislovodsk
1982-10-29,1728,4.680,9.500,21.980,146.020,0.380,Kislovodsk
1982-10-29,1728,4.680,-10.500,54.240,117.600,0.830,Kislovodsk
1982-10-29,1728,4.680,5.500,-10.380,48.020,0.180,Kislovodsk
1982-10-29,1728,4.680,9.000,27.250,5.880,0.460,Kislovodsk
1982-10-29,1728,4.680,13.500,25.600,2.940,0.450,Kislovodsk
1982-11-25,1729,1.643,-13.500,72.840,1621.900,0.960,Kislovodsk
1982-11-25,1729,1.643,11.500,66.780,343.000,0.920,Kislovodsk
1982-11-25,1729,1.643,10.500,9.980,256.760,0.230,Kislovodsk
1982-11-25,1729,1.643,-8.000,18.130,208.740,0.350,Kislovodsk
1982-11-25,1729,1.643,-24.500,-12.170,33.320,0.480,Kislovodsk
1982-12-23,1730,-1.909,-14.500,-63.780,1042.720,0.900,Kislovodsk
1982-12-23,1730,-1.909,-18.000,-9.630,121.520,0.320,Kislovodsk
1982-12-23,1730,-1.909,-20.000,6.790,59.780,0.330,Kislovodsk
1982-12-23,1730,-1.909,-4.500,43.630,49.000,0.690,Kislovodsk
1982-12-23,1730,-1.909,4.500,6.040,14.700,0.130,Kislovodsk
1982-12-23,1730,-1.909,7.500,-5.620,11.760,0.190,Kislovodsk
1983-01-19,1731,-4.920,-14.500,-8.480,385.140,0.220,Kislovodsk
1983-01-19,1731,-4.920,2.500,6.390,267.540,0.170,Kislovodsk
1983-01-19,1731,-4.920,-12.500,-44.350,175.420,0.700,Kislovodsk
1983-01-19,1731,-4.920,6.500,-1.640,147.980,0.200,Kislovodsk
1983-01-19,1731,-4.920,15.000,-26.150,147.980,0.540,Kislovodsk
1983-01-19,1731,-4.920,-19.000,27.940,145.040,0.510,Kislovodsk
1983-02-15,1732,-6.820,-17.500,-62.770,19.600,0.870,Kislovodsk
1983-02-15,1732,-6.820,14.000,35.230,5.880,0.650,Kislovodsk
1983-02-15,1732,-6.820,2.500,3.000,4.900,0.170,Kislovodsk
1983-03-15,1733,-7.173,-7.000,-64.710,266.560,0.900,Kislovodsk
1983-03-15,1733,-7.173,-12.500,-49.080,124.460,0.750,Kislovodsk
1983-03-15,1733,-7.173,19.000,4.940,49.980,0.440,Kislovodsk
1983-04-11,1734,-5.932,-17.500,3.710,267.540,0.210,Kislovodsk
1983-04-11,1734,-5.932,-8.500,-71.940,89.180,0.940,Kislovodsk
1983-04-11,1734,-5.932,-11.000,42.260,78.400,0.670,Kislovodsk
1983-04-11,1734,-5.932,-14.500,-18.940,27.440,0.340,Kislovodsk
1983-04-11,1734,-5.932,-9.500,-17.250,18.620,0.300,Kislovodsk
1983-05-08,1735,-3.471,-30.500,-58.900,835.940,0.880,Kislovodsk
1983-05-08,1735,-3.471,-31.000,54.600,357.700,0.850,Kislovodsk
1983-05-08,1735,-3.471,-5.000,42.940,241.080,0.680,Kislovodsk
1983-05-08,1735,-3.471,-19.000,29.440,124.460,0.540,Kislovodsk
1983-05-08,1735,-3.471,-9.500,55.160,110.740,0.820,Kislovodsk
1983-05-08,1735,-3.471,-12.000,-10.870,92.120,0.220,Kislovodsk
1983-06-04,1736,-0.340,-10.000,-17.460,829.080,0.340,Kislovodsk
1983-06-04,1736,-0.340,-10.000,-8.300,269.500,0.220,Kislovodsk
1983-06-04,1736,-0.340,-13.500,48.170,28.420,0.760,Kislovodsk
1983-06-04,1736,-0.340,-11.500,34.640,27.440,0.590,Kislovodsk
1983-06-04,1736,-0.340,-14.500,-14.110,18.620,0.340,Kislovodsk
1983-07-02,1737,2.947,-20.000,-16.400,271.460,0.470,Kislovodsk
1983-07-02,1737,2.947,-10.000,-5.040,146.020,0.240,Kislovodsk
1983-07-02,1737,2.947,-21.500,-74.630,138.180,0.970,Kislovodsk
1983-07-02,1737,2.947,10.000,82.280,83.300,0.990,Kislovodsk
1983-07-02,1737,2.947,-14.500,-73.130,34.300,0.950,Kislovodsk
1983-07-02,1737,2.947,-9.500,8.530,18.620,0.260,Kislovodsk
1983-07-29,1738,5.532,-10.000,-66.920,1299.480,0.930,Kislovodsk
1983-07-29,1738,5.532,-23.500,-77.930,261.660,0.990,Kislovodsk
1983-07-29,1738,5.532,-16.000,-73.630,250.880,0.970,Kislovodsk
1983-07-29,1738,5.532,-16.000,27.070,32.340,0.530,Kislovodsk
1983-07-29,1738,5.532,-21.500,-18.740,20.580,0.540,Kislovodsk
1983-08-25,1739,7.025,-9.000,-73.870,184.240,0.980,Kislovodsk
1983-08-25,1739,7.025,17.000,-65.370,33.320,0.960,Kislovodsk
1983-08-25,1739,7.025,-12.500,-14.390,27.440,0.410,Kislovodsk
1983-08-25,1739,7.025,-10.000,-57.060,23.520,0.860,Kislovodsk
1983-09-21,1740,7.093,-13.500,58.530,95.060,0.880,Kislovodsk
1983-09-21,1740,7.093,-9.000,-30.910,60.760,0.570,Kislovodsk
1983-09-21,1740,7.093,16.000,36.180,33.320,0.580,Kislovodsk
1983-10-19,1741,5.588,21.000,79.830,787.920,0.980,Kislovodsk
1983-10-19,1741,5.588,-5.500,20.840,74.480,0.400,Kislovodsk
1983-10-19,1741,5.588,-16.000,-79.240,33.320,0.980,Kislovodsk
1983-10-19,1741,5.588,-12.500,30.680,11.760,0.580,Kislovodsk
1983-11-15,1742,2.883,-15.000,-29.050,58.800,0.580,Kislovodsk
1983-11-15,1742,2.883,-13.500,11.340,27.440,0.340,Kislovodsk
1983-12-12,1743,-0.485,-16.000,11.580,184.240,0.330,Kislovodsk
1983-12-12,1743,-0.485,1.500,-31.270,159.740,0.520,Kislovodsk
1983-12-12,1743,-0.485,10.500,56.400,135.240,0.840,Kislovodsk
1983-12-12,1743,-0.485,-15.000,-74.280,99.960,0.970,Kislovodsk
1983-12-12,1743,-0.485,-12.500,20.460,19.600,0.400,Kislovodsk
1984-01-09,1744,-3.874,-14.000,-81.990,209.720,0.980,Kislovodsk
1984-01-09,1744,-3.874,-17.000,16.840,43.120,0.360,Kislovodsk
1984-01-09,1744,-3.874,-6.000,-38.410,28.420,0.620,Kislovodsk
1984-01-09,1744,-3.874,-2.000,-28.010,22.540,0.470,Kislovodsk
1984-02-05,1745,-6.264,-11.500,-61.060,694.820,0.870,Kislovodsk
1984-02-05,1745,-6.264,-10.500,-80.380,116.620,0.990,Kislovodsk
1984-02-05,1745,-6.264,-13.500,-21.470,102.900,0.380,Kislovodsk
1984-02-05,1745,-6.264,8.500,-51.880,75.460,0.830,Kislovodsk
1984-02-05,1745,-6.264,11.000,70.040,31.360,0.950,Kislovodsk
1984-02-05,1745,-6.264,-18.000,-30.880,11.760,0.540,Kislovodsk
1984-03-03,1746,-7.240,-13.000,47.330,324.380,0.730,Kislovodsk
1984-03-03,1746,-7.240,-14.500,77.280,141.120,0.970,Kislovodsk
1984-03-03,1746,-7.240,-12.500,-16.260,55.860,0.290,Kislovodsk
1984-03-03,1746,-7.240,4.000,-23.610,19.600,0.440,Kislovodsk
1984-03-03,1746,-7.240,-16.500,-18.700,4.900,0.350,Kislovodsk
1984-03-30,1747,-6.623,-15.000,-42.050,1245.580,0.670,Kislovodsk
1984-03-30,1747,-6.623,19.000,-55.600,150.920,0.870,Kislovodsk
1984-03-30,1747,-6.623,-11.000,-18.370,87.220,0.320,Kislovodsk
1984-03-30,1747,-6.623,-10.500,-83.930,32.340,0.990,Kislovodsk
1984-03-30,1747,-6.623,-11.500,18.890,32.340,0.330,Kislovodsk
1984-03-30,1747,-6.623,7.500,31.570,5.880,0.580,Kislovodsk
1984-03-30,1747,-6.623,13.000,-28.020,3.920,0.560,Kislovodsk
1984-04-27,1748,-4.518,-14.000,-21.210,1922.760,0.390,Kislovodsk
1984-04-27,1748,-4.518,-12.000,-8.880,917.280,0.200,Kislovodsk
1984-04-27,1748,-4.518,-12.500,42.620,176.400,0.680,Kislovodsk
1984-04-27,1748,-4.518,-13.000,-45.880,49.980,0.720,Kislovodsk
1984-05-24,1749,-1.569,-11.000,-11.060,295.960,0.250,Kislovodsk
1984-05-24,1749,-1.569,-11.500,5.920,269.500,0.200,Kislovodsk
1984-05-24,1749,-1.569,-10.500,-25.380,145.040,0.450,Kislovodsk
1984-05-24,1749,-1.569,-6.000,70.100,11.760,0.940,Kislovodsk
1984-05-24,1749,-1.569,-15.000,54.170,7.840,0.820,Kislovodsk
1984-06-20,1750,1.665,-7.000,21.970,476.280,0.400,Kislovodsk
1984-06-20,1750,1.665,-6.000,-7.000,125.440,0.180,Kislovodsk
1984-07-17,1751,4.561,-10.000,58.910,82.320,0.870,Kislovodsk
1984-08-14,1752,6.612,7.000,52.580,74.480,0.790,Kislovodsk
1984-08-14,1752,6.612,2.000,18.140,37.240,0.320,Kislovodsk
1984-09-10,1753,7.246,-5.000,-27.440,17.640,0.500,Kislovodsk
1984-10-07,1754,6.376,-6.670,-32.430,10.600,0.573,Debrecen
1984-10-07,1754,6.376,,,0.000,,Debrecen
1984-11-04,1755,4.024,-12.000,56.300,115.640,0.850,Kislovodsk
1984-11-04,1755,4.024,-17.500,-79.600,49.000,0.980,Kislovodsk
1984-12-01,1756,0.827,-12.500,60.680,380.240,0.880,Kislovodsk
1984-12-01,1756,0.827,-11.500,41.300,35.280,0.680,Kislovodsk
1984-12-28,1757,-2.579,-11.000,-9.600,29.400,0.220,Kislovodsk
1985-01-24,1758,-5.415,-11.500,70.700,517.440,0.940,Kislovodsk
1985-01-24,1758,-5.415,4.000,16.830,42.140,0.330,Kislovodsk
1985-02-21,1759,-7.056,2.000,-61.100,458.640,0.880,Kislovodsk
1985-02-21,1759,-7.056,-9.500,30.230,31.360,0.500,Kislovodsk
1985-03-20,1760,-7.040,-12.000,-4.850,11.760,0.120,Kislovodsk
1985-04-16,1761,-5.515,,,0.000,,Debrecen
1985-05-14,1762,-2.757,-14.000,6.000,442.960,0.220,Kislovodsk
1985-06-10,1763,0.443,-1.500,-32.630,235.200,0.540,Kislovodsk
1985-06-10,1763,0.443,-11.500,4.370,68.600,0.220,Kislovodsk
1985-06-10,1763,0.443,-10.500,11.620,28.420,0.260,Kislovodsk
1985-06-10,1763,0.443,-1.500,-52.880,6.860,0.810,Kislovodsk
1985-06-10,1763,0.443,9.000,-48.380,3.920,0.720,Kislovodsk
1985-07-07,1764,3.538,-16.000,3.700,638.960,0.340,Kislovodsk
1985-07-07,1764,3.538,-9.000,32.510,131.320,0.570,Kislovodsk
1985-07-07,1764,3.538,-8.500,11.990,31.360,0.290,Kislovodsk
1985-07-07,1764,3.538,-1.000,-0.010,12.740,0.100,Kislovodsk
1985-07-07,1764,3.538,-4.000,-46.010,3.920,0.730,Kislovodsk
1985-08-03,1765,5.938,5.000,-21.800,201.880,0.370,Kislovodsk
1985-08-03,1765,5.938,6.000,18.160,26.460,0.310,Kislovodsk
1985-08-31,1766,7.179,8.500,18.190,7.840,0.290,Kislovodsk
1985-09-27,1767,6.883,,,0.000,,Debrecen
1985-10-24,1768,5.123,3.950,33.190,291.500,0.548,Debrecen
1985-10-24,1768,5.123,7.350,20.510,222.600,0.352,Debrecen
1985-10-24,1768,5.123,3.410,18.520,185.500,0.319,Debrecen
1985-11-20,1769,2.229,-8.500,33.150,155.820,0.570,Kislovodsk
1985-11-20,1769,2.229,0.500,6.080,9.800,0.110,Kislovodsk
1985-12-18,1770,-1.311,-10.000,11.650,98.000,0.250,Kislovodsk
1985-12-18,1770,-1.311,2.500,33.850,88.200,0.560,Kislovodsk
1985-12-18,1770,-1.311,-11.000,18.180,20.580,0.350,Kislovodsk
1986-01-14,1771,-4.452,-11.000,55.270,166.600,0.820,Kislovodsk
1986-02-10,1772,-6.588,-2.000,20.660,323.400,0.360,Kislovodsk
1986-02-10,1772,-6.588,-10.000,62.280,25.480,0.880,Kislovodsk
1986-02-10,1772,-6.588,-2.500,18.270,4.900,0.320,Kislovodsk
1986-03-10,1773,-7.236,-1.000,39.430,243.040,0.640,Kislovodsk
1986-04-06,1774,-6.253,,,0.000,,Debrecen
1986-05-03,1775,-3.972,6.000,64.000,33.320,0.890,Kislovodsk
1986-05-03,1775,-3.972,6.000,81.400,31.360,0.990,Kislovodsk
1986-05-30,1776,-0.914,-2.000,47.740,29.400,0.740,Kislovodsk
1986-06-27,1777,2.414,,,0.000,,Debrecen
1986-07-24,1778,5.142,,,0.000,,Debrecen
1986-08-20,1779,6.858,-10.510,-34.540,13.780,0.625,Debrecen
1986-09-16,1780,7.191,,,0.000,,Debrecen
1986-10-14,1781,5.950,,,0.000,,Debrecen
1986-11-10,1782,3.428,,,0.000,,Debrecen
1986-12-07,1783,0.126,,,0.000,,Debrecen
1987-01-04,1784,-3.341,5.100,30.900,58.800,0.530,Kislovodsk
1987-01-04,1784,-3.341,5.100,22.040,43.120,0.400,Kislovodsk
1987-01-31,1785,-5.933,-36.730,-24.890,2.120,0.622,Debrecen
1987-02-27,1786,-7.184,38.000,-51.040,117.600,0.910,Kislovodsk
1987-03-26,1787,-6.844,5.000,-18.970,321.440,0.380,Kislovodsk
1987-03-26,1787,-6.844,5.000,-72.350,241.080,0.940,Kislovodsk
1987-04-23,1788,-4.962,23.000,-56.300,134.260,0.880,Kislovodsk
1987-04-23,1788,-4.962,26.500,30.040,34.300,0.680,Kislovodsk
1987-05-20,1789,-2.129,29.000,-14.420,654.640,0.560,Kislovodsk
1987-05-20,1789,-2.129,-26.000,-16.540,16.660,0.480,Kislovodsk
1987-06-16,1790,1.101,30.610,-32.860,2.120,0.682,Debrecen
1987-06-16,1790,1.101,-23.130,-6.500,1.060,0.426,Debrecen
1987-07-13,1791,4.100,,,0.000,,Debrecen
1987-08-10,1792,6.353,-24.000,49.670,578.200,0.840,Kislovodsk
1987-08-10,1792,6.353,-26.000,-73.910,560.560,0.980,Kislovodsk
1987-08-10,1792,6.353,6.000,64.580,16.660,0.900,Kislovodsk
1987-09-06,1793,7.242,-23.000,-12.670,521.360,0.540,Kislovodsk
1987-09-06,1793,7.242,-24.500,7.990,23.520,0.540,Kislovodsk
1987-10-03,1794,6.637,28.000,-31.760,284.200,0.600,Kislovodsk
1987-10-03,1794,6.637,33.500,-69.800,37.240,0.940,Kislovodsk
1987-10-31,1795,4.512,-23.500,57.790,258.720,0.890,Kislovodsk
1987-10-31,1795,4.512,-21.500,-2.230,41.160,0.440,Kislovodsk
1987-11-27,1796,1.429,-34.500,64.450,306.740,0.940,Kislovodsk
1987-11-27,1796,1.429,-23.000,-7.390,39.200,0.430,Kislovodsk
1987-12-24,1797,-1.998,-33.500,63.440,186.200,0.920,Kislovodsk
1988-01-20,1798,-4.988,-20.000,9.160,472.360,0.300,Kislovodsk
1988-01-20,1798,-4.988,-32.000,-19.660,266.560,0.540,Kislovodsk
1988-01-20,1798,-4.988,-38.000,27.280,70.560,0.660,Kislovodsk
1988-01-20,1798,-4.988,-25.000,-17.840,5.880,0.450,Kislovodsk
1988-02-17,1799,-6.891,21.500,-26.230,680.120,0.620,Kislovodsk
1988-02-17,1799,-6.891,18.500,-37.960,155.820,0.710,Kislovodsk
1988-02-17,1799,-6.891,-15.500,-38.130,48.020,0.620,Kislovodsk
1988-03-15,1800,-7.160,-24.500,-44.650,458.640,0.720,Kislovodsk
1988-03-15,1800,-7.160,21.500,-35.680,325.360,0.710,Kislovodsk
1988-04-11,1801,-5.880,16.000,-39.070,414.540,0.700,Kislovodsk
1988-04-11,1801,-5.880,24.000,30.370,286.160,0.670,Kislovodsk
1988-04-11,1801,-5.880,16.500,23.130,166.600,0.530,Kislovodsk
1988-04-11,1801,-5.880,-32.000,-24.550,130.340,0.570,Kislovodsk
1988-04-11,1801,-5.880,-16.000,-52.290,66.640,0.790,Kislovodsk
1988-04-11,1801,-5.880,-20.000,-33.490,45.080,0.580,Kislovodsk
1988-05-09,1802,-3.286,-18.500,-28.930,192.080,0.520,Kislovodsk
1988-05-09,1802,-3.286,16.000,-21.470,46.060,0.480,Kislovodsk
1988-05-09,1802,-3.286,17.500,18.080,34.300,0.460,Kislovodsk
1988-05-09,1802,-3.286,-21.000,-67.930,18.620,0.910,Kislovodsk
1988-05-09,1802,-3.286,24.000,26.570,15.680,0.610,Kislovodsk
1988-06-05,1803,-0.132,25.500,-7.900,495.880,0.450,Kislovodsk
1988-06-05,1803,-0.132,16.000,8.220,383.180,0.310,Kislovodsk
1988-06-05,1803,-0.132,-19.000,-82.780,337.120,0.980,Kislovodsk
1988-06-05,1803,-0.132,-22.500,-31.970,313.600,0.620,Kislovodsk
1988-06-05,1803,-0.132,12.500,42.950,111.720,0.700,Kislovodsk
1988-07-02,1804,3.026,-22.000,15.670,2912.560,0.490,Kislovodsk
1988-07-02,1804,3.026,11.500,-7.900,639.940,0.200,Kislovodsk
1988-07-02,1804,3.026,25.500,-12.460,277.340,0.430,Kislovodsk
1988-07-02,1804,3.026,-19.000,26.410,75.460,0.560,Kislovodsk
1988-07-29,1805,5.588,26.500,-61.020,1459.220,0.880,Kislovodsk
1988-07-29,1805,5.588,12.000,7.490,201.880,0.170,Kislovodsk
1988-07-29,1805,5.588,25.500,-38.380,49.000,0.640,Kislovodsk
1988-07-29,1805,5.588,35.000,-73.390,43.120,0.960,Kislovodsk
1988-07-29,1805,5.588,26.000,63.920,41.160,0.900,Kislovodsk
1988-07-29,1805,5.588,15.000,-10.390,38.220,0.240,Kislovodsk
1988-08-26,1806,7.074,-22.500,-69.100,915.320,0.960,Kislovodsk
1988-08-26,1806,7.074,12.000,15.720,171.500,0.280,Kislovodsk
1988-08-26,1806,7.074,19.500,-73.870,98.000,0.960,Kislovodsk
1988-08-26,1806,7.074,20.000,-36.430,78.400,0.610,Kislovodsk
1988-08-26,1806,7.074,-26.000,28.130,19.600,0.760,Kislovodsk
1988-08-26,1806,7.074,14.500,7.370,17.640,0.180,Kislovodsk
1988-09-22,1807,7.046,-17.000,-8.490,370.440,0.430,Kislovodsk
1988-09-22,1807,7.046,-38.500,-7.340,288.120,0.720,Kislovodsk
1988-09-22,1807,7.046,27.500,-41.680,241.080,0.700,Kislovodsk
1988-09-22,1807,7.046,-12.000,66.120,233.240,0.930,Kislovodsk
1988-09-22,1807,7.046,-38.000,-24.160,93.100,0.770,Kislovodsk
1988-09-22,1807,7.046,19.500,-55.390,69.580,0.820,Kislovodsk
1988-09-22,1807,7.046,19.500,14.070,65.660,0.300,Kislovodsk
1988-09-22,1807,7.046,-40.000,-41.220,30.380,0.870,Kislovodsk
1988-09-22,1807,7.046,22.000,-39.960,29.400,0.660,Kislovodsk
1988-09-22,1807,7.046,-18.000,23.070,17.640,0.550,Kislovodsk
1988-09-22,1807,7.046,19.000,23.880,17.640,0.440,Kislovodsk
1988-09-22,1807,7.046,32.000,-12.110,13.720,0.460,Kislovodsk
1988-09-22,1807,7.046,18.500,-29.930,8.820,0.530,Kislovodsk
1988-10-19,1808,5.530,21.000,-67.380,1337.700,0.920,Kislovodsk
1988-10-19,1808,5.530,-20.000,68.340,611.520,0.950,Kislovodsk
1988-10-19,1808,5.530,24.500,36.460,227.360,0.640,Kislovodsk
1988-10-19,1808,5.530,-12.000,64.970,159.740,0.920,Kislovodsk
1988-10-19,1808,5.530,-37.000,-34.130,144.060,0.800,Kislovodsk
1988-10-19,1808,5.530,19.500,24.210,64.680,0.460,Kislovodsk
1988-10-19,1808,5.530,29.000,-50.540,62.720,0.800,Kislovodsk
1988-11-15,1809,2.799,32.500,-12.700,707.560,0.530,Kislovodsk
1988-11-15,1809,2.799,-24.000,44.960,545.860,0.780,Kislovodsk
1988-11-15,1809,2.799,15.000,-32.260,159.740,0.560,Kislovodsk
1988-11-15,1809,2.799,27.000,-73.610,111.720,0.940,Kislovodsk
1988-11-15,1809,2.799,30.000,-33.610,17.640,0.960,Kislovodsk
1988-11-15,1809,2.799,24.500,64.280,16.660,0.910,Kislovodsk
1988-11-15,1809,2.799,16.000,30.390,11.760,0.540,Kislovodsk
1988-11-15,1809,2.799,-38.000,31.890,10.780,0.720,Kislovodsk
1988-12-13,1810,-0.705,26.000,-77.020,1004.500,0.980,Kislovodsk
1988-12-13,1810,-0.705,-32.500,-25.410,461.580,0.640,Kislovodsk
1988-12-13,1810,-0.705,-32.500,-40.290,253.820,0.760,Kislovodsk
1988-12-13,1810,-0.705,30.500,-17.680,233.240,0.580,Kislovodsk
1988-12-13,1810,-0.705,18.500,37.210,178.360,0.660,Kislovodsk
1988-12-13,1810,-0.705,-18.500,28.760,125.440,0.550,Kislovodsk
1988-12-13,1810,-0.705,20.000,-47.020,121.520,0.780,Kislovodsk
1988-12-13,1810,-0.705,-36.000,19.800,81.340,0.640,Kislovodsk
1988-12-13,1810,-0.705,-25.000,24.700,63.700,0.560,Kislovodsk
1988-12-13,1810,-0.705,11.500,-12.560,62.720,0.300,Kislovodsk
1988-12-13,1810,-0.705,-13.000,-21.780,35.280,0.420,Kislovodsk
1988-12-13,1810,-0.705,-16.000,48.680,30.380,0.770,Kislovodsk
1989-01-09,1811,-3.951,-31.500,-53.450,1470.980,0.840,Kislovodsk
1989-01-09,1811,-3.951,28.000,7.140,398.860,0.540,Kislovodsk
1989-01-09,1811,-3.951,-19.000,-6.310,285.180,0.280,Kislovodsk
1989-01-09,1811,-3.951,10.000,17.510,237.160,0.380,Kislovodsk
1989-01-09,1811,-3.951,-32.500,-80.060,33.320,0.980,Kislovodsk
1989-01-09,1811,-3.951,-28.000,65.940,10.780,0.900,Kislovodsk
1989-01-09,1811,-3.951,18.000,15.490,7.840,0.450,Kislovodsk
1989-02-05,1812,-6.309,30.000,-79.090,931.000,0.970,Kislovodsk
1989-02-05,1812,-6.309,-23.000,50.430,127.400,0.780,Kislovodsk
1989-02-05,1812,-6.309,-21.500,-12.260,121.520,0.330,Kislovodsk
1989-02-05,1812,-6.309,-30.500,-70.530,113.680,0.940,Kislovodsk
1989-02-05,1812,-6.309,-27.500,-25.270,97.020,0.530,Kislovodsk
1989-02-05,1812,-6.309,16.500,-42.390,76.440,0.740,Kislovodsk
1989-02-05,1812,-6.309,21.500,26.880,59.780,0.620,Kislovodsk
1989-02-05,1812,-6.309,-33.500,-68.270,53.900,0.930,Kislovodsk
1989-02-05,1812,-6.309,-16.000,-24.750,45.080,0.440,Kislovodsk
1989-02-05,1812,-6.309,-27.500,74.930,33.320,0.960,Kislovodsk
1989-02-05,1812,-6.309,12.000,-20.480,28.420,0.460,Kislovodsk
1989-02-05,1812,-6.309,29.000,-43.970,3.920,0.820,Kislovodsk
1989-03-05,1813,-7.248,16.500,48.050,539.980,0.800,Kislovodsk
1989-03-05,1813,-7.248,11.000,59.170,323.400,0.880,Kislovodsk
1989-03-05,1813,-7.248,-11.000,-60.050,77.420,0.860,Kislovodsk
1989-03-05,1813,-7.248,25.000,-66.010,64.680,0.950,Kislovodsk
1989-03-05,1813,-7.248,-20.000,50.340,27.440,0.770,Kislovodsk
1989-03-05,1813,-7.248,-23.500,-33.670,11.760,0.590,Kislovodsk
1989-03-05,1813,-7.248,13.000,-40.360,10.780,0.720,Kislovodsk
1989-03-05,1813,-7.248,-19.000,-44.140,9.800,0.700,Kislovodsk
1989-04-01,1814,-6.533,-20.000,-50.080,1547.420,0.770,Kislovodsk
1989-04-01,1814,-6.533,-27.000,67.390,172.480,0.920,Kislovodsk
1989-04-01,1814,-6.533,13.000,58.860,94.080,0.880,Kislovodsk
1989-04-01,1814,-6.533,19.000,35.910,34.300,0.690,Kislovodsk
1989-04-01,1814,-6.533,18.000,-18.640,20.580,0.510,Kislovodsk
1989-04-01,1814,-6.533,10.500,-68.630,11.760,0.940,Kislovodsk
1989-04-01,1814,-6.533,36.000,-52.630,10.780,0.900,Kislovodsk
1989-04-28,1815,-4.448,-19.500,-46.520,749.700,0.740,Kislovodsk
1989-04-28,1815,-4.448,-22.500,63.830,580.160,0.900,Kislovodsk
1989-04-28,1815,-4.448,-19.000,31.560,255.780,0.560,Kislovodsk
1989-04-28,1815,-4.448,32.000,35.180,160.720,0.760,Kislovodsk
1989-04-28,1815,-4.448,12.000,-33.990,62.720,0.610,Kislovodsk
1989-04-28,1815,-4.448,28.500,-47.250,58.800,0.830,Kislovodsk
1989-04-28,1815,-4.448,-12.500,63.180,5.880,0.890,Kislovodsk
1989-05-25,1816,-1.484,-21.000,26.010,1030.960,0.530,Kislovodsk
1989-05-25,1816,-1.484,21.500,77.050,915.320,0.980,Kislovodsk
1989-05-25,1816,-1.484,-20.000,-61.580,722.260,0.890,Kislovodsk
1989-05-25,1816,-1.484,19.000,-66.560,227.360,0.930,Kislovodsk
1989-05-25,1816,-1.484,27.500,-70.780,175.420,0.960,Kislovodsk
1989-05-25,1816,-1.484,-27.000,48.670,158.760,0.800,Kislovodsk
1989-05-25,1816,-1.484,-17.000,73.440,150.920,0.960,Kislovodsk
1989-05-25,1816,-1.484,31.500,40.140,112.700,0.770,Kislovodsk
1989-05-25,1816,-1.484,-20.500,-44.880,107.800,0.740,Kislovodsk
1989-05-25,1816,-1.484,-23.000,-84.550,97.020,0.990,Kislovodsk
1989-05-25,1816,-1.484,13.000,69.130,87.220,0.940,Kislovodsk
1989-05-25,1816,-1.484,-27.500,-59.950,32.340,0.890,Kislovodsk
1989-05-25,1816,-1.484,-10.000,9.950,11.760,0.180,Kislovodsk
1989-05-25,1816,-1.484,-18.500,39.250,9.800,0.670,Kislovodsk
1989-06-22,1817,1.866,-21.000,53.560,1288.700,0.840,Kislovodsk
1989-06-22,1817,1.866,-19.500,-41.570,804.580,0.720,Kislovodsk
1989-06-22,1817,1.866,-20.500,-64.480,461.580,0.920,Kislovodsk
1989-06-22,1817,1.866,-20.500,80.630,395.920,0.990,Kislovodsk
1989-06-22,1817,1.866,7.500,-74.880,269.500,0.950,Kislovodsk
1989-06-22,1817,1.866,-21.000,12.870,233.240,0.440,Kislovodsk
1989-06-22,1817,1.866,-17.500,-16.780,180.320,0.430,Kislovodsk
1989-06-22,1817,1.866,18.500,-76.880,169.540,0.970,Kislovodsk
1989-06-22,1817,1.866,20.000,6.660,127.400,0.330,Kislovodsk
1989-06-22,1817,1.866,29.500,68.050,126.420,0.940,Kislovodsk
1989-06-22,1817,1.866,13.500,-68.880,48.020,0.950,Kislovodsk
1989-06-22,1817,1.866,16.500,21.960,41.160,0.440,Kislovodsk
1989-06-22,1817,1.866,-13.000,6.640,15.680,0.280,Kislovodsk
1989-07-19,1818,4.720,-22.500,12.900,550.760,0.500,Kislovodsk
1989-07-19,1818,4.720,25.500,-65.070,328.300,0.910,Kislovodsk
1989-07-19,1818,4.720,-11.500,-77.260,294.980,0.980,Kislovodsk
1989-07-19,1818,4.720,-13.000,-28.460,248.920,0.550,Kislovodsk
1989-07-19,1818,4.720,17.000,-35.500,184.240,0.600,Kislovodsk
1989-07-19,1818,4.720,10.000,29.790,142.100,0.500,Kislovodsk
1989-07-19,1818,4.720,-22.000,-68.570,119.560,0.960,Kislovodsk
1989-07-19,1818,4.720,26.000,25.930,117.600,0.540,Kislovodsk
1989-07-19,1818,4.720,23.500,-77.570,69.580,0.970,Kislovodsk
1989-08-15,1819,6.648,16.000,-24.890,2175.600,0.440,Kislovodsk
1989-08-15,1819,6.648,-19.000,70.230,1407.280,0.960,Kislovodsk
1989-08-15,1819,6.648,26.000,-59.020,588.000,0.860,Kislovodsk
1989-08-15,1819,6.648,-24.500,-56.110,433.160,0.890,Kislovodsk
1989-08-15,1819,6.648,-16.000,44.430,290.080,0.760,Kislovodsk
1989-08-15,1819,6.648,26.000,-88.630,195.020,0.980,Kislovodsk
1989-08-15,1819,6.648,-27.500,67.760,150.920,0.960,Kislovodsk
1989-08-15,1819,6.648,28.000,-10.560,135.240,0.400,Kislovodsk
1989-08-15,1819,6.648,19.500,-52.150,97.020,0.790,Kislovodsk
1989-08-15,1819,6.648,11.500,-13.180,28.420,0.240,Kislovodsk
1989-08-15,1819,6.648,12.000,26.570,25.480,0.450,Kislovodsk
1989-09-11,1820,7.242,16.500,-13.680,1301.440,0.280,Kislovodsk
1989-09-11,1820,7.242,-17.500,59.950,923.160,0.900,Kislovodsk
1989-09-11,1820,7.242,-42.000,18.900,491.960,0.790,Kislovodsk
1989-09-11,1820,7.242,15.500,-35.220,386.120,0.580,Kislovodsk
1989-09-11,1820,7.242,-14.000,-45.020,285.180,0.760,Kislovodsk
1989-09-11,1820,7.242,26.500,16.490,268.520,0.420,Kislovodsk
1989-09-11,1820,7.242,6.500,5.730,92.120,0.100,Kislovodsk
1989-09-11,1820,7.242,21.000,-52.180,57.820,0.790,Kislovodsk
1989-09-11,1820,7.242,-22.500,-64.350,35.280,0.940,Kislovodsk
1989-09-11,1820,7.242,28.000,-25.770,5.880,0.530,Kislovodsk
1989-10-09,1821,6.271,26.000,52.930,869.260,0.810,Kislovodsk
1989-10-09,1821,6.271,16.500,-28.820,224.420,0.500,Kislovodsk
1989-10-09,1821,6.271,18.000,5.020,223.440,0.220,Kislovodsk
1989-10-09,1821,6.271,-20.000,66.090,211.680,0.940,Kislovodsk
1989-10-09,1821,6.271,22.500,50.510,165.620,0.780,Kislovodsk
1989-10-09,1821,6.271,27.500,9.190,135.240,0.390,Kislovodsk
1989-10-09,1821,6.271,33.000,-18.940,66.640,0.530,Kislovodsk
1989-10-09,1821,6.271,13.000,-83.520,63.700,0.990,Kislovodsk
1989-10-09,1821,6.271,-19.500,9.410,33.320,0.460,Kislovodsk
1989-10-09,1821,6.271,21.000,-61.990,30.380,0.880,Kislovodsk
1989-10-09,1821,6.271,-29.000,-3.700,23.520,0.580,Kislovodsk
1989-10-09,1821,6.271,26.500,-81.020,7.840,0.950,Kislovodsk
1989-11-05,1822,3.948,22.000,-15.640,672.280,0.400,Kislovodsk
1989-11-05,1822,3.948,14.000,-43.900,563.500,0.700,Kislovodsk
1989-11-05,1822,3.948,18.000,-74.180,548.800,0.960,Kislovodsk
1989-11-05,1822,3.948,10.500,-60.670,178.360,0.870,Kislovodsk
1989-11-05,1822,3.948,17.000,27.550,168.560,0.500,Kislovodsk
1989-11-05,1822,3.948,20.000,82.800,158.760,0.990,Kislovodsk
1989-11-05,1822,3.948,-19.500,2.510,152.880,0.400,Kislovodsk
1989-11-05,1822,3.948,-18.000,8.730,43.120,0.400,Kislovodsk
1989-11-05,1822,3.948,15.500,-8.870,41.160,0.250,Kislovodsk
1989-11-05,1822,3.948,12.000,-8.350,20.580,0.200,Kislovodsk
1989-11-05,1822,3.948,-15.500,63.230,17.640,0.910,Kislovodsk
1989-11-05,1822,3.948,-15.000,31.450,15.680,0.600,Kislovodsk
1989-12-02,1823,0.735,17.500,33.400,706.580,0.600,Kislovodsk
1989-12-02,1823,0.735,9.500,-2.830,557.620,0.160,Kislovodsk
1989-12-02,1823,0.735,24.000,74.910,541.940,0.970,Kislovodsk
1989-12-02,1823,0.735,18.000,-55.500,459.620,0.840,Kislovodsk
1989-12-02,1823,0.735,19.000,-82.350,318.500,0.970,Kislovodsk
1989-12-02,1823,0.735,-18.000,-6.750,138.180,0.340,Kislovodsk
1989-12-02,1823,0.735,-17.000,-24.550,106.820,0.500,Kislovodsk
1989-12-02,1823,0.735,-16.500,-50.980,90.160,0.800,Kislovodsk
1989-12-02,1823,0.735,-12.000,36.400,73.500,0.620,Kislovodsk
1989-12-02,1823,0.735,-14.500,65.910,46.060,0.920,Kislovodsk
1989-12-02,1823,0.735,15.000,25.960,31.360,0.490,Kislovodsk
1989-12-02,1823,0.735,11.000,-32.690,27.440,0.560,Kislovodsk
1989-12-02,1823,0.735,11.500,-45.120,17.640,0.720,Kislovodsk
1989-12-02,1823,0.735,-12.000,63.360,11.760,0.900,Kislovodsk
1989-12-02,1823,0.735,18.000,41.690,10.780,0.700,Kislovodsk
1989-12-30,1824,-2.785,-26.500,35.290,2406.880,0.660,Kislovodsk
1989-12-30,1824,-2.785,23.500,14.850,744.800,0.500,Kislovodsk
1989-12-30,1824,-2.785,12.500,-51.240,495.880,0.800,Kislovodsk
1989-12-30,1824,-2.785,-10.000,10.530,405.720,0.220,Kislovodsk
1989-12-30,1824,-2.785,-19.000,-9.440,250.880,0.320,Kislovodsk
1989-12-30,1824,-2.785,18.000,-50.720,233.240,0.810,Kislovodsk
1989-12-30,1824,-2.785,-38.000,-83.090,178.360,0.990,Kislovodsk
1989-12-30,1824,-2.785,11.000,-69.060,95.060,0.940,Kislovodsk
1989-12-30,1824,-2.785,14.500,-68.590,83.300,0.940,Kislovodsk
1989-12-30,1824,-2.785,-11.000,24.980,66.640,0.440,Kislovodsk
1989-12-30,1824,-2.785,26.000,64.330,47.040,0.930,Kislovodsk
1989-12-30,1824,-2.785,-15.000,15.120,31.360,0.330,Kislovodsk
1989-12-30,1824,-2.785,11.000,-39.090,19.600,0.640,Kislovodsk
1990-01-26,1825,-5.559,-11.500,-21.130,1557.220,0.370,Kislovodsk
1990-01-26,1825,-5.559,-10.500,48.860,381.220,0.750,Kislovodsk
1990-01-26,1825,-5.559,10.000,-49.030,334.180,0.780,Kislovodsk
1990-01-26,1825,-5.559,-29.000,24.090,324.380,0.540,Kislovodsk
1990-01-26,1825,-5.559,22.500,-33.100,302.820,0.680,Kislovodsk
1990-01-26,1825,-5.559,8.000,74.910,52.920,0.970,Kislovodsk
1990-01-26,1825,-5.559,12.000,32.600,31.360,0.600,Kislovodsk
1990-01-26,1825,-5.559,-15.500,31.730,30.380,0.540,Kislovodsk
1990-01-26,1825,-5.559,12.000,6.360,29.400,0.320,Kislovodsk
1990-01-26,1825,-5.559,-16.000,-42.400,23.520,0.680,Kislovodsk
1990-01-26,1825,-5.559,-10.000,9.460,20.580,0.180,Kislovodsk
1990-02-22,1826,-7.077,-16.500,-47.920,739.900,0.740,Kislovodsk
1990-02-22,1826,-7.077,2.000,8.910,529.200,0.220,Kislovodsk
1990-02-22,1826,-7.077,15.500,-51.850,478.240,0.830,Kislovodsk
1990-02-22,1826,-7.077,-37.000,-28.840,312.620,0.640,Kislovodsk
1990-02-22,1826,-7.077,-13.000,-35.530,176.400,0.580,Kislovodsk
1990-02-22,1826,-7.077,-11.000,-17.230,162.680,0.300,Kislovodsk
1990-02-22,1826,-7.077,-10.000,-69.190,66.640,0.930,Kislovodsk
1990-02-22,1826,-7.077,-4.000,-1.690,22.540,0.100,Kislovodsk
1990-02-22,1826,-7.077,-18.500,35.810,8.820,0.600,Kislovodsk
1990-02-22,1826,-7.077,20.500,-63.690,6.860,0.930,Kislovodsk
1990-02-22,1826,-7.077,-10.000,41.680,2.940,0.660,Kislovodsk
1990-03-21,1827,-7.018,-35.500,14.230,1023.120,0.520,Kislovodsk
1990-03-21,1827,-7.018,-8.000,-63.470,600.740,0.890,Kislovodsk
1990-03-21,1827,-7.018,-33.500,-44.130,380.240,0.750,Kislovodsk
1990-03-21,1827,-7.018,32.000,65.820,207.760,0.960,Kislovodsk
1990-03-21,1827,-7.018,-18.000,-52.440,196.000,0.790,Kislovodsk
1990-03-21,1827,-7.018,-13.500,-34.730,76.440,0.570,Kislovodsk
1990-03-21,1827,-7.018,15.000,-45.690,27.440,0.770,Kislovodsk
1990-03-21,1827,-7.018,-11.500,-19.630,10.780,0.340,Kislovodsk
1990-03-21,1827,-7.018,-20.000,12.950,7.840,0.310,Kislovodsk
1990-03-21,1827,-7.018,-32.500,28.680,5.880,0.600,Kislovodsk
1990-03-21,1827,-7.018,18.500,-23.910,5.880,0.570,Kislovodsk
1990-04-18,1828,-5.375,29.000,-17.600,1301.440,0.620,Kislovodsk
1990-04-18,1828,-5.375,-15.000,-24.690,364.560,0.440,Kislovodsk
1990-04-18,1828,-5.375,-34.000,9.680,243.040,0.500,Kislovodsk
1990-04-18,1828,-5.375,-21.000,-45.770,204.820,0.720,Kislovodsk
1990-04-18,1828,-5.375,19.500,64.850,156.800,0.930,Kislovodsk
1990-04-18,1828,-5.375,11.000,35.620,64.680,0.630,Kislovodsk
1990-04-18,1828,-5.375,-16.500,-12.100,54.880,0.280,Kislovodsk
1990-04-18,1828,-5.375,-10.000,22.060,40.180,0.380,Kislovodsk
1990-04-18,1828,-5.375,23.000,-62.120,33.320,0.920,Kislovodsk
1990-04-18,1828,-5.375,20.000,-29.200,15.680,0.620,Kislovodsk
1990-05-15,1829,-2.676,33.000,-43.080,1320.060,0.810,Kislovodsk
1990-05-15,1829,-2.676,-17.500,-52.040,948.640,0.800,Kislovodsk
1990-05-15,1829,-2.676,20.500,-9.100,239.120,0.420,Kislovodsk
1990-05-15,1829,-2.676,28.000,-29.940,224.420,0.670,Kislovodsk
1990-05-15,1829,-2.676,21.500,-13.150,141.120,0.460,Kislovodsk
1990-05-15,1829,-2.676,17.000,72.100,98.000,0.960,Kislovodsk
1990-05-15,1829,-2.676,14.000,16.810,70.560,0.400,Kislovodsk
1990-05-15,1829,-2.676,18.500,29.780,27.440,0.590,Kislovodsk
1990-05-15,1829,-2.676,-20.000,17.320,5.880,0.410,Kislovodsk
1990-06-11,1830,0.530,8.500,20.280,648.760,0.370,Kislovodsk
1990-06-11,1830,0.530,-15.000,-49.430,498.820,0.780,Kislovodsk
1990-06-11,1830,0.530,23.000,13.670,223.440,0.440,Kislovodsk
1990-06-11,1830,0.530,-13.000,75.430,51.940,0.970,Kislovodsk
1990-06-11,1830,0.530,-10.500,10.320,23.520,0.260,Kislovodsk
1990-06-11,1830,0.530,25.500,-37.100,19.600,0.690,Kislovodsk
1990-06-11,1830,0.530,12.000,65.940,18.620,0.920,Kislovodsk
1990-06-11,1830,0.530,22.500,-22.960,5.880,0.520,Kislovodsk
1990-07-09,1831,3.718,-13.500,80.740,690.900,0.990,Kislovodsk
1990-07-09,1831,3.718,17.500,54.480,635.040,0.820,Kislovodsk
1990-07-09,1831,3.718,-22.000,79.700,522.340,0.990,Kislovodsk
1990-07-09,1831,3.718,21.000,30.190,467.460,0.560,Kislovodsk
1990-07-09,1831,3.718,-16.400,-45.730,192.080,0.760,Kislovodsk
1990-07-09,1831,3.718,11.500,-63.060,98.000,0.890,Kislovodsk
1990-07-09,1831,3.718,-18.000,58.560,63.700,0.880,Kislovodsk
1990-07-09,1831,3.718,-22.500,-37.740,17.640,0.710,Kislovodsk
1990-07-09,1831,3.718,-9.000,0.830,8.820,0.230,Kislovodsk
1990-08-05,1832,6.055,15.500,-22.020,407.680,0.400,Kislovodsk
1990-08-05,1832,6.055,23.500,-21.950,309.680,0.460,Kislovodsk
1990-08-05,1832,6.055,-25.500,78.010,194.040,0.990,Kislovodsk
1990-08-05,1832,6.055,22.000,-42.080,164.640,0.690,Kislovodsk
1990-08-05,1832,6.055,14.500,49.640,139.160,0.760,Kislovodsk
1990-08-05,1832,6.055,-18.000,-4.680,96.040,0.420,Kislovodsk
1990-08-05,1832,6.055,-9.500,49.990,87.220,0.790,Kislovodsk
1990-08-05,1832,6.055,17.000,35.250,58.800,0.590,Kislovodsk
1990-08-05,1832,6.055,-16.500,51.320,25.480,0.810,Kislovodsk
1990-09-01,1833,7.191,12.000,43.220,814.380,0.680,Kislovodsk
1990-09-01,1833,7.191,-8.000,77.270,363.580,0.980,Kislovodsk
1990-09-01,1833,7.191,-14.000,-21.400,241.080,0.500,Kislovodsk
1990-09-01,1833,7.191,11.500,-41.660,207.760,0.660,Kislovodsk
1990-09-01,1833,7.191,14.500,-29.660,139.160,0.500,Kislovodsk
1990-09-01,1833,7.191,-26.000,63.630,106.820,0.940,Kislovodsk
1990-09-01,1833,7.191,-21.000,-16.840,48.020,0.540,Kislovodsk
1990-09-01,1833,7.191,-16.500,-7.530,33.320,0.420,Kislovodsk
1990-09-01,1833,7.191,-19.500,-46.670,32.340,0.800,Kislovodsk
1990-09-28,1834,6.854,-7.000,-12.540,741.860,0.320,Kislovodsk
1990-09-28,1834,6.854,13.000,23.130,247.940,0.400,Kislovodsk
1990-09-28,1834,6.854,-25.500,48.490,205.800,0.840,Kislovodsk
1990-09-28,1834,6.854,-16.000,27.870,49.000,0.570,Kislovodsk
1990-09-28,1834,6.854,-13.000,-20.840,45.080,0.480,Kislovodsk
1990-09-28,1834,6.854,-9.000,72.270,31.360,0.960,Kislovodsk
1990-09-28,1834,6.854,9.500,-19.130,12.740,0.340,Kislovodsk
1990-10-26,1835,4.967,-15.000,-25.240,384.160,0.530,Kislovodsk
1990-10-26,1835,4.967,18.000,35.300,376.320,0.600,Kislovodsk
1990-10-26,1835,4.967,17.000,13.750,65.660,0.310,Kislovodsk
1990-10-26,1835,4.967,-26.000,49.580,54.880,0.840,Kislovodsk
1990-11-22,1836,2.020,18.000,33.070,2676.380,0.590,Kislovodsk
1990-11-22,1836,2.020,-17.500,48.110,186.200,0.780,Kislovodsk
1990-11-22,1836,2.020,-18.000,-11.400,174.440,0.390,Kislovodsk
1990-11-22,1836,2.020,16.500,75.920,127.400,0.970,Kislovodsk
1990-11-22,1836,2.020,-5.500,-34.740,51.940,0.590,Kislovodsk
1990-11-22,1836,2.020,-10.000,-43.240,33.320,0.730,Kislovodsk
1990-12-19,1837,-1.402,16.000,47.860,1364.160,0.770,Kislovodsk
1990-12-19,1837,-1.402,10.000,33.720,624.260,0.580,Kislovodsk
1990-12-19,1837,-1.402,20.000,22.400,622.300,0.510,Kislovodsk
1990-12-19,1837,-1.402,3.000,46.700,299.880,0.730,Kislovodsk
1990-12-19,1837,-1.402,-6.000,5.900,88.200,0.130,Kislovodsk
1990-12-19,1837,-1.402,18.000,-69.060,16.660,0.940,Kislovodsk
1990-12-19,1837,-1.402,12.000,-10.560,7.840,0.290,Kislovodsk
1991-01-15,1838,-4.524,13.000,20.340,1956.080,0.450,Kislovodsk
1991-01-15,1838,-4.524,-8.000,-24.740,359.660,0.420,Kislovodsk
1991-01-15,1838,-4.524,-21.000,-22.530,76.440,0.460,Kislovodsk
1991-01-15,1838,-4.524,28.000,-34.980,60.760,0.710,Kislovodsk
1991-01-15,1838,-4.524,-14.000,-11.890,23.520,0.260,Kislovodsk
1991-01-15,1838,-4.524,-34.000,58.580,15.680,0.880,Kislovodsk
1991-02-12,1839,-6.677,13.500,16.680,721.280,0.440,Kislovodsk
1991-02-12,1839,-6.677,13.000,27.980,525.280,0.560,Kislovodsk
1991-02-12,1839,-6.677,28.000,-66.680,172.480,0.940,Kislovodsk
1991-02-12,1839,-6.677,23.500,-69.680,170.520,0.960,Kislovodsk
1991-02-12,1839,-6.677,-11.000,-29.380,115.640,0.490,Kislovodsk
1991-02-12,1839,-6.677,-5.500,-37.070,68.600,0.600,Kislovodsk
1991-02-12,1839,-6.677,-11.500,74.700,41.160,0.960,Kislovodsk
1991-02-12,1839,-6.677,-13.500,16.320,23.520,0.260,Kislovodsk
1991-02-12,1839,-6.677,-13.000,-15.210,17.640,0.280,Kislovodsk
1991-02-12,1839,-6.677,-8.000,7.410,14.700,0.130,Kislovodsk
1991-02-12,1839,-6.677,-21.000,10.310,7.840,0.300,Kislovodsk
1991-03-11,1840,-7.230,19.500,6.060,1455.300,0.460,Kislovodsk
1991-03-11,1840,-7.230,-10.000,-72.180,629.160,0.960,Kislovodsk
1991-03-11,1840,-7.230,-11.500,-25.460,266.560,0.430,Kislovodsk
1991-03-11,1840,-7.230,-24.500,-87.680,217.560,0.990,Kislovodsk
1991-03-11,1840,-7.230,-8.000,1.550,207.760,0.030,Kislovodsk
1991-04-07,1841,-6.207,13.000,51.980,462.560,0.820,Kislovodsk
1991-04-07,1841,-6.207,-11.000,50.750,323.400,0.770,Kislovodsk
1991-04-07,1841,-6.207,9.000,24.400,295.960,0.480,Kislovodsk
1991-04-07,1841,-6.207,3.500,-36.370,162.680,0.610,Kislovodsk
1991-04-07,1841,-6.207,-22.000,-59.400,148.960,0.870,Kislovodsk
1991-04-07,1841,-6.207,-25.000,-18.920,36.260,0.440,Kislovodsk
1991-04-07,1841,-6.207,-13.500,-10.570,31.360,0.220,Kislovodsk
1991-04-07,1841,-6.207,-21.000,23.010,25.480,0.450,Kislovodsk
1991-04-07,1841,-6.207,-14.000,-22.630,16.660,0.400,Kislovodsk
1991-04-07,1841,-6.207,25.500,-36.730,10.780,0.740,Kislovodsk
1991-04-07,1841,-6.207,-20.000,-11.020,7.840,0.300,Kislovodsk
1991-04-07,1841,-6.207,7.000,-28.480,5.880,0.520,Kislovodsk
1991-04-07,1841,-6.207,-9.000,-33.560,2.940,0.550,Kislovodsk
1991-05-05,1842,-3.794,28.500,-78.640,342.020,0.990,Kislovodsk
1991-05-05,1842,-3.794,7.500,41.420,220.500,0.680,Kislovodsk
1991-05-05,1842,-3.794,-23.000,27.350,175.420,0.540,Kislovodsk
1991-05-05,1842,-3.794,-24.000,66.400,94.080,0.920,Kislovodsk
1991-05-05,1842,-3.794,-12.500,-13.170,44.100,0.270,Kislovodsk
1991-05-05,1842,-3.794,16.000,-67.990,21.560,0.940,Kislovodsk
1991-05-05,1842,-3.794,-6.500,19.160,18.620,0.330,Kislovodsk
1991-06-01,1843,-0.708,19.000,50.290,1093.680,0.800,Kislovodsk
1991-06-01,1843,-0.708,19.000,-78.360,545.860,0.960,Kislovodsk
1991-06-01,1843,-0.708,5.500,-10.430,509.600,0.210,Kislovodsk
1991-06-01,1843,-0.708,-16.000,15.630,462.560,0.370,Kislovodsk
1991-06-01,1843,-0.708,8.000,-76.360,138.180,0.970,Kislovodsk
1991-06-01,1843,-0.708,-11.000,-41.880,60.760,0.680,Kislovodsk
1991-06-01,1843,-0.708,12.000,54.000,52.920,0.820,Kislovodsk
1991-06-01,1843,-0.708,-27.000,62.670,20.580,0.910,Kislovodsk
1991-06-01,1843,-0.708,-9.000,-8.880,15.680,0.210,Kislovodsk
1991-06-01,1843,-0.708,-18.000,2.440,4.900,0.300,Kislovodsk
1991-06-28,1844,2.496,5.500,-7.480,519.400,0.140,Kislovodsk
1991-06-28,1844,2.496,7.000,-13.180,403.760,0.240,Kislovodsk
1991-06-28,1844,2.496,2.500,-30.690,295.960,0.510,Kislovodsk
1991-06-28,1844,2.496,10.500,-68.520,278.320,0.930,Kislovodsk
1991-06-28,1844,2.496,19.000,-82.560,241.080,0.990,Kislovodsk
1991-06-28,1844,2.496,-4.500,5.050,63.700,0.150,Kislovodsk
1991-06-28,1844,2.496,-7.000,-20.250,24.500,0.380,Kislovodsk
1991-06-28,1844,2.496,22.000,-48.860,20.580,0.780,Kislovodsk
1991-06-28,1844,2.496,-16.000,58.270,19.600,0.870,Kislovodsk
1991-06-28,1844,2.496,-28.500,-17.560,11.760,0.570,Kislovodsk
1991-06-28,1844,2.496,-11.500,-11.480,9.800,0.310,Kislovodsk
1991-06-28,1844,2.496,-13.500,-15.710,8.820,0.380,Kislovodsk
1991-06-28,1844,2.496,18.500,-4.560,7.840,0.280,Kislovodsk
1991-07-25,1845,5.203,8.000,-10.660,1376.900,0.190,Kislovodsk
1991-07-25,1845,5.203,-16.000,-7.090,458.640,0.380,Kislovodsk
1991-07-25,1845,5.203,1.000,-24.520,247.940,0.420,Kislovodsk
1991-07-25,1845,5.203,-11.000,29.310,160.720,0.550,Kislovodsk
1991-07-25,1845,5.203,5.000,-5.760,140.140,0.100,Kislovodsk
1991-07-25,1845,5.203,-23.500,75.080,125.440,0.980,Kislovodsk
1991-07-25,1845,5.203,-11.500,13.950,35.280,0.370,Kislovodsk
1991-07-25,1845,5.203,-6.500,6.320,20.580,0.230,Kislovodsk
1991-07-25,1845,5.203,-2.000,61.290,20.580,0.880,Kislovodsk
1991-07-25,1845,5.203,-21.500,-3.930,19.600,0.470,Kislovodsk
1991-07-25,1845,5.203,21.000,48.390,14.700,0.760,Kislovodsk
1991-07-25,1845,5.203,-22.000,-49.930,12.740,0.820,Kislovodsk
1991-07-25,1845,5.203,-26.000,-17.350,8.820,0.580,Kislovodsk
1991-08-22,1846,6.923,-10.500,35.930,1624.840,0.640,Kislovodsk
1991-08-22,1846,6.923,-10.000,19.110,587.020,0.430,Kislovodsk
1991-08-22,1846,6.923,-20.000,51.260,423.360,0.840,Kislovodsk
1991-08-22,1846,6.923,9.000,-18.120,309.680,0.310,Kislovodsk
1991-08-22,1846,6.923,16.000,-8.210,238.140,0.210,Kislovodsk
1991-08-22,1846,6.923,10.000,4.900,225.400,0.100,Kislovodsk
1991-08-22,1846,6.923,-27.500,4.920,152.880,0.570,Kislovodsk
1991-08-22,1846,6.923,12.000,-51.780,114.660,0.780,Kislovodsk
1991-08-22,1846,6.923,-10.500,55.790,94.080,0.850,Kislovodsk
1991-08-22,1846,6.923,1.000,-13.250,90.160,0.250,Kislovodsk
1991-08-22,1846,6.923,23.000,53.830,62.720,0.810,Kislovodsk
1991-08-22,1846,6.923,-10.000,-26.480,58.800,0.520,Kislovodsk
1991-08-22,1846,6.923,-4.000,10.400,47.040,0.260,Kislovodsk
1991-08-22,1846,6.923,-18.000,7.860,45.080,0.440,Kislovodsk
1991-09-18,1847,7.161,6.000,-15.130,395.920,0.260,Kislovodsk
1991-09-18,1847,7.161,-21.000,36.050,96.040,0.710,Kislovodsk
1991-09-18,1847,7.161,-12.500,2.940,20.580,0.340,Kislovodsk
1991-09-18,1847,7.161,8.500,-55.690,7.840,0.850,Kislovodsk
1991-10-15,1848,5.898,-23.000,10.490,628.180,0.510,Kislovodsk
1991-10-15,1848,5.898,22.000,-63.090,297.920,0.890,Kislovodsk
1991-10-15,1848,5.898,-21.000,-29.880,228.340,0.640,Kislovodsk
1991-10-15,1848,5.898,6.500,13.360,177.380,0.230,Kislovodsk
1991-10-15,1848,5.898,-38.000,17.710,58.800,0.730,Kislovodsk
1991-10-15,1848,5.898,-10.000,77.210,55.860,0.980,Kislovodsk
1991-10-15,1848,5.898,6.500,-5.740,17.640,0.100,Kislovodsk
1991-10-15,1848,5.898,-10.000,21.590,16.660,0.450,Kislovodsk
1991-10-15,1848,5.898,-2.500,-20.370,7.840,0.400,Kislovodsk
1991-10-15,1848,5.898,1.000,3.000,4.900,0.100,Kislovodsk
1991-11-11,1849,3.347,-12.500,-45.330,662.480,0.740,Kislovodsk
1991-11-11,1849,3.347,18.500,-7.550,441.980,0.290,Kislovodsk
1991-11-11,1849,3.347,20.500,11.500,165.620,0.350,Kislovodsk
1991-11-11,1849,3.347,9.000,-24.340,164.640,0.420,Kislovodsk
1991-11-11,1849,3.347,5.500,17.380,15.680,0.300,Kislovodsk
1991-11-11,1849,3.347,-20.500,50.660,3.920,0.820,Kislovodsk
1991-11-11,1849,3.347,-21.000,-29.230,2.940,0.610,Kislovodsk
1991-12-09,1850,-0.094,8.500,-48.900,808.500,0.760,Kislovodsk
1991-12-09,1850,-0.094,-19.000,-14.360,604.660,0.400,Kislovodsk
1991-12-09,1850,-0.094,17.000,-10.300,550.760,0.340,Kislovodsk
1991-12-09,1850,-0.094,-4.000,-88.730,356.720,0.990,Kislovodsk
1991-12-09,1850,-0.094,-11.000,6.570,252.840,0.220,Kislovodsk
1991-12-09,1850,-0.094,10.000,2.390,223.440,0.180,Kislovodsk
1991-12-09,1850,-0.094,-9.000,75.770,211.680,0.970,Kislovodsk
1991-12-09,1850,-0.094,-5.500,51.060,171.500,0.780,Kislovodsk
1991-12-09,1850,-0.094,19.500,27.560,63.700,0.550,Kislovodsk
1991-12-09,1850,-0.094,-23.000,-21.720,54.880,0.530,Kislovodsk
1991-12-09,1850,-0.094,-16.000,-27.220,52.920,0.540,Kislovodsk
1991-12-09,1850,-0.094,-6.500,-63.990,45.080,0.900,Kislovodsk
1991-12-09,1850,-0.094,-23.000,-47.720,23.520,0.780,Kislovodsk
1992-01-05,1851,-3.423,-10.000,-2.070,909.440,0.120,Kislovodsk
1992-01-05,1851,-3.423,-15.500,-20.570,880.040,0.400,Kislovodsk
1992-01-05,1851,-3.423,-15.500,72.060,550.760,0.950,Kislovodsk
1992-01-05,1851,-3.423,8.500,-46.350,517.440,0.740,Kislovodsk
1992-01-05,1851,-3.423,-12.000,9.470,305.760,0.220,Kislovodsk
1992-01-05,1851,-3.423,2.000,-53.850,211.680,0.810,Kislovodsk
1992-01-05,1851,-3.423,24.500,-84.440,133.280,0.990,Kislovodsk
1992-01-05,1851,-3.423,-14.000,62.560,76.440,0.880,Kislovodsk
1992-01-05,1851,-3.423,-19.000,-28.610,70.560,0.530,Kislovodsk
1992-01-05,1851,-3.423,16.500,-64.710,31.360,0.920,Kislovodsk
1992-02-01,1852,-5.985,-6.000,32.190,996.660,0.530,Kislovodsk
1992-02-01,1852,-5.985,-15.000,-34.930,657.580,0.580,Kislovodsk
1992-02-01,1852,-5.985,-13.000,-57.610,478.240,0.840,Kislovodsk
1992-02-01,1852,-5.985,-12.000,8.560,477.260,0.180,Kislovodsk
1992-02-01,1852,-5.985,16.000,44.770,379.260,0.760,Kislovodsk
1992-02-01,1852,-5.985,-16.000,-68.760,281.260,0.930,Kislovodsk
1992-02-01,1852,-5.985,-14.500,74.710,192.080,0.960,Kislovodsk
1992-02-01,1852,-5.985,6.000,-44.550,163.660,0.720,Kislovodsk
1992-02-01,1852,-5.985,8.000,-15.010,120.540,0.350,Kislovodsk
1992-02-01,1852,-5.985,-28.000,-60.260,78.400,0.880,Kislovodsk
1992-02-01,1852,-5.985,-12.500,43.760,45.080,0.690,Kislovodsk
1992-02-01,1852,-5.985,1.000,69.740,12.740,0.930,Kislovodsk
1992-02-01,1852,-5.985,4.500,29.570,5.880,0.520,Kislovodsk
1992-02-01,1852,-5.985,-15.500,11.910,4.900,0.260,Kislovodsk
1992-02-29,1853,-7.210,3.500,58.460,776.160,0.860,Kislovodsk
1992-02-29,1853,-7.210,6.500,31.250,558.600,0.560,Kislovodsk
1992-02-29,1853,-7.210,-5.500,38.530,315.560,0.620,Kislovodsk
1992-02-29,1853,-7.210,-11.000,21.030,232.260,0.360,Kislovodsk
1992-02-29,1853,-7.210,15.000,11.210,190.120,0.420,Kislovodsk
1992-02-29,1853,-7.210,19.000,-5.390,137.200,0.450,Kislovodsk
1992-02-29,1853,-7.210,-16.000,-11.760,18.620,0.250,Kislovodsk
1992-02-29,1853,-7.210,-10.500,56.530,17.640,0.820,Kislovodsk
1992-02-29,1853,-7.210,-12.500,-41.620,12.740,0.660,Kislovodsk
1992-02-29,1853,-7.210,15.000,60.740,8.820,0.900,Kislovodsk
1992-03-27,1854,-6.770,5.500,-25.980,1339.660,0.480,Kislovodsk
1992-03-27,1854,-6.770,-10.500,-21.650,475.300,0.370,Kislovodsk
1992-03-27,1854,-6.770,-20.000,75.120,52.920,0.960,Kislovodsk
1992-03-27,1854,-6.770,-19.500,-45.630,20.580,0.720,Kislovodsk
1992-03-27,1854,-6.770,-15.000,-13.590,7.840,0.270,Kislovodsk
1992-04-23,1855,-4.897,-18.000,6.300,571.340,0.250,Kislovodsk
1992-04-23,1855,-4.897,-7.500,-77.510,376.320,0.960,Kislovodsk
1992-04-23,1855,-4.897,-21.000,-16.850,258.720,0.390,Kislovodsk
1992-04-23,1855,-4.897,8.500,-22.470,249.900,0.440,Kislovodsk
1992-04-23,1855,-4.897,-27.000,38.530,178.360,0.680,Kislovodsk
1992-04-23,1855,-4.897,-21.000,83.180,127.400,0.990,Kislovodsk
1992-04-23,1855,-4.897,-24.000,-50.550,57.820,0.790,Kislovodsk
1992-04-23,1855,-4.897,-11.000,-31.050,49.000,0.520,Kislovodsk
1992-04-23,1855,-4.897,15.500,47.990,18.620,0.760,Kislovodsk
1992-04-23,1855,-4.897,-17.500,-21.870,13.720,0.420,Kislovodsk
1992-05-20,1856,-2.045,22.000,-38.270,355.740,0.700,Kislovodsk
1992-05-20,1856,-2.045,13.000,-80.930,114.660,0.990,Kislovodsk
1992-06-17,1857,1.305,24.500,-33.460,331.240,0.640,Kislovodsk
1992-06-17,1857,1.305,-12.000,18.060,201.880,0.380,Kislovodsk
1992-06-17,1857,1.305,-11.000,-12.450,156.800,0.300,Kislovodsk
1992-06-17,1857,1.305,10.500,-42.130,50.960,0.680,Kislovodsk
1992-06-17,1857,1.305,-25.000,-10.890,34.300,0.500,Kislovodsk
1992-07-14,1858,4.269,-12.000,17.160,1147.580,0.400,Kislovodsk
1992-07-14,1858,4.269,-12.000,30.090,617.400,0.560,Kislovodsk
1992-07-14,1858,4.269,-10.500,-23.160,215.600,0.460,Kislovodsk
1992-07-14,1858,4.269,-5.000,-27.180,176.400,0.480,Kislovodsk
1992-07-14,1858,4.269,22.000,-45.790,63.700,0.740,Kislovodsk
1992-07-14,1858,4.269,8.000,-29.950,56.840,0.500,Kislovodsk
1992-07-14,1858,4.269,-16.500,-70.650,28.420,0.960,Kislovodsk
1992-07-14,1858,4.269,-7.000,57.220,8.820,0.850,Kislovodsk
1992-08-10,1859,6.395,-12.000,29.650,609.560,0.570,Kislovodsk
1992-08-10,1859,6.395,-7.000,62.890,356.720,0.900,Kislovodsk
1992-08-10,1859,6.395,-20.000,62.580,260.680,0.920,Kislovodsk
1992-08-10,1859,6.395,-16.000,-48.680,166.600,0.800,Kislovodsk
1992-08-10,1859,6.395,-18.500,29.540,15.680,0.620,Kislovodsk
1992-08-10,1859,6.395,-10.500,15.610,13.720,0.390,Kislovodsk
1992-09-06,1860,7.246,-11.000,30.540,589.960,0.580,Kislovodsk
1992-09-06,1860,7.246,-8.000,60.260,20.580,0.880,Kislovodsk
1992-09-06,1860,7.246,5.500,10.290,19.600,0.180,Kislovodsk
1992-10-04,1861,6.548,-7.820,50.150,314.820,0.791,Debrecen
1992-10-04,1861,6.548,-17.880,-22.080,164.300,0.543,Debrecen
1992-10-04,1861,6.548,8.880,-52.970,151.580,0.795,Debrecen
1992-10-04,1861,6.548,15.000,28.820,117.660,0.494,Debrecen
1992-10-04,1861,6.548,15.710,-9.510,111.300,0.228,Debrecen
1992-10-04,1861,6.548,-4.070,71.360,69.960,0.953,Debrecen
1992-10-04,1861,6.548,-11.240,-76.680,32.860,0.980,Debrecen
1992-10-04,1861,6.548,10.230,-45.110,25.440,0.706,Debrecen
1992-10-04,1861,6.548,3.780,-4.710,13.780,0.095,Debrecen
1992-10-04,1861,6.548,-14.440,-29.370,8.480,0.589,Debrecen
1992-10-31,1862,4.441,-26.500,71.870,1999.200,0.970,Kislovodsk
1992-10-31,1862,4.441,-6.500,-15.150,326.340,0.320,Kislovodsk
1992-10-31,1862,4.441,-10.500,48.300,309.680,0.770,Kislovodsk
1992-10-31,1862,4.441,-17.000,-26.790,179.340,0.560,Kislovodsk
1992-10-31,1862,4.441,-13.500,17.300,131.320,0.420,Kislovodsk
1992-10-31,1862,4.441,16.500,-7.020,9.800,0.240,Kislovodsk
1992-11-27,1863,1.339,11.000,-22.350,521.360,0.410,Kislovodsk
1992-11-27,1863,1.339,-7.500,51.560,446.880,0.790,Kislovodsk
1992-11-27,1863,1.339,-7.000,75.650,219.520,0.970,Kislovodsk
1992-11-27,1863,1.339,-12.000,45.260,152.880,0.730,Kislovodsk
1992-11-27,1863,1.339,-18.000,-28.480,143.080,0.560,Kislovodsk
1992-11-27,1863,1.339,19.500,-24.400,143.080,0.500,Kislovodsk
1992-11-27,1863,1.339,35.000,-54.150,112.700,0.870,Kislovodsk
1992-11-27,1863,1.339,-24.500,53.860,33.320,0.850,Kislovodsk
1992-12-25,1864,-2.209,3.000,-40.220,297.920,0.650,Kislovodsk
1992-12-25,1864,-2.209,-10.000,10.110,254.800,0.220,Kislovodsk
1992-12-25,1864,-2.209,-11.500,-37.490,152.880,0.620,Kislovodsk
1992-12-25,1864,-2.209,-9.500,54.950,150.920,0.820,Kislovodsk
1992-12-25,1864,-2.209,10.500,-10.190,72.520,0.280,Kislovodsk
1993-01-21,1865,-5.146,13.500,0.810,259.700,0.320,Kislovodsk
1993-01-21,1865,-5.146,-14.500,-49.400,210.700,0.760,Kislovodsk
1993-01-21,1865,-5.146,-11.500,24.940,54.880,0.430,Kislovodsk
1993-01-21,1865,-5.146,-24.500,29.180,15.680,0.560,Kislovodsk
1993-02-17,1866,-6.919,-7.800,82.710,237.160,0.990,Kislovodsk
1993-02-17,1866,-6.919,14.500,-6.380,214.620,0.380,Kislovodsk
1993-02-17,1866,-6.919,-13.500,-67.860,189.140,0.920,Kislovodsk
1993-02-17,1866,-6.919,-21.000,-41.020,127.400,0.670,Kislovodsk
1993-02-17,1866,-6.919,9.000,29.430,73.500,0.550,Kislovodsk
1993-02-17,1866,-6.919,-0.000,-50.000,3.920,0.770,Kislovodsk
1993-03-16,1867,-7.145,16.000,-10.730,304.780,0.430,Kislovodsk
1993-03-16,1867,-7.145,-17.000,-66.110,102.900,0.900,Kislovodsk
1993-03-16,1867,-7.145,-18.500,-79.610,102.900,0.980,Kislovodsk
1993-03-16,1867,-7.145,-13.000,-81.610,77.420,0.990,Kislovodsk
1993-03-16,1867,-7.145,-13.500,-71.110,19.600,0.930,Kislovodsk
1993-04-13,1868,-5.753,-11.000,76.740,105.840,0.970,Kislovodsk
1993-04-13,1868,-5.753,3.500,75.470,19.600,0.970,Kislovodsk
1993-05-10,1869,-3.207,15.500,-16.500,813.400,0.420,Kislovodsk
1993-05-10,1869,-3.207,14.000,10.030,608.580,0.340,Kislovodsk
1993-05-10,1869,-3.207,-10.500,40.210,191.100,0.650,Kislovodsk
1993-05-10,1869,-3.207,-14.000,26.930,28.420,0.480,Kislovodsk
1993-05-10,1869,-3.207,-5.500,-66.560,13.720,0.940,Kislovodsk
1993-06-06,1870,-0.045,14.400,73.180,606.620,0.960,Kislovodsk
1993-06-06,1870,-0.045,-12.000,11.100,402.780,0.280,Kislovodsk
1993-06-06,1870,-0.045,0.400,-8.040,130.340,0.140,Kislovodsk
1993-06-06,1870,-0.045,21.000,-83.230,116.620,0.990,Kislovodsk
1993-06-06,1870,-0.045,7.000,45.630,92.120,0.720,Kislovodsk
1993-07-04,1871,3.213,-12.000,35.380,374.360,0.620,Kislovodsk
1993-07-04,1871,3.213,-13.500,66.920,289.100,0.930,Kislovodsk
1993-07-04,1871,3.213,-11.000,-50.470,139.160,0.790,Kislovodsk
1993-07-04,1871,3.213,9.500,30.910,20.580,0.520,Kislovodsk
1993-07-04,1871,3.213,20.500,-76.340,14.700,0.970,Kislovodsk
1993-07-04,1871,3.213,5.000,22.160,10.780,0.350,Kislovodsk
1993-07-04,1871,3.213,-12.000,-62.840,9.800,0.910,Kislovodsk
1993-07-31,1872,5.718,13.500,23.940,145.040,0.420,Kislovodsk
1993-07-31,1872,5.718,-12.000,34.170,75.460,0.620,Kislovodsk
1993-07-31,1872,5.718,18.000,14.680,37.240,0.320,Kislovodsk
1993-07-31,1872,5.718,6.500,-15.140,25.480,0.260,Kislovodsk
1993-08-27,1873,7.093,20.000,-40.500,131.320,0.660,Kislovodsk
1993-08-27,1873,7.093,6.000,-53.500,84.280,0.800,Kislovodsk
1993-08-27,1873,7.093,9.000,16.920,44.100,0.290,Kislovodsk
1993-09-23,1874,7.024,-1.500,-14.370,17.640,0.290,Kislovodsk
1993-10-21,1875,5.387,6.000,76.370,519.400,0.970,Kislovodsk
1993-10-21,1875,5.387,-18.500,-2.060,150.920,0.410,Kislovodsk
1993-10-21,1875,5.387,-9.000,-14.630,60.760,0.350,Kislovodsk
1993-10-21,1875,5.387,-16.500,-24.540,53.900,0.540,Kislovodsk
1993-10-21,1875,5.387,7.500,10.940,9.800,0.160,Kislovodsk
1993-11-17,1876,2.596,3.500,-18.670,939.820,0.320,Kislovodsk
1993-12-14,1877,-0.796,-12.000,70.990,22.540,0.940,Kislovodsk
1994-01-10,1878,-4.029,6.000,10.460,519.400,0.250,Kislovodsk
1994-01-10,1878,-4.029,-9.500,82.440,241.080,0.990,Kislovodsk
1994-02-07,1879,-6.415,-13.000,39.100,176.400,0.630,Kislovodsk
1994-02-07,1879,-6.415,16.500,-12.640,157.780,0.440,Kislovodsk
1994-02-07,1879,-6.415,2.500,31.500,74.480,0.540,Kislovodsk
1994-02-07,1879,-6.415,-8.000,-27.380,21.560,0.420,Kislovodsk
1994-03-06,1880,-7.250,-19.500,80.340,208.740,0.980,Kislovodsk
1994-03-06,1880,-7.250,-8.000,-17.600,108.780,0.300,Kislovodsk
1994-03-06,1880,-7.250,17.000,-24.060,49.000,0.540,Kislovodsk
1994-03-06,1880,-7.250,8.000,39.450,9.800,0.660,Kislovodsk
1994-03-06,1880,-7.250,-9.000,9.730,2.940,0.170,Kislovodsk
1994-04-02,1881,-6.494,-16.500,51.450,20.580,0.780,Kislovodsk
1994-04-30,1882,-4.280,-10.670,-7.690,8.480,0.174,Debrecen
1994-04-30,1882,-4.280,-15.610,45.930,2.120,0.728,Debrecen
1994-05-27,1883,-1.279,,,0.000,,Debrecen
1994-06-23,1884,1.949,-16.500,22.250,37.240,0.480,Kislovodsk
1994-07-20,1885,4.786,11.650,-29.720,206.700,0.504,Debrecen
1994-07-20,1885,4.786,-12.320,-4.070,15.900,0.304,Debrecen
1994-07-20,1885,4.786,-13.020,-49.090,11.660,0.789,Debrecen
1994-08-17,1886,6.728,-11.000,42.710,292.040,0.720,Kislovodsk
1994-08-17,1886,6.728,-6.000,3.850,50.960,0.230,Kislovodsk
1994-08-17,1886,6.728,8.500,-13.900,9.800,0.240,Kislovodsk
1994-08-17,1886,6.728,-14.000,-39.600,9.800,0.700,Kislovodsk
1994-09-13,1887,7.230,-9.000,53.890,301.840,0.830,Kislovodsk
1994-10-10,1888,6.225,9.000,-67.550,367.500,0.920,Kislovodsk
1994-10-10,1888,6.225,-8.500,62.640,207.760,0.900,Kislovodsk
1994-10-10,1888,6.225,9.500,-13.010,164.640,0.230,Kislovodsk
1994-10-10,1888,6.225,-6.000,49.880,144.060,0.780,Kislovodsk
1994-11-06,1889,3.872,-19.500,15.740,129.360,0.470,Kislovodsk
1994-11-06,1889,3.872,31.500,-65.610,71.540,0.920,Kislovodsk
1994-11-06,1889,3.872,13.000,68.750,54.880,0.930,Kislovodsk
1994-12-04,1890,0.516,-8.000,-75.240,225.400,0.970,Kislovodsk
1994-12-31,1891,-2.870,-7.000,55.160,7.840,0.820,Kislovodsk
1995-01-27,1892,-5.618,11.000,38.830,245.980,0.670,Kislovodsk
1995-01-27,1892,-5.618,-14.000,36.490,67.620,0.600,Kislovodsk
1995-02-24,1893,-7.121,-14.000,-56.760,160.720,0.830,Kislovodsk
1995-02-24,1893,-7.121,11.000,28.970,65.660,0.560,Kislovodsk
1995-02-24,1893,-7.121,-14.000,44.720,39.200,0.700,Kislovodsk
1995-03-23,1894,-6.961,-16.000,28.530,245.000,0.490,Kislovodsk
1995-03-23,1894,-6.961,15.500,-10.700,178.360,0.420,Kislovodsk
1995-04-19,1895,-5.315,-5.000,38.480,326.340,0.620,Kislovodsk
1995-04-19,1895,-5.315,9.500,37.060,91.140,0.640,Kislovodsk
1995-05-16,1896,-2.594,9.500,26.110,299.880,0.480,Kislovodsk
1995-05-16,1896,-2.594,-15.500,-5.200,86.240,0.240,Kislovodsk
1995-05-16,1896,-2.594,16.000,2.180,17.640,0.280,Kislovodsk
1995-05-16,1896,-2.594,9.000,-43.030,6.860,0.700,Kislovodsk
1995-06-13,1897,0.736,8.500,57.940,250.880,0.850,Kislovodsk
1995-07-10,1898,3.792,9.000,43.620,206.780,0.690,Kislovodsk
1995-07-10,1898,3.792,-11.000,-20.830,46.060,0.430,Kislovodsk
1995-08-06,1899,6.102,2.500,7.860,115.640,0.150,Kislovodsk
1995-09-02,1900,7.201,3.000,18.890,140.140,0.330,Kislovodsk
1995-09-30,1901,6.781,4.500,57.400,8.820,0.840,Kislovodsk
1995-10-27,1902,4.901,8.000,8.100,91.140,0.150,Kislovodsk
1995-11-23,1903,1.932,7.390,14.680,2.120,0.271,Debrecen
1995-12-21,1904,-1.618,-10.000,-39.180,59.780,0.810,Kislovodsk
1996-01-17,1905,-4.695,,,0.000,,Debrecen
1996-02-13,1906,-6.712,,,0.000,,Debrecen
1996-03-11,1907,-7.222,-3.000,42.040,60.760,0.670,Kislovodsk
1996-04-08,1908,-6.094,,,0.000,,Debrecen
1996-05-05,1909,-3.719,,,0.000,,Debrecen
1996-06-01,1910,-0.621,35.620,-31.560,6.360,0.729,Debrecen
1996-06-29,1911,2.689,9.000,53.080,95.060,0.800,Kislovodsk
1996-06-29,1911,2.689,12.000,6.880,31.360,0.200,Kislovodsk
1996-07-26,1912,5.345,9.990,-5.890,5.300,0.131,Debrecen
1996-08-22,1913,6.949,10.160,47.330,4.240,0.732,Debrecen
1996-09-18,1914,7.147,,,0.000,,Debrecen
1996-10-16,1915,5.770,,,0.000,,Debrecen
1996-11-12,1916,3.152,-0.500,-71.070,85.260,0.960,Kislovodsk
1996-11-12,1916,3.152,-12.000,-16.060,13.720,0.380,Kislovodsk
1996-12-09,1917,-0.186,-29.790,-0.810,147.340,0.495,Debrecen
1997-01-05,1918,-3.504,-3.500,9.910,33.320,0.160,Kislovodsk
1997-02-02,1919,-6.107,-20.930,-30.450,44.520,0.547,Debrecen
1997-02-02,1919,-6.107,4.790,14.190,33.920,0.309,Debrecen
1997-03-01,1920,-7.219,,,0.000,,Debrecen
1997-03-28,1921,-6.737,-24.500,-68.840,232.260,0.920,Kislovodsk
1997-04-25,1922,-4.739,17.500,-31.610,12.740,0.620,Kislovodsk
1997-05-22,1923,-1.844,4.500,17.570,330.260,0.320,Kislovodsk
1997-05-22,1923,-1.844,28.000,70.460,330.260,0.960,Kislovodsk
1997-05-22,1923,-1.844,-36.000,-52.580,39.200,0.860,Kislovodsk
1997-05-22,1923,-1.844,1.500,6.870,37.240,0.100,Kislovodsk
1997-06-18,1924,1.390,-27.060,-39.610,22.260,0.741,Debrecen
1997-06-18,1924,1.390,18.760,28.850,15.900,0.549,Debrecen
1997-07-15,1925,4.339,,,0.000,,Debrecen
1997-08-12,1926,6.491,25.500,-76.850,168.560,0.960,Kislovodsk
1997-08-12,1926,6.491,14.000,-72.850,117.600,0.950,Kislovodsk
1997-08-12,1926,6.491,-20.000,30.190,58.800,0.640,Kislovodsk
1997-08-12,1926,6.491,25.500,-18.730,41.160,0.440,Kislovodsk
1997-09-08,1927,7.250,-26.000,-63.600,859.460,0.940,Kislovodsk
1997-09-08,1927,7.250,-27.500,0.150,762.440,0.570,Kislovodsk
1997-09-08,1927,7.250,22.000,-36.710,86.240,0.620,Kislovodsk
1997-09-08,1927,7.250,20.500,8.630,64.680,0.270,Kislovodsk
1997-10-05,1928,6.509,23.000,-31.790,85.260,0.570,Kislovodsk
1997-10-05,1928,6.509,-28.000,-11.170,15.680,0.590,Kislovodsk
1997-11-01,1929,4.368,-20.500,-8.080,335.160,0.440,Kislovodsk
1997-11-01,1929,4.368,18.500,24.780,22.540,0.470,Kislovodsk
1997-11-01,1929,4.368,-18.000,75.830,15.680,0.950,Kislovodsk
1997-11-29,1930,1.122,18.000,-47.380,1064.280,0.760,Kislovodsk
1997-11-29,1930,1.122,21.000,8.960,5.880,0.370,Kislovodsk
1997-12-26,1931,-2.297,-22.000,-10.820,506.660,0.380,Kislovodsk
1997-12-26,1931,-2.297,20.000,-52.510,310.660,0.830,Kislovodsk
1998-01-22,1932,-5.210,37.000,-82.360,37.240,0.980,Kislovodsk
1998-01-22,1932,-5.210,25.500,-13.440,11.760,0.550,Kislovodsk
1998-02-19,1933,-6.982,26.000,24.280,617.400,0.650,Kislovodsk
1998-03-18,1934,-7.105,-23.500,35.260,1209.320,0.610,Kislovodsk
1998-03-18,1934,-7.105,-16.500,24.920,101.920,0.440,Kislovodsk
1998-03-18,1934,-7.105,22.000,-65.510,35.280,0.940,Kislovodsk
1998-03-18,1934,-7.105,-41.000,58.270,33.320,0.880,Kislovodsk
1998-03-18,1934,-7.105,-25.000,50.490,24.500,0.780,Kislovodsk
1998-03-18,1934,-7.105,-21.500,-79.510,12.740,0.930,Kislovodsk
1998-03-18,1934,-7.105,-7.500,47.990,10.780,0.740,Kislovodsk
1998-04-14,1935,-5.698,20.500,24.310,325.360,0.580,Kislovodsk
1998-04-14,1935,-5.698,24.000,42.880,132.300,0.780,Kislovodsk
1998-04-14,1935,-5.698,24.000,78.490,116.620,0.990,Kislovodsk
1998-05-11,1936,-3.128,-20.280,-11.840,383.720,0.361,Debrecen
1998-05-11,1936,-3.128,-26.720,-74.550,217.300,0.965,Debrecen
1998-05-11,1936,-3.128,22.340,-80.640,134.620,0.990,Debrecen
1998-05-11,1936,-3.128,-16.740,40.030,67.840,0.667,Debrecen
1998-05-11,1936,-3.128,-9.830,42.030,7.420,0.675,Debrecen
1998-05-11,1936,-3.128,-29.660,12.390,3.180,0.489,Debrecen
1998-05-11,1936,-3.128,28.290,-5.970,2.120,0.531,Debrecen
1998-05-11,1936,-3.128,,,0.000,,Debrecen
1998-06-08,1937,0.162,-21.000,-9.100,490.000,0.390,Kislovodsk
1998-06-08,1937,0.162,-21.000,43.820,226.380,0.740,Kislovodsk
1998-06-08,1937,0.162,21.000,25.780,59.780,0.540,Kislovodsk
1998-06-08,1937,0.162,-25.500,-65.880,39.200,0.930,Kislovodsk
1998-06-08,1937,0.162,31.000,-34.930,32.340,0.710,Kislovodsk
1998-06-08,1937,0.162,-20.500,-19.370,13.720,0.470,Kislovodsk
1998-07-05,1938,3.291,16.000,-26.150,300.860,0.480,Kislovodsk
1998-07-05,1938,3.291,-22.000,-10.750,268.520,0.460,Kislovodsk
1998-07-05,1938,3.291,-25.000,47.550,145.040,0.810,Kislovodsk
1998-07-05,1938,3.291,-23.000,68.640,98.000,0.950,Kislovodsk
1998-07-05,1938,3.291,-23.500,13.850,97.020,0.500,Kislovodsk
1998-07-05,1938,3.291,-15.500,43.420,93.100,0.730,Kislovodsk
1998-07-05,1938,3.291,26.000,13.410,19.600,0.440,Kislovodsk
1998-08-01,1939,5.771,-29.500,55.910,526.260,0.900,Kislovodsk
1998-08-01,1939,5.771,30.500,49.030,331.240,0.790,Kislovodsk
1998-08-01,1939,5.771,27.500,-12.650,74.480,0.420,Kislovodsk
1998-08-01,1939,5.771,-22.000,-6.620,41.160,0.500,Kislovodsk
1998-08-01,1939,5.771,-29.000,-41.800,41.160,0.800,Kislovodsk
1998-08-01,1939,5.771,15.500,-60.120,28.420,0.860,Kislovodsk
1998-08-29,1940,7.133,-22.500,-80.740,660.520,0.980,Kislovodsk
1998-08-29,1940,7.133,18.000,19.300,493.920,0.370,Kislovodsk
1998-08-29,1940,7.133,31.000,42.210,269.500,0.720,Kislovodsk
1998-08-29,1940,7.133,-23.000,61.170,157.780,0.920,Kislovodsk
1998-08-29,1940,7.133,30.500,-61.190,48.020,0.880,Kislovodsk
1998-08-29,1940,7.133,16.000,73.050,7.840,0.950,Kislovodsk
1998-09-25,1941,6.968,19.750,18.300,605.260,0.375,Debrecen
1998-09-25,1941,6.968,18.870,36.970,122.960,0.616,Debrecen
1998-09-25,1941,6.968,31.250,22.550,99.640,0.534,Debrecen
1998-09-25,1941,6.968,-20.920,11.020,89.040,0.502,Debrecen
1998-09-25,1941,6.968,-29.300,-38.530,73.140,0.787,Debrecen
1998-09-25,1941,6.968,39.470,1.590,27.560,0.538,Debrecen
1998-09-25,1941,6.968,-29.410,56.240,20.140,0.909,Debrecen
1998-09-25,1941,6.968,-15.070,0.670,16.960,0.378,Debrecen
1998-09-25,1941,6.968,-14.010,45.850,4.240,0.769,Debrecen
1998-09-25,1941,6.968,-13.620,-31.480,2.120,0.610,Debrecen
1998-09-25,1941,6.968,29.240,32.420,1.060,0.615,Debrecen
1998-09-25,1941,6.968,22.000,2.000,1.060,0.263,Debrecen
1998-10-22,1942,5.326,-28.000,35.450,702.660,0.740,Kislovodsk
1998-10-22,1942,5.326,17.500,5.470,158.760,0.230,Kislovodsk
1998-11-18,1943,2.510,-28.000,28.960,532.140,0.660,Kislovodsk
1998-11-18,1943,2.510,-15.000,46.750,38.220,0.760,Kislovodsk
1998-11-18,1943,2.510,-16.500,-67.190,20.580,0.940,Kislovodsk
1998-11-18,1943,2.510,23.500,-11.100,12.740,0.400,Kislovodsk
1998-11-18,1943,2.510,21.000,5.570,2.940,0.330,Kislovodsk
1998-12-16,1944,-1.015,-28.500,27.950,428.260,0.620,Kislovodsk
1998-12-16,1944,-1.015,-19.000,45.140,425.320,0.740,Kislovodsk
1998-12-16,1944,-1.015,23.000,-17.320,129.360,0.490,Kislovodsk
1998-12-16,1944,-1.015,28.000,-68.710,15.680,0.950,Kislovodsk
1998-12-16,1944,-1.015,23.500,-56.950,14.700,0.870,Kislovodsk
1998-12-16,1944,-1.015,-30.500,-11.170,7.840,0.520,Kislovodsk
1999-01-12,1945,-4.211,10.000,-50.410,150.920,0.790,Kislovodsk
1999-02-08,1946,-6.458,23.500,-64.940,150.920,0.940,Kislovodsk
1999-02-08,1946,-6.458,-27.000,26.750,35.280,0.540,Kislovodsk
1999-02-08,1946,-6.458,14.000,-54.930,23.520,0.850,Kislovodsk
1999-03-07,1947,-7.250,17.000,66.510,595.840,0.940,Kislovodsk
1999-03-07,1947,-7.250,-29.500,-8.290,206.780,0.400,Kislovodsk
1999-03-07,1947,-7.250,-19.500,11.240,78.400,0.270,Kislovodsk
1999-03-07,1947,-7.250,-25.000,6.030,21.560,0.320,Kislovodsk
1999-03-07,1947,-7.250,-29.000,-8.760,5.880,0.920,Kislovodsk
1999-04-04,1948,-6.395,20.500,-74.500,229.320,0.970,Kislovodsk
1999-04-04,1948,-6.395,-27.500,5.390,194.040,0.370,Kislovodsk
1999-04-04,1948,-6.395,-29.000,-10.890,150.920,0.420,Kislovodsk
1999-04-04,1948,-6.395,17.000,79.470,39.200,0.990,Kislovodsk
1999-04-04,1948,-6.395,10.000,-53.870,31.360,0.830,Kislovodsk
1999-04-04,1948,-6.395,12.500,-74.010,29.400,0.970,Kislovodsk
1999-05-01,1949,-4.208,17.000,-58.630,801.640,0.880,Kislovodsk
1999-05-01,1949,-4.208,16.000,34.650,454.720,0.640,Kislovodsk
1999-05-01,1949,-4.208,26.000,-62.710,52.920,0.930,Kislovodsk
1999-05-01,1949,-4.208,-15.500,-72.270,40.180,0.950,Kislovodsk
1999-05-28,1950,-1.194,18.500,-21.210,606.620,0.480,Kislovodsk
1999-05-28,1950,-1.194,-29.500,-71.940,436.100,0.960,Kislovodsk
1999-05-28,1950,-1.194,-21.000,81.770,217.560,0.990,Kislovodsk
1999-05-28,1950,-1.194,14.500,-59.020,119.560,0.870,Kislovodsk
1999-05-28,1950,-1.194,-16.000,34.260,99.960,0.600,Kislovodsk
1999-05-28,1950,-1.194,24.000,-7.040,92.120,0.440,Kislovodsk
1999-05-28,1950,-1.194,14.500,-80.540,67.620,0.980,Kislovodsk
1999-05-28,1950,-1.194,30.500,10.960,59.780,0.550,Kislovodsk
1999-06-25,1951,2.148,22.000,-19.410,593.880,0.460,Kislovodsk
1999-06-25,1951,2.148,-17.000,-68.380,576.240,0.940,Kislovodsk
1999-06-25,1951,2.148,17.000,-55.100,486.080,0.830,Kislovodsk
1999-06-25,1951,2.148,-17.000,-35.360,294.980,0.640,Kislovodsk
1999-06-25,1951,2.148,12.000,-19.530,231.280,0.370,Kislovodsk
1999-06-25,1951,2.148,11.500,62.740,211.680,0.890,Kislovodsk
1999-06-25,1951,2.148,35.500,69.080,195.020,0.950,Kislovodsk
1999-06-25,1951,2.148,15.500,-28.010,125.440,0.510,Kislovodsk
1999-06-25,1951,2.148,-17.500,-52.240,78.400,0.820,Kislovodsk
1999-06-25,1951,2.148,12.000,-64.030,33.320,0.900,Kislovodsk
1999-06-25,1951,2.148,17.500,55.010,13.720,0.830,Kislovodsk
1999-06-25,1951,2.148,19.000,-8.190,12.740,0.320,Kislovodsk
1999-06-25,1951,2.148,-15.500,58.510,9.800,0.870,Kislovodsk
1999-06-25,1951,2.148,10.000,-51.000,5.880,0.780,Kislovodsk
1999-06-25,1951,2.148,-26.000,38.810,5.880,0.730,Kislovodsk
1999-07-22,1952,4.940,19.500,-20.650,832.020,0.420,Kislovodsk
1999-07-22,1952,4.940,37.000,38.720,427.280,0.740,Kislovodsk
1999-07-22,1952,4.940,16.500,-58.270,123.480,0.850,Kislovodsk
1999-07-22,1952,4.940,-19.000,-61.320,104.860,0.900,Kislovodsk
1999-07-22,1952,4.940,10.000,56.410,36.260,0.830,Kislovodsk
1999-07-22,1952,4.940,19.000,52.180,23.520,0.780,Kislovodsk
1999-08-18,1953,6.761,20.000,-24.720,507.640,0.460,Kislovodsk
1999-08-18,1953,6.761,-11.000,45.450,49.000,0.750,Kislovodsk
1999-08-18,1953,6.761,15.000,-7.360,37.240,0.190,Kislovodsk
1999-09-14,1954,7.222,21.500,2.480,350.840,0.250,Kislovodsk
1999-09-14,1954,7.222,14.000,23.000,312.620,0.400,Kislovodsk
1999-09-14,1954,7.222,11.000,-69.640,267.540,0.920,Kislovodsk
1999-09-14,1954,7.222,19.000,-34.430,78.400,0.580,Kislovodsk
1999-09-14,1954,7.222,10.500,4.770,30.380,0.100,Kislovodsk
1999-10-12,1955,6.112,21.000,34.840,840.840,0.600,Kislovodsk
1999-10-12,1955,6.112,-24.000,52.450,450.800,0.860,Kislovodsk
1999-10-12,1955,6.112,20.000,51.890,286.160,0.790,Kislovodsk
1999-10-12,1955,6.112,11.000,-39.210,148.960,0.630,Kislovodsk
1999-10-12,1955,6.112,-20.500,59.470,102.900,0.900,Kislovodsk
1999-10-12,1955,6.112,-25.000,14.230,59.780,0.560,Kislovodsk
1999-10-12,1955,6.112,19.500,-52.040,33.320,0.810,Kislovodsk
1999-10-12,1955,6.112,26.000,30.760,7.840,0.580,Kislovodsk
1999-11-08,1956,3.686,9.500,-68.740,1868.860,0.930,Kislovodsk
1999-11-08,1956,3.686,38.000,20.410,272.440,0.630,Kislovodsk
1999-11-08,1956,3.686,22.000,-38.190,140.140,0.660,Kislovodsk
1999-11-08,1956,3.686,-19.500,76.450,119.560,0.980,Kislovodsk
1999-11-08,1956,3.686,19.000,-14.860,106.820,0.360,Kislovodsk
1999-11-08,1956,3.686,10.500,82.420,97.020,0.990,Kislovodsk
1999-11-08,1956,3.686,17.000,-53.500,96.040,0.810,Kislovodsk
1999-11-08,1956,3.686,21.000,39.460,60.760,0.670,Kislovodsk
1999-11-08,1956,3.686,14.000,-31.880,56.840,0.560,Kislovodsk
1999-11-08,1956,3.686,-7.500,-24.340,36.260,0.450,Kislovodsk
1999-12-05,1957,0.425,9.000,-51.710,967.260,0.790,Kislovodsk
1999-12-05,1957,0.425,-14.000,63.190,257.740,0.900,Kislovodsk
1999-12-05,1957,0.425,13.500,-28.010,231.280,0.510,Kislovodsk
1999-12-05,1957,0.425,11.000,-13.210,20.580,0.290,Kislovodsk
2000-01-01,1958,-2.955,37.130,8.210,465.340,0.661,Debrecen
2000-01-01,1958,-2.955,10.180,-45.490,360.400,0.731,Debrecen
2000-01-01,1958,-2.955,-16.520,-26.200,87.980,0.488,Debrecen
2000-01-01,1958,-2.955,23.840,30.820,3.180,0.648,Debrecen
2000-01-01,1958,-2.955,17.140,-8.270,3.180,0.370,Debrecen
2000-01-29,1959,-5.755,11.000,72.170,305.760,0.960,Kislovodsk
2000-01-29,1959,-5.755,-31.500,26.040,188.160,0.580,Kislovodsk
2000-01-29,1959,-5.755,-10.500,-49.780,125.440,0.760,Kislovodsk
2000-01-29,1959,-5.755,-26.500,61.680,49.980,0.900,Kislovodsk
2000-01-29,1959,-5.755,-17.000,26.250,47.040,0.470,Kislovodsk
2000-01-29,1959,-5.755,-18.500,-17.820,13.720,0.370,Kislovodsk
2000-01-29,1959,-5.755,36.500,-19.570,6.860,0.720,Kislovodsk
2000-02-25,1960,-7.138,-16.500,-29.880,753.620,0.510,Kislovodsk
2000-02-25,1960,-7.138,19.500,-69.900,743.820,0.960,Kislovodsk
2000-02-25,1960,-7.138,-15.500,-84.930,565.460,0.980,Kislovodsk
2000-02-25,1960,-7.138,21.000,18.260,369.460,0.550,Kislovodsk
2000-02-25,1960,-7.138,11.000,-30.610,235.200,0.580,Kislovodsk
2000-02-25,1960,-7.138,36.000,-50.660,92.120,0.900,Kislovodsk
2000-02-25,1960,-7.138,-12.000,-41.630,62.720,0.660,Kislovodsk
2000-02-25,1960,-7.138,-14.500,-12.430,49.000,0.300,Kislovodsk
2000-02-25,1960,-7.138,18.500,-9.760,45.080,0.460,Kislovodsk
2000-02-25,1960,-7.138,10.000,60.070,21.560,0.890,Kislovodsk
2000-03-23,1961,-6.935,11.000,64.800,1076.040,0.920,Kislovodsk
2000-03-23,1961,-6.935,30.500,58.000,721.280,0.920,Kislovodsk
2000-03-23,1961,-6.935,18.500,-38.930,647.780,0.720,Kislovodsk
2000-03-23,1961,-6.935,18.000,39.230,388.080,0.720,Kislovodsk
2000-03-23,1961,-6.935,11.500,-15.770,306.740,0.410,Kislovodsk
2000-03-23,1961,-6.935,17.000,32.160,230.300,0.640,Kislovodsk
2000-03-23,1961,-6.935,10.000,-74.140,229.320,0.980,Kislovodsk
2000-03-23,1961,-6.935,22.000,8.080,183.260,0.500,Kislovodsk
2000-03-23,1961,-6.935,19.000,-83.140,97.020,0.990,Kislovodsk
2000-03-23,1961,-6.935,23.500,-25.050,38.220,0.630,Kislovodsk
2000-03-23,1961,-6.935,27.500,-24.990,27.440,0.670,Kislovodsk
2000-03-23,1961,-6.935,10.500,10.370,20.580,0.190,Kislovodsk
2000-03-23,1961,-6.935,14.000,-41.340,11.760,0.720,Kislovodsk
2000-03-23,1961,-6.935,6.000,1.870,1.960,0.100,Kislovodsk
2000-04-20,1962,-5.168,21.500,-56.760,362.600,0.880,Kislovodsk
2000-04-20,1962,-5.168,-22.500,37.100,263.620,0.640,Kislovodsk
2000-04-20,1962,-5.168,17.500,-79.800,178.360,0.990,Kislovodsk
2000-04-20,1962,-5.168,14.500,10.670,94.080,0.380,Kislovodsk
2000-04-20,1962,-5.168,-14.000,-22.030,82.320,0.400,Kislovodsk
2000-04-20,1962,-5.168,-13.500,-45.980,71.540,0.720,Kislovodsk
2000-04-20,1962,-5.168,16.500,44.980,69.580,0.760,Kislovodsk
2000-04-20,1962,-5.168,22.500,4.620,50.960,0.470,Kislovodsk
2000-04-20,1962,-5.168,-19.000,68.950,19.600,0.930,Kislovodsk
2000-04-20,1962,-5.168,11.000,-68.030,19.600,0.930,Kislovodsk
2000-04-20,1962,-5.168,33.500,21.350,16.660,0.690,Kislovodsk
2000-05-17,1963,-2.398,-23.000,-15.450,1551.340,0.430,Kislovodsk
2000-05-17,1963,-2.398,18.000,-53.090,1156.400,0.830,Kislovodsk
2000-05-17,1963,-2.398,-13.500,-26.040,646.800,0.470,Kislovodsk
2000-05-17,1963,-2.398,13.000,60.160,273.420,0.880,Kislovodsk
2000-05-17,1963,-2.398,11.000,-44.300,240.100,0.720,Kislovodsk
2000-05-17,1963,-2.398,16.000,80.860,210.700,0.990,Kislovodsk
2000-05-17,1963,-2.398,-24.500,82.180,158.760,0.990,Kislovodsk
2000-05-17,1963,-2.398,23.000,76.460,98.980,0.980,Kislovodsk
2000-05-17,1963,-2.398,19.000,-28.750,45.080,0.580,Kislovodsk
2000-05-17,1963,-2.398,-19.500,53.640,39.200,0.820,Kislovodsk
2000-05-17,1963,-2.398,-32.000,-61.910,22.540,0.900,Kislovodsk
2000-05-17,1963,-2.398,-15.500,-1.910,7.840,0.320,Kislovodsk
2000-05-17,1963,-2.398,14.500,41.490,6.860,0.700,Kislovodsk
2000-06-13,1964,0.822,21.000,-77.630,565.460,0.980,Kislovodsk
2000-06-13,1964,0.822,23.000,15.390,503.720,0.450,Kislovodsk
2000-06-13,1964,0.822,-22.000,-22.010,384.160,0.520,Kislovodsk
2000-06-13,1964,0.822,7.500,25.320,274.400,0.440,Kislovodsk
2000-06-13,1964,0.822,20.000,64.150,255.780,0.910,Kislovodsk
2000-06-13,1964,0.822,19.500,-20.450,239.120,0.460,Kislovodsk
2000-06-13,1964,0.822,16.000,26.250,201.880,0.500,Kislovodsk
2000-06-13,1964,0.822,18.000,-57.860,193.060,0.860,Kislovodsk
2000-06-13,1964,0.822,-10.000,14.530,156.800,0.310,Kislovodsk
2000-06-13,1964,0.822,14.000,48.220,22.540,0.760,Kislovodsk
2000-07-10,1965,3.865,17.000,-57.900,1185.800,0.850,Kislovodsk
2000-07-10,1965,3.865,-19.000,25.650,605.640,0.560,Kislovodsk
2000-07-10,1965,3.865,-20.000,42.100,591.920,0.740,Kislovodsk
2000-07-10,1965,3.865,16.500,27.720,434.140,0.500,Kislovodsk
2000-07-10,1965,3.865,-21.000,57.600,263.620,0.880,Kislovodsk
2000-07-10,1965,3.865,-20.000,12.290,229.320,0.450,Kislovodsk
2000-07-10,1965,3.865,17.500,-45.820,147.980,0.730,Kislovodsk
2000-07-10,1965,3.865,-28.500,-62.880,146.020,0.930,Kislovodsk
2000-07-10,1965,3.865,26.000,-80.130,80.360,0.980,Kislovodsk
2000-07-10,1965,3.865,18.000,-70.270,43.120,0.940,Kislovodsk
2000-07-10,1965,3.865,11.000,-13.400,33.320,0.260,Kislovodsk
2000-07-10,1965,3.865,-24.000,-30.250,32.340,0.650,Kislovodsk
2000-07-10,1965,3.865,-14.500,-39.930,24.500,0.690,Kislovodsk
2000-07-10,1965,3.865,12.500,51.140,11.760,0.780,Kislovodsk
2000-08-07,1966,6.212,10.000,-25.450,364.560,0.430,Kislovodsk
2000-08-07,1966,6.212,18.000,-36.610,242.060,0.610,Kislovodsk
2000-08-07,1966,6.212,-35.500,-24.670,179.340,0.740,Kislovodsk
2000-08-07,1966,6.212,16.000,55.410,127.400,0.820,Kislovodsk
2000-08-07,1966,6.212,20.500,-56.060,105.840,0.830,Kislovodsk
2000-08-07,1966,6.212,-19.000,23.240,97.020,0.560,Kislovodsk
2000-08-07,1966,6.212,-22.000,69.650,73.500,0.960,Kislovodsk
2000-08-07,1966,6.212,-12.000,-35.580,48.020,0.640,Kislovodsk
2000-08-07,1966,6.212,-13.000,8.780,38.220,0.360,Kislovodsk
2000-08-07,1966,6.212,-21.500,-24.800,21.560,0.600,Kislovodsk
2000-08-07,1966,6.212,-19.000,44.250,15.680,0.770,Kislovodsk
2000-08-07,1966,6.212,-10.000,26.920,7.840,0.520,Kislovodsk
2000-09-03,1967,7.223,12.000,-5.040,388.080,0.120,Kislovodsk
2000-09-03,1967,7.223,8.000,82.770,178.360,0.990,Kislovodsk
2000-09-03,1967,7.223,5.000,5.320,154.840,0.100,Kislovodsk
2000-09-03,1967,7.223,9.000,28.270,64.680,0.470,Kislovodsk
2000-09-03,1967,7.223,20.000,57.600,59.780,0.840,Kislovodsk
2000-09-03,1967,7.223,17.500,-45.230,35.280,0.710,Kislovodsk
2000-09-03,1967,7.223,8.500,-13.360,30.380,0.230,Kislovodsk
2000-09-03,1967,7.223,-34.000,2.660,26.460,0.660,Kislovodsk
2000-09-03,1967,7.223,15.000,48.090,21.560,0.740,Kislovodsk
2000-09-03,1967,7.223,14.500,56.770,21.560,0.830,Kislovodsk
2000-09-03,1967,7.223,-16.500,38.930,20.580,0.710,Kislovodsk
2000-09-03,1967,7.223,-20.000,-31.570,19.600,0.660,Kislovodsk
2000-09-03,1967,7.223,-10.500,-44.240,8.820,0.740,Kislovodsk
2000-09-30,1968,6.749,9.590,84.630,841.640,0.994,Debrecen
2000-09-30,1968,6.749,-7.910,-35.080,580.880,0.616,Debrecen
2000-09-30,1968,6.749,-11.070,-3.810,560.740,0.324,Debrecen
2000-09-30,1968,6.749,-21.630,-42.010,237.440,0.768,Debrecen
2000-09-30,1968,6.749,13.050,2.160,103.880,0.116,Debrecen
2000-09-30,1968,6.749,-13.720,31.020,46.640,0.604,Debrecen
2000-09-30,1968,6.749,35.290,-13.200,6.360,0.518,Debrecen
2000-09-30,1968,6.749,29.560,31.680,5.300,0.612,Debrecen
2000-09-30,1968,6.749,-17.380,-25.980,5.300,0.579,Debrecen
2000-09-30,1968,6.749,22.710,-19.200,3.180,0.418,Debrecen
2000-09-30,1968,6.749,-34.720,1.710,2.120,0.665,Debrecen
2000-09-30,1968,6.749,,,0.000,,Debrecen
2000-10-27,1969,4.834,-24.500,-58.840,476.280,0.900,Kislovodsk
2000-10-27,1969,4.834,-29.000,-73.840,227.360,0.960,Kislovodsk
2000-10-27,1969,4.834,-10.000,-33.340,71.540,0.610,Kislovodsk
2000-10-27,1969,4.834,17.500,47.070,58.800,0.740,Kislovodsk
2000-10-27,1969,4.834,-19.000,-27.340,49.000,0.570,Kislovodsk
2000-10-27,1969,4.834,21.000,-11.910,18.620,0.340,Kislovodsk
2000-10-27,1969,4.834,28.000,33.660,15.680,0.620,Kislovodsk
2000-11-24,1970,1.720,-24.000,67.230,804.580,0.940,Kislovodsk
2000-11-24,1970,1.720,19.500,-9.080,588.000,0.340,Kislovodsk
2000-11-24,1970,1.720,9.000,-56.990,389.060,0.840,Kislovodsk
2000-11-24,1970,1.720,-21.000,-46.990,191.100,0.780,Kislovodsk
2000-11-24,1970,1.720,12.500,46.950,110.740,0.740,Kislovodsk
2000-11-24,1970,1.720,20.500,22.210,5.880,0.480,Kislovodsk
2000-12-21,1971,-1.707,8.980,-56.040,1139.500,0.838,Debrecen
2000-12-21,1971,-1.707,9.610,-16.470,249.100,0.344,Debrecen
2000-12-21,1971,-1.707,-11.380,-30.680,242.740,0.529,Debrecen
2000-12-21,1971,-1.707,-18.110,22.100,159.000,0.459,Debrecen
2000-12-21,1971,-1.707,-24.720,67.850,133.560,0.935,Debrecen
2000-12-21,1971,-1.707,20.360,-76.190,67.840,0.978,Debrecen
2000-12-21,1971,-1.707,20.560,-1.290,43.460,0.380,Debrecen
2000-12-21,1971,-1.707,14.720,35.130,37.100,0.625,Debrecen
2000-12-21,1971,-1.707,6.770,-30.370,24.380,0.523,Debrecen
2000-12-21,1971,-1.707,14.750,64.290,9.540,0.913,Debrecen
2001-01-17,1972,-4.765,10.500,55.310,345.940,0.840,Kislovodsk
2001-01-17,1972,-4.765,14.000,33.670,110.740,0.620,Kislovodsk
2001-01-17,1972,-4.765,4.000,-31.520,55.860,0.540,Kislovodsk
2001-01-17,1972,-4.765,9.000,-56.740,13.720,0.850,Kislovodsk
2001-01-17,1972,-4.765,-5.000,-53.340,5.880,0.800,Kislovodsk
2001-02-14,1973,-6.792,-21.000,63.500,272.440,0.890,Kislovodsk
2001-02-14,1973,-6.792,-11.000,57.760,150.920,0.840,Kislovodsk
2001-02-14,1973,-6.792,18.000,-39.330,150.920,0.720,Kislovodsk
2001-02-14,1973,-6.792,12.500,38.490,137.200,0.680,Kislovodsk
2001-02-14,1973,-6.792,28.000,-16.620,50.960,0.620,Kislovodsk
2001-02-14,1973,-6.792,-27.500,36.790,49.000,0.650,Kislovodsk
2001-02-14,1973,-6.792,4.000,-8.750,25.480,0.240,Kislovodsk
2001-02-14,1973,-6.792,30.000,-39.420,13.720,0.850,Kislovodsk
2001-03-13,1974,-7.200,-9.000,-30.260,170.520,0.500,Kislovodsk
2001-03-13,1974,-7.200,9.500,68.300,118.580,0.940,Kislovodsk
2001-03-13,1974,-7.200,-17.000,-46.240,25.480,0.720,Kislovodsk
2001-03-13,1974,-7.200,-14.500,-54.700,17.640,0.810,Kislovodsk
2001-03-13,1974,-7.200,-11.000,-62.410,15.680,0.880,Kislovodsk
2001-03-13,1974,-7.200,30.000,-36.240,11.760,0.770,Kislovodsk
2001-04-09,1975,-6.045,-23.500,-6.870,794.780,0.320,Kislovodsk
2001-04-09,1975,-6.045,25.500,-16.640,258.720,0.580,Kislovodsk
2001-04-09,1975,-6.045,25.500,78.010,254.800,0.990,Kislovodsk
2001-04-09,1975,-6.045,-14.000,-59.840,88.200,0.860,Kislovodsk
2001-04-09,1975,-6.045,-10.500,17.060,88.200,0.300,Kislovodsk
2001-04-09,1975,-6.045,-9.000,-31.470,64.680,0.520,Kislovodsk
2001-04-09,1975,-6.045,-16.500,62.180,20.580,0.880,Kislovodsk
2001-04-09,1975,-6.045,38.000,15.940,2.940,0.730,Kislovodsk
2001-04-09,1975,-6.045,-18.500,-32.530,2.940,0.560,Kislovodsk
2001-05-06,1976,-3.643,12.500,58.660,281.260,0.870,Kislovodsk
2001-05-06,1976,-3.643,24.000,20.430,272.440,0.560,Kislovodsk
2001-05-06,1976,-3.643,20.500,-19.270,231.280,0.510,Kislovodsk
2001-05-06,1976,-3.643,-22.000,-62.160,217.560,0.890,Kislovodsk
2001-05-06,1976,-3.643,5.500,75.470,192.080,0.970,Kislovodsk
2001-05-06,1976,-3.643,-17.500,-28.680,143.080,0.520,Kislovodsk
2001-05-06,1976,-3.643,26.000,55.900,25.480,0.880,Kislovodsk
2001-06-03,1977,-0.414,20.500,-68.470,503.720,0.940,Kislovodsk
2001-06-03,1977,-0.414,-19.500,-70.810,409.640,0.950,Kislovodsk
2001-06-03,1977,-0.414,-6.500,-17.680,177.380,0.320,Kislovodsk
2001-06-03,1977,-0.414,27.000,14.280,100.940,0.510,Kislovodsk
2001-06-03,1977,-0.414,17.000,20.600,66.640,0.450,Kislovodsk
2001-06-03,1977,-0.414,-24.500,81.270,57.820,0.990,Kislovodsk
2001-06-03,1977,-0.414,-15.500,-73.720,49.980,0.960,Kislovodsk
2001-06-03,1977,-0.414,-22.000,-56.810,49.000,0.860,Kislovodsk
2001-06-03,1977,-0.414,-16.000,-6.220,7.840,0.310,Kislovodsk
2001-06-03,1977,-0.414,-13.000,3.780,3.920,0.240,Kislovodsk
2001-06-30,1978,2.769,-49.000,-33.450,250.880,0.860,Kislovodsk
2001-06-30,1978,2.769,10.000,15.330,147.980,0.290,Kislovodsk
2001-06-30,1978,2.769,18.500,-82.370,119.560,0.990,Kislovodsk
2001-06-30,1978,2.769,-7.000,41.000,86.240,0.670,Kislovodsk
2001-06-30,1978,2.769,-23.500,24.440,45.080,0.580,Kislovodsk
2001-06-30,1978,2.769,-8.500,-50.160,36.260,0.780,Kislovodsk
2001-06-30,1978,2.769,-47.500,-22.810,25.480,0.810,Kislovodsk
2001-07-27,1979,5.404,-24.500,69.380,494.900,0.960,Kislovodsk
2001-07-27,1979,5.404,11.500,7.750,178.360,0.170,Kislovodsk
2001-07-27,1979,5.404,-21.000,-66.210,137.200,0.940,Kislovodsk
2001-07-27,1979,5.404,16.000,59.600,86.240,0.860,Kislovodsk
2001-08-24,1980,7.006,-19.000,-51.650,798.700,0.840,Kislovodsk
2001-08-24,1980,7.006,-29.500,-34.730,268.520,0.760,Kislovodsk
2001-08-24,1980,7.006,14.000,16.950,219.520,0.310,Kislovodsk
2001-08-24,1980,7.006,-8.500,76.180,181.300,0.970,Kislovodsk
2001-08-24,1980,7.006,24.000,42.870,149.940,0.700,Kislovodsk
2001-08-24,1980,7.006,15.000,60.040,49.000,0.860,Kislovodsk
2001-08-24,1980,7.006,-1.500,2.180,7.840,0.150,Kislovodsk
2001-09-20,1981,7.108,-18.940,-60.730,1404.500,0.908,Debrecen
2001-09-20,1981,7.108,-18.750,-77.780,762.140,0.988,Debrecen
2001-09-20,1981,7.108,-10.920,32.080,319.060,0.599,Debrecen
2001-09-20,1981,7.108,14.120,-29.050,266.060,0.492,Debrecen
2001-09-20,1981,7.108,12.210,-24.360,265.000,0.417,Debrecen
2001-09-20,1981,7.108,2.600,-41.250,254.400,0.657,Debrecen
2001-09-20,1981,7.108,25.540,-31.870,133.560,0.584,Debrecen
2001-09-20,1981,7.108,7.560,6.130,100.700,0.108,Debrecen
2001-09-20,1981,7.108,12.570,-3.790,80.560,0.118,Debrecen
2001-09-20,1981,7.108,10.390,23.470,30.740,0.399,Debrecen
2001-09-20,1981,7.108,16.850,57.730,23.320,0.842,Debrecen
2001-09-20,1981,7.108,24.510,-20.580,23.320,0.445,Debrecen
2001-09-20,1981,7.108,27.620,28.240,12.720,0.557,Debrecen
2001-09-20,1981,7.108,21.250,-12.180,8.480,0.317,Debrecen
2001-09-20,1981,7.108,-28.310,28.130,6.360,0.705,Debrecen
2001-09-20,1981,7.108,14.110,13.140,4.240,0.256,Debrecen
2001-09-20,1981,7.108,15.350,-18.320,4.240,0.340,Debrecen
2001-09-20,1981,7.108,16.200,3.540,2.120,0.170,Debrecen
2001-10-17,1982,5.715,15.000,4.700,1173.060,0.180,Kislovodsk
2001-10-17,1982,5.715,-18.000,-71.230,799.680,0.960,Kislovodsk
2001-10-17,1982,5.715,-14.500,24.140,323.400,0.520,Kislovodsk
2001-10-17,1982,5.715,14.000,-53.380,307.720,0.800,Kislovodsk
2001-10-17,1982,5.715,8.500,26.160,117.600,0.440,Kislovodsk
2001-10-17,1982,5.715,26.000,-44.320,66.640,0.730,Kislovodsk
2001-10-17,1982,5.715,14.500,-41.230,43.120,0.700,Kislovodsk
2001-10-17,1982,5.715,-14.500,12.240,10.780,0.400,Kislovodsk
2001-10-17,1982,5.715,5.000,64.470,10.780,0.900,Kislovodsk
2001-10-17,1982,5.715,26.000,9.780,10.780,0.380,Kislovodsk
2001-11-13,1983,3.070,-18.500,24.940,1620.920,0.540,Kislovodsk
2001-11-13,1983,3.070,5.000,73.930,448.840,0.960,Kislovodsk
2001-11-13,1983,3.070,11.000,-58.200,333.200,0.850,Kislovodsk
2001-11-13,1983,3.070,-12.000,68.860,166.600,0.940,Kislovodsk
2001-11-13,1983,3.070,7.000,5.680,161.700,0.120,Kislovodsk
2001-11-13,1983,3.070,10.500,-40.960,145.040,0.660,Kislovodsk
2001-11-13,1983,3.070,-25.500,-59.390,130.340,0.900,Kislovodsk
2001-11-13,1983,3.070,13.500,-10.160,93.100,0.250,Kislovodsk
2001-11-13,1983,3.070,-4.500,-40.630,80.360,0.660,Kislovodsk
2001-11-13,1983,3.070,-34.000,-10.890,38.220,0.620,Kislovodsk
2001-12-11,1984,-0.406,13.500,-37.630,684.040,0.640,Kislovodsk
2001-12-11,1984,-0.406,11.000,81.660,272.440,0.990,Kislovodsk
2001-12-11,1984,-0.406,-29.500,-46.730,111.720,0.800,Kislovodsk
2001-12-11,1984,-0.406,2.500,-14.190,107.800,0.250,Kislovodsk
2001-12-11,1984,-0.406,-13.500,-60.870,41.160,0.880,Kislovodsk
2001-12-11,1984,-0.406,8.500,52.570,33.320,0.800,Kislovodsk
2001-12-11,1984,-0.406,-10.500,37.090,21.560,0.570,Kislovodsk
2002-01-07,1985,-3.696,-23.500,24.240,529.200,0.510,Kislovodsk
2002-01-07,1985,-3.696,14.500,-26.570,135.240,0.530,Kislovodsk
2002-01-07,1985,-3.696,4.000,43.790,96.040,0.700,Kislovodsk
2002-01-07,1985,-3.696,-17.000,-32.730,82.320,0.570,Kislovodsk
2002-01-07,1985,-3.696,10.500,-64.490,9.800,0.920,Kislovodsk
2002-02-03,1986,-6.156,-15.040,23.670,1233.840,0.424,Debrecen
2002-02-03,1986,-6.156,6.850,56.470,472.760,0.848,Debrecen
2002-02-03,1986,-6.156,9.470,-59.390,332.840,0.878,Debrecen
2002-02-03,1986,-6.156,-25.740,-76.000,287.260,0.966,Debrecen
2002-02-03,1986,-6.156,-27.290,-35.150,277.720,0.637,Debrecen
2002-02-03,1986,-6.156,11.540,-76.880,200.340,0.981,Debrecen
2002-02-03,1986,-6.156,-5.760,-36.610,189.740,0.596,Debrecen
2002-02-03,1986,-6.156,-3.110,36.400,130.380,0.596,Debrecen
2002-02-03,1986,-6.156,16.180,-21.430,82.680,0.515,Debrecen
2002-02-03,1986,-6.156,10.580,1.350,49.820,0.289,Debrecen
2002-02-03,1986,-6.156,-20.840,20.230,45.580,0.445,Debrecen
2002-02-03,1986,-6.156,11.670,23.830,41.340,0.497,Debrecen
2002-02-03,1986,-6.156,7.680,-20.350,10.600,0.418,Debrecen
2002-02-03,1986,-6.156,-16.920,9.020,6.360,0.243,Debrecen
2002-02-03,1986,-6.156,11.300,32.470,5.300,0.600,Debrecen
2002-02-03,1986,-6.156,14.300,9.420,5.300,0.385,Debrecen
2002-02-03,1986,-6.156,-10.520,-28.860,3.180,0.485,Debrecen
2002-03-02,1987,-7.227,17.000,11.460,668.360,0.450,Kislovodsk
2002-03-02,1987,-7.227,21.500,52.930,169.540,0.860,Kislovodsk
2002-03-02,1987,-7.227,-26.500,40.300,149.940,0.680,Kislovodsk
2002-03-02,1987,-7.227,-6.500,-48.960,30.380,0.750,Kislovodsk
2002-03-02,1987,-7.227,-21.000,26.030,10.780,0.480,Kislovodsk
2002-03-02,1987,-7.227,15.500,-57.860,9.800,0.880,Kislovodsk
2002-03-02,1987,-7.227,-14.500,22.860,7.840,0.400,Kislovodsk
2002-03-30,1988,-6.654,11.000,-36.670,831.040,0.650,Kislovodsk
2002-03-30,1988,-6.654,6.500,77.590,415.520,0.980,Kislovodsk
2002-03-30,1988,-6.654,0.500,-60.170,225.400,0.870,Kislovodsk
2002-03-30,1988,-6.654,-13.500,-64.960,127.400,0.900,Kislovodsk
2002-03-30,1988,-6.654,11.000,-52.430,95.060,0.820,Kislovodsk
2002-03-30,1988,-6.654,-19.500,-12.170,72.520,0.300,Kislovodsk
2002-03-30,1988,-6.654,5.500,14.190,15.680,0.320,Kislovodsk
2002-04-26,1989,-4.671,3.500,16.120,396.900,0.310,Kislovodsk
2002-04-26,1989,-4.671,11.500,-39.040,331.240,0.670,Kislovodsk
2002-04-26,1989,-4.671,9.000,68.930,318.500,0.940,Kislovodsk
2002-04-26,1989,-4.671,10.500,3.910,311.640,0.270,Kislovodsk
2002-04-26,1989,-4.671,-16.000,64.440,90.160,0.900,Kislovodsk
2002-04-26,1989,-4.671,-5.000,47.910,44.100,0.740,Kislovodsk
2002-04-26,1989,-4.671,-18.000,-16.730,21.560,0.360,Kislovodsk
2002-04-26,1989,-4.671,-17.000,29.400,17.640,0.520,Kislovodsk
2002-04-26,1989,-4.671,-15.000,43.950,13.720,0.700,Kislovodsk
2002-05-23,1990,-1.759,8.500,10.250,591.920,0.250,Kislovodsk
2002-05-23,1990,-1.759,-23.000,-31.080,507.640,0.600,Kislovodsk
2002-05-23,1990,-1.759,14.500,-47.190,486.080,0.760,Kislovodsk
2002-05-23,1990,-1.759,-23.000,81.940,356.720,0.990,Kislovodsk
2002-05-23,1990,-1.759,13.000,-14.320,149.940,0.350,Kislovodsk
2002-05-23,1990,-1.759,2.500,20.670,111.720,0.360,Kislovodsk
2002-05-23,1990,-1.759,-22.500,29.610,82.320,0.580,Kislovodsk
2002-05-23,1990,-1.759,-10.000,-59.140,80.360,0.860,Kislovodsk
2002-05-23,1990,-1.759,14.000,-30.470,35.280,0.560,Kislovodsk
2002-05-23,1990,-1.759,8.500,-44.200,26.460,0.710,Kislovodsk
2002-05-23,1990,-1.759,-16.000,-6.620,17.640,0.270,Kislovodsk
2002-06-20,1991,1.593,-10.120,-58.060,707.020,0.859,Debrecen
2002-06-20,1991,1.593,20.610,1.390,242.740,0.326,Debrecen
2002-06-20,1991,1.593,12.190,-31.820,231.080,0.550,Debrecen
2002-06-20,1991,1.593,13.560,3.000,29.680,0.213,Debrecen
2002-06-20,1991,1.593,-14.960,50.390,28.620,0.795,Debrecen
2002-06-20,1991,1.593,-18.730,81.490,24.380,0.992,Debrecen
2002-06-20,1991,1.593,16.230,23.480,20.140,0.465,Debrecen
2002-06-20,1991,1.593,-18.980,58.660,19.080,0.878,Debrecen
2002-06-20,1991,1.593,-6.750,38.210,18.020,0.632,Debrecen
2002-06-20,1991,1.593,-0.150,-4.870,8.480,0.092,Debrecen
2002-06-20,1991,1.593,-16.330,-10.140,2.120,0.353,Debrecen
2002-06-20,1991,1.593,17.480,-66.780,2.120,0.925,Debrecen
2002-07-17,1992,4.503,18.000,16.580,1538.600,0.360,Kislovodsk
2002-07-17,1992,4.503,-7.500,-60.600,1012.340,0.880,Kislovodsk
2002-07-17,1992,4.503,14.000,-70.540,219.520,0.940,Kislovodsk
2002-07-17,1992,4.503,-18.000,71.280,111.720,0.960,Kislovodsk
2002-07-17,1992,4.503,-9.000,-44.170,8.820,0.720,Kislovodsk
2002-08-13,1993,6.529,-9.000,-62.460,2030.560,0.900,Kislovodsk
2002-08-13,1993,6.529,17.000,4.960,254.800,0.200,Kislovodsk
2002-08-13,1993,6.529,8.500,44.790,202.860,0.700,Kislovodsk
2002-08-13,1993,6.529,10.000,-46.440,185.220,0.720,Kislovodsk
2002-08-13,1993,6.529,-8.500,-44.550,159.740,0.730,Kislovodsk
2002-08-13,1993,6.529,13.000,-28.380,153.860,0.480,Kislovodsk
2002-08-13,1993,6.529,-6.000,77.680,140.140,0.980,Kislovodsk
2002-08-13,1993,6.529,-17.500,37.840,129.360,0.700,Kislovodsk
2002-08-13,1993,6.529,11.500,-75.490,60.760,0.970,Kislovodsk
2002-08-13,1993,6.529,-12.500,-27.990,17.640,0.540,Kislovodsk
2002-09-09,1994,7.250,-7.500,-60.020,1364.160,0.880,Kislovodsk
2002-09-09,1994,7.250,-12.000,-71.600,666.400,0.960,Kislovodsk
2002-09-09,1994,7.250,15.000,-2.210,441.000,0.140,Kislovodsk
2002-09-09,1994,7.250,7.000,58.710,264.600,0.850,Kislovodsk
2002-09-09,1994,7.250,10.500,-65.590,168.560,0.910,Kislovodsk
2002-09-09,1994,7.250,-19.000,72.360,141.120,0.970,Kislovodsk
2002-09-09,1994,7.250,-19.500,26.820,62.720,0.610,Kislovodsk
2002-09-09,1994,7.250,-15.500,44.340,54.880,0.760,Kislovodsk
2002-09-09,1994,7.250,2.000,31.000,43.120,0.520,Kislovodsk
2002-09-09,1994,7.250,-23.500,-72.600,19.600,0.970,Kislovodsk
2002-09-09,1994,7.250,9.000,-40.180,15.680,0.640,Kislovodsk
2002-10-07,1995,6.412,10.000,-17.270,791.840,0.300,Kislovodsk
2002-10-07,1995,6.412,-19.000,47.370,290.080,0.800,Kislovodsk
2002-10-07,1995,6.412,-8.000,-45.630,215.600,0.740,Kislovodsk
2002-10-07,1995,6.412,-8.000,-4.420,41.160,0.260,Kislovodsk
2002-10-07,1995,6.412,6.000,-48.890,30.380,0.750,Kislovodsk
2002-11-03,1996,4.193,17.500,-25.190,497.840,0.470,Kislovodsk
2002-11-03,1996,4.193,-11.000,-51.160,250.880,0.800,Kislovodsk
2002-11-03,1996,4.193,1.500,51.260,207.760,0.780,Kislovodsk
2002-11-03,1996,4.193,14.500,1.160,196.000,0.180,Kislovodsk
2002-11-03,1996,4.193,10.000,-21.740,183.260,0.380,Kislovodsk
2002-11-03,1996,4.193,-18.500,-67.340,175.420,0.940,Kislovodsk
2002-11-03,1996,4.193,-6.000,-34.940,46.060,0.590,Kislovodsk
2002-11-03,1996,4.193,17.000,59.160,29.400,0.860,Kislovodsk
2002-11-03,1996,4.193,1.000,-53.100,25.480,0.800,Kislovodsk
2002-11-30,1997,1.032,-19.500,-42.040,499.800,0.720,Kislovodsk
2002-11-30,1997,1.032,9.000,-73.700,258.720,0.960,Kislovodsk
2002-11-30,1997,1.032,-20.000,-72.270,221.480,0.960,Kislovodsk
2002-11-30,1997,1.032,-9.500,63.570,96.040,0.900,Kislovodsk
2002-11-30,1997,1.032,18.500,-33.930,56.840,0.610,Kislovodsk
2002-11-30,1997,1.032,12.500,3.960,9.800,0.210,Kislovodsk
2002-12-27,1998,-2.384,-8.690,69.740,131.440,0.939,Debrecen
2002-12-27,1998,-2.384,-25.560,80.000,102.820,0.985,Debrecen
2002-12-27,1998,-2.384,18.940,-38.320,91.160,0.688,Debrecen
2002-12-27,1998,-2.384,-16.880,-22.930,27.560,0.456,Debrecen
2002-12-27,1998,-2.384,18.220,-1.040,24.380,0.353,Debrecen
2002-12-27,1998,-2.384,14.260,-10.020,22.260,0.334,Debrecen
2002-12-27,1998,-2.384,13.470,-38.460,19.080,0.662,Debrecen
2002-12-27,1998,-2.384,16.030,21.430,15.900,0.473,Debrecen
2002-12-27,1998,-2.384,7.940,-34.590,5.300,0.590,Debrecen
2002-12-27,1998,-2.384,9.280,36.840,5.300,0.625,Debrecen
2003-01-24,1999,-5.362,-12.500,74.500,448.840,0.960,Kislovodsk
2003-01-24,1999,-5.362,-22.500,-12.740,286.160,0.360,Kislovodsk
2003-01-24,1999,-5.362,13.000,10.460,196.980,0.360,Kislovodsk
2003-01-24,1999,-5.362,-7.500,-46.320,189.140,0.720,Kislovodsk
2003-01-24,1999,-5.362,-19.500,-38.240,187.180,0.640,Kislovodsk
2003-01-24,1999,-5.362,8.000,72.710,110.740,0.960,Kislovodsk
2003-01-24,1999,-5.362,14.000,47.840,11.760,0.780,Kislovodsk
2003-02-20,2000,-7.006,18.000,-27.450,456.680,0.600,Kislovodsk
2003-02-20,2000,-7.006,9.000,70.250,409.640,0.950,Kislovodsk
2003-02-20,2000,-7.006,12.500,-10.940,91.140,0.380,Kislovodsk
2003-03-19,2001,-7.086,6.500,77.530,940.800,0.980,Kislovodsk
2003-03-19,2001,-7.086,-15.000,57.810,742.840,0.840,Kislovodsk
2003-03-19,2001,-7.086,-11.000,-61.190,30.380,0.870,Kislovodsk
2003-04-16,2002,-5.564,-9.000,4.640,95.060,0.100,Kislovodsk
2003-05-13,2003,-2.938,7.000,78.050,274.400,0.980,Kislovodsk
2003-05-13,2003,-2.938,-17.500,-53.160,95.060,0.810,Kislovodsk
2003-05-13,2003,-2.938,17.000,-19.020,90.160,0.460,Kislovodsk
2003-05-13,2003,-2.938,-16.500,76.190,56.840,0.970,Kislovodsk
2003-05-13,2003,-2.938,-14.500,21.100,10.780,0.420,Kislovodsk
2003-06-09,2004,0.249,11.500,22.300,1220.100,0.420,Kislovodsk
2003-06-09,2004,0.249,-16.500,-50.150,1105.440,0.790,Kislovodsk
2003-06-09,2004,0.249,2.500,-8.330,215.600,0.150,Kislovodsk
2003-06-09,2004,0.249,6.000,81.870,107.800,0.990,Kislovodsk
2003-06-09,2004,0.249,15.500,-23.040,5.880,0.460,Kislovodsk
2003-06-09,2004,0.249,-15.500,63.030,5.880,0.900,Kislovodsk
2003-07-06,2005,3.367,9.500,28.220,1421.980,0.480,Kislovodsk
2003-07-06,2005,3.367,3.500,-14.500,558.600,0.250,Kislovodsk
2003-08-03,2006,5.895,-18.500,-63.260,995.680,0.920,Kislovodsk
2003-08-03,2006,5.895,-7.500,6.920,246.960,0.260,Kislovodsk
2003-08-03,2006,5.895,-8.500,-57.710,174.440,0.860,Kislovodsk
2003-08-03,2006,5.895,10.500,44.680,88.200,0.700,Kislovodsk
2003-08-03,2006,5.895,4.000,7.780,54.880,0.100,Kislovodsk
2003-08-03,2006,5.895,-11.500,-27.220,23.520,0.560,Kislovodsk
2003-08-30,2007,7.148,-17.000,-50.090,172.480,0.820,Kislovodsk
2003-08-30,2007,7.148,-13.000,21.470,120.540,0.490,Kislovodsk
2003-08-30,2007,7.148,-18.000,-62.870,92.120,0.920,Kislovodsk
2003-08-30,2007,7.148,19.500,-17.620,82.320,0.360,Kislovodsk
2003-08-30,2007,7.148,9.000,21.860,60.760,0.370,Kislovodsk
2003-08-30,2007,7.148,2.500,20.660,35.280,0.360,Kislovodsk
2003-08-30,2007,7.148,15.000,24.040,19.600,0.420,Kislovodsk
2003-09-26,2008,6.943,3.500,7.310,917.280,0.140,Kislovodsk
2003-09-26,2008,6.943,-6.000,-28.600,116.620,0.520,Kislovodsk
2003-09-26,2008,6.943,9.000,38.650,56.840,0.620,Kislovodsk
2003-09-26,2008,6.943,-10.500,-17.760,41.160,0.420,Kislovodsk
2003-10-23,2009,5.265,5.500,-9.240,2195.200,0.160,Kislovodsk
2003-10-23,2009,5.265,-17.000,-76.280,2082.500,0.980,Kislovodsk
2003-10-23,2009,5.265,-6.000,-33.670,30.380,0.580,Kislovodsk
2003-10-23,2009,5.265,-9.000,14.750,10.780,0.350,Kislovodsk
2003-11-20,2010,2.304,-18.000,-70.020,1054.480,0.950,Kislovodsk
2003-11-20,2010,2.304,9.000,-57.080,1002.540,0.840,Kislovodsk
2003-11-20,2010,2.304,-21.500,-54.370,139.160,0.850,Kislovodsk
2003-12-17,2011,-1.106,2.000,9.280,206.780,0.170,Kislovodsk
2003-12-17,2011,-1.106,-17.000,-73.680,160.720,0.940,Kislovodsk
2003-12-17,2011,-1.106,-7.500,-60.680,74.480,0.880,Kislovodsk
2003-12-17,2011,-1.106,9.000,-67.180,66.640,0.930,Kislovodsk
2003-12-17,2011,-1.106,-12.000,9.610,58.800,0.250,Kislovodsk
2003-12-17,2011,-1.106,12.000,42.320,55.860,0.700,Kislovodsk
2003-12-17,2011,-1.106,-16.000,30.320,49.000,0.520,Kislovodsk
2004-01-13,2012,-4.286,-11.000,72.280,602.700,0.950,Kislovodsk
2004-01-13,2012,-4.286,-13.500,-77.900,501.760,0.960,Kislovodsk
2004-01-13,2012,-4.286,3.500,7.710,315.560,0.190,Kislovodsk
2004-02-10,2013,-6.555,-9.000,-45.620,471.380,0.710,Kislovodsk
2004-02-10,2013,-6.555,-7.500,35.010,283.220,0.570,Kislovodsk
2004-02-10,2013,-6.555,-13.500,-66.130,50.960,0.900,Kislovodsk
2004-02-10,2013,-6.555,16.500,-42.630,29.400,0.700,Kislovodsk
2004-03-08,2014,-7.246,-13.000,-55.750,1024.100,0.820,Kislovodsk
2004-03-08,2014,-7.246,-13.500,71.150,63.700,0.940,Kislovodsk
2004-03-08,2014,-7.246,-12.000,17.680,18.620,0.310,Kislovodsk
2004-04-04,2015,-6.353,14.500,56.000,247.940,0.860,Kislovodsk
2004-04-04,2015,-6.353,-15.000,10.290,186.200,0.230,Kislovodsk
2004-04-04,2015,-6.353,-16.000,-49.580,165.620,0.760,Kislovodsk
2004-04-04,2015,-6.353,-4.500,58.470,151.900,0.850,Kislovodsk
2004-05-01,2016,-4.136,-10.500,25.520,131.320,0.420,Kislovodsk
2004-05-01,2016,-4.136,-13.500,56.520,82.320,0.840,Kislovodsk
2004-05-01,2016,-4.136,14.500,45.280,26.460,0.750,Kislovodsk
2004-05-01,2016,-4.136,-16.500,27.520,13.720,0.480,Kislovodsk
2004-05-29,2017,-0.988,-10.500,46.210,576.240,0.730,Kislovodsk
2004-05-29,2017,-0.988,-16.000,-74.200,120.540,0.960,Kislovodsk
2004-06-25,2018,2.230,-11.500,54.720,708.540,0.830,Kislovodsk
2004-06-25,2018,2.230,-11.500,81.260,407.680,0.990,Kislovodsk
2004-06-25,2018,2.230,8.000,-23.610,10.780,0.410,Kislovodsk
2004-07-22,2019,5.003,8.500,-15.380,2299.080,0.270,Kislovodsk
2004-07-22,2019,5.003,-11.000,45.180,340.060,0.740,Kislovodsk
2004-07-22,2019,5.003,10.500,74.360,213.640,0.960,Kislovodsk
2004-07-22,2019,5.003,-12.500,-14.940,212.660,0.390,Kislovodsk
2004-08-19,2020,6.833,6.710,1.670,660.380,0.029,Debrecen
2004-08-19,2020,6.833,7.770,-77.860,154.760,0.976,Debrecen
2004-08-19,2020,6.833,13.140,-17.820,57.240,0.322,Debrecen
2004-08-19,2020,6.833,-11.550,-58.400,5.300,0.876,Debrecen
2004-09-15,2021,7.201,4.500,-8.240,448.840,0.150,Kislovodsk
2004-09-15,2021,7.201,-13.500,-84.750,333.200,0.990,Kislovodsk
2004-10-12,2022,6.063,-13.270,-82.170,270.300,0.995,Debrecen
2004-10-12,2022,6.063,11.230,2.590,19.080,0.101,Debrecen
2004-11-08,2023,3.607,8.000,27.180,987.840,0.460,Kislovodsk
2004-11-08,2023,3.607,-16.000,71.940,647.780,0.960,Kislovodsk
2004-11-08,2023,3.607,-8.500,60.620,256.760,0.880,Kislovodsk
2004-12-06,2024,0.205,9.000,45.410,164.640,0.720,Kislovodsk
2004-12-06,2024,0.205,-16.000,81.500,139.160,0.990,Kislovodsk
2004-12-06,2024,0.205,-8.000,78.380,68.600,0.980,Kislovodsk
2005-01-02,2025,-3.155,4.100,-14.080,188.680,0.275,Debrecen
2005-01-02,2025,-3.155,7.060,79.230,154.760,0.984,Debrecen
2005-01-02,2025,-3.155,-13.810,-17.710,13.780,0.351,Debrecen
2005-01-02,2025,-3.155,12.570,-33.790,1.060,0.605,Debrecen
2005-01-29,2026,-5.811,4.680,74.860,99.640,0.969,Debrecen
2005-01-29,2026,-5.811,-9.990,18.490,69.960,0.324,Debrecen
2005-01-29,2026,-5.811,-13.420,-17.910,2.120,0.330,Debrecen
2005-01-29,2026,-5.811,7.700,-19.990,1.060,0.410,Debrecen
2005-02-25,2027,-7.153,-4.000,-73.500,43.120,0.960,Kislovodsk
2005-02-25,2027,-7.153,-9.500,51.800,23.520,0.780,Kislovodsk
2005-03-25,2028,-6.869,12.500,-11.190,215.600,0.380,Kislovodsk
2005-03-25,2028,-6.869,-11.000,12.170,106.820,0.220,Kislovodsk
2005-03-25,2028,-6.869,-13.500,57.780,10.780,0.840,Kislovodsk
2005-04-21,2029,-5.105,1.500,46.470,156.800,0.730,Kislovodsk
2005-04-21,2029,-5.105,-11.500,-31.020,8.820,0.520,Kislovodsk
2005-05-18,2030,-2.315,12.500,51.390,375.340,0.800,Kislovodsk
2005-05-18,2030,-2.315,-16.000,15.480,74.480,0.350,Kislovodsk
2005-06-15,2031,1.028,-6.500,53.680,469.420,0.810,Kislovodsk
2005-06-15,2031,1.028,9.500,62.650,228.340,0.890,Kislovodsk
2005-06-15,2031,1.028,-17.000,-17.630,112.700,0.460,Kislovodsk
2005-07-12,2032,4.039,11.500,56.200,656.600,0.830,Kislovodsk
2005-07-12,2032,4.039,-6.000,51.290,130.340,0.790,Kislovodsk
2005-07-12,2032,4.039,16.500,14.150,85.260,0.320,Kislovodsk
2005-08-08,2033,6.257,-12.500,24.410,297.920,0.510,Kislovodsk
2005-08-08,2033,6.257,11.500,55.580,188.160,0.820,Kislovodsk
2005-08-08,2033,6.257,-8.000,55.750,88.200,0.830,Kislovodsk
2005-08-08,2033,6.257,12.000,16.060,78.400,0.290,Kislovodsk
2005-09-04,2034,7.230,-10.180,25.350,66.780,0.512,Debrecen
2005-09-04,2034,7.230,10.020,61.570,1.060,0.875,Debrecen
2005-10-02,2035,6.668,-10.490,34.970,26.500,0.629,Debrecen
2005-10-02,2035,6.668,12.480,35.500,2.120,0.582,Debrecen
2005-10-29,2036,4.670,-6.750,-63.970,5.300,0.907,Debrecen
2005-11-25,2037,1.630,-12.500,-15.780,93.100,0.360,Kislovodsk
2005-11-25,2037,1.630,-6.000,-24.330,30.380,0.430,Kislovodsk
2005-12-22,2038,-1.797,-10.500,36.820,215.600,0.610,Kislovodsk
2005-12-22,2038,-1.797,16.000,-42.510,99.960,0.740,Kislovodsk
2005-12-22,2038,-1.797,19.000,80.790,98.980,0.990,Kislovodsk
2005-12-22,2038,-1.797,19.000,-0.510,20.580,0.360,Kislovodsk
2006-01-19,2039,-4.930,-20.000,-35.130,203.840,0.600,Kislovodsk
2006-01-19,2039,-4.930,-9.000,49.700,53.900,0.760,Kislovodsk
2006-02-15,2040,-6.824,-7.500,-30.730,28.420,0.510,Kislovodsk
2006-02-15,2040,-6.824,5.000,-51.900,3.920,0.800,Kislovodsk
2006-03-14,2041,-7.189,-7.500,70.650,27.440,0.930,Kislovodsk
2006-03-14,2041,-7.189,-3.000,-59.350,23.520,0.860,Kislovodsk
2006-04-11,2042,-5.925,-12.500,35.330,86.240,0.580,Kislovodsk
2006-04-11,2042,-5.925,-4.000,-57.350,56.840,0.840,Kislovodsk
2006-04-11,2042,-5.925,-8.500,-44.730,51.940,0.700,Kislovodsk
2006-04-11,2042,-5.925,-9.000,-17.950,39.200,0.310,Kislovodsk
2006-05-08,2043,-3.460,-12.500,33.930,121.520,0.570,Kislovodsk
2006-05-08,2043,-3.460,-10.000,-20.210,80.360,0.360,Kislovodsk
2006-05-08,2043,-3.460,-5.000,-51.390,40.180,0.780,Kislovodsk
2006-06-04,2044,-0.327,-7.000,-77.490,190.120,0.980,Kislovodsk
2006-07-01,2045,2.849,-6.000,-37.330,434.140,0.620,Kislovodsk
2006-07-01,2045,2.849,5.500,5.750,37.240,0.110,Kislovodsk
2006-07-29,2046,5.540,5.500,21.200,66.640,0.360,Kislovodsk
2006-08-25,2047,7.028,-8.500,-28.850,452.760,0.540,Kislovodsk
2006-09-21,2048,7.090,-9.500,-21.870,45.080,0.460,Kislovodsk
2006-10-19,2049,5.579,-4.000,-2.200,48.020,0.220,Kislovodsk
2006-11-15,2050,2.871,-5.500,10.340,797.720,0.230,Kislovodsk
2006-11-15,2050,2.871,-6.500,-46.880,96.040,0.740,Kislovodsk
2006-11-15,2050,2.871,-9.000,-35.020,15.680,0.600,Kislovodsk
2006-12-12,2051,-0.498,-5.500,9.100,789.880,0.180,Kislovodsk
2007-01-08,2052,-3.775,-4.500,33.450,344.960,0.550,Kislovodsk
2007-01-08,2052,-3.775,10.000,-25.260,6.860,0.480,Kislovodsk
2007-01-08,2052,-3.775,2.500,33.490,2.940,0.560,Kislovodsk
2007-02-05,2053,-6.270,-5.000,47.960,266.560,0.740,Kislovodsk
2007-02-05,2053,-6.270,-8.000,13.290,217.560,0.230,Kislovodsk
2007-03-04,2054,-7.241,-6.000,48.060,122.500,0.740,Kislovodsk
2007-03-31,2055,-6.618,-35.000,-21.170,6.860,0.570,Kislovodsk
2007-03-31,2055,-6.618,7.500,-29.550,5.880,0.540,Kislovodsk
2007-04-27,2056,-4.603,-10.000,-58.500,701.680,0.850,Kislovodsk
2007-04-27,2056,-4.603,-10.000,-48.890,3.920,0.760,Kislovodsk
2007-05-25,2057,-1.557,,,0.000,,Debrecen
2007-06-21,2058,1.677,,,0.000,,Debrecen
2007-07-18,2059,4.571,-5.500,56.320,239.120,0.840,Kislovodsk
2007-08-15,2060,6.618,-10.000,-69.100,6.860,0.940,Kislovodsk
2007-09-11,2061,7.245,,,0.000,,Debrecen
2007-10-08,2062,6.370,-5.500,21.850,7.840,0.420,Kislovodsk
2007-11-04,2063,4.118,,,0.000,,Debrecen
2007-12-02,2064,0.814,-4.500,-61.220,16.660,0.900,Kislovodsk
2007-12-29,2065,-2.592,,,0.000,,Debrecen
2008-01-25,2066,-5.424,,,0.000,,Debrecen
2008-02-21,2067,-7.029,,,0.000,,Debrecen
2008-03-20,2068,-7.037,,,0.000,,Debrecen
2008-04-16,2069,-5.507,,,0.000,,Debrecen
2008-05-13,2070,-2.858,23.640,23.490,4.240,0.574,Debrecen
2008-06-10,2071,0.456,-9.500,-64.380,54.880,0.930,Kislovodsk
2008-07-07,2072,3.549,,,0.000,,Debrecen
2008-08-03,2073,5.945,,,0.000,,Debrecen
2008-08-30,2074,7.163,,,0.000,,Debrecen
2008-09-27,2075,6.878,,,0.000,,Debrecen
2008-10-24,2076,5.114,-25.270,-22.170,3.180,0.607,Debrecen
2008-11-20,2077,2.217,2.080,6.710,1.060,0.117,Debrecen
2008-12-17,2078,-1.197,,,0.000,,Debrecen
2009-01-14,2079,-4.462,,,0.000,,Debrecen
2009-02-10,2080,-6.594,,,0.000,,Debrecen
2009-03-09,2081,-7.242,,,0.000,,Debrecen
2009-04-06,2082,-6.247,23.980,57.000,4.240,0.895,Debrecen
2009-05-03,2083,-3.961,,,0.000,,Debrecen
2009-05-30,2084,-0.902,,,0.000,,Debrecen
2009-06-26,2085,2.312,-22.060,21.300,2.120,0.533,Debrecen
2009-07-24,2086,5.151,-6.380,14.520,2.120,0.320,Debrecen
2009-08-20,2087,6.862,,,0.000,,Debrecen
2009-09-16,2088,7.190,,,0.000,,Debrecen
2009-10-14,2089,5.942,,,0.000,,Debrecen
2009-11-10,2090,3.416,25.000,50.550,71.540,0.800,Kislovodsk
2009-12-07,2091,0.113,,,0.000,,Debrecen
2010-01-03,2092,-3.238,-28.500,51.570,325.360,0.820,Kislovodsk
2010-01-31,2093,-5.940,24.500,-30.960,93.100,0.680,Kislovodsk
2010-02-27,2094,-7.186,16.000,-34.530,59.780,0.660,Kislovodsk
2010-02-27,2094,-7.186,-19.500,54.380,6.860,0.810,Kislovodsk
2010-03-26,2095,-6.840,15.500,-40.660,663.460,0.720,Kislovodsk
2010-04-22,2096,-5.042,14.500,-52.150,29.400,0.800,Kislovodsk
2010-05-20,2097,-2.116,20.490,-22.880,2.120,0.529,Debrecen
2010-06-16,2098,1.114,28.000,-58.740,4.900,0.910,Kislovodsk
2010-07-13,2099,4.111,21.000,-32.090,157.780,0.580,Kislovodsk
2010-07-13,2099,4.111,-21.000,23.460,2.940,0.560,Kislovodsk
2010-08-10,2100,6.360,11.000,-3.420,187.180,0.100,Kislovodsk
2010-08-10,2100,6.360,22.000,21.640,102.900,0.440,Kislovodsk
2010-08-10,2100,6.360,-17.000,8.530,19.600,0.420,Kislovodsk
2010-09-06,2101,7.242,19.500,53.370,157.780,0.800,Kislovodsk
2010-09-06,2101,7.242,12.000,83.200,120.540,0.990,Kislovodsk
2010-10-03,2102,6.632,20.830,75.760,385.840,0.964,Debrecen
2010-10-03,2102,6.632,23.490,-10.810,26.500,0.341,Debrecen
2010-10-30,2103,4.600,20.570,62.510,626.460,0.890,Debrecen
2010-10-30,2103,4.600,23.150,61.010,75.260,0.882,Debrecen
2010-10-30,2103,4.600,38.080,-74.630,54.060,0.967,Debrecen
2010-10-30,2103,4.600,-27.370,20.920,2.120,0.615,Debrecen
2010-11-27,2104,1.416,24.500,59.280,25.480,0.880,Kislovodsk
2010-12-24,2105,-2.010,-24.000,50.090,11.760,0.800,Kislovodsk
2010-12-24,2105,-2.010,-22.000,32.760,0.980,0.610,Kislovodsk
2011-01-20,2106,-4.997,24.500,-20.200,221.480,0.580,Kislovodsk
2011-01-20,2106,-4.997,-29.500,61.550,21.560,0.890,Kislovodsk
2011-02-16,2107,-6.855,-20.000,29.330,795.760,0.520,Kislovodsk
2011-02-16,2107,-6.855,-21.000,66.270,274.400,0.660,Kislovodsk
2011-02-16,2107,-6.855,19.500,59.450,84.280,0.900,Kislovodsk
2011-02-16,2107,-6.855,11.500,-63.220,5.880,0.910,Kislovodsk
2011-03-16,2108,-7.158,19.500,64.060,315.560,0.930,Kislovodsk
2011-03-16,2108,-7.158,-30.000,-50.390,44.100,0.780,Kislovodsk
2011-03-16,2108,-7.158,10.000,-11.240,15.680,0.350,Kislovodsk
2011-04-12,2109,-5.873,13.200,-16.470,213.060,0.426,Debrecen
2011-04-12,2109,-5.873,8.150,-73.580,172.780,0.966,Debrecen
2011-04-12,2109,-5.873,21.460,18.460,125.080,0.547,Debrecen
2011-04-12,2109,-5.873,16.060,32.200,81.620,0.628,Debrecen
2011-04-12,2109,-5.873,10.680,-3.210,36.040,0.291,Debrecen
2011-04-12,2109,-5.873,-20.610,-2.680,8.480,0.261,Debrecen
2011-05-09,2110,-3.383,17.900,57.350,153.860,0.870,Kislovodsk
2011-05-09,2110,-3.383,12.200,-45.350,146.020,0.740,Kislovodsk
2011-05-09,2110,-3.383,19.300,-16.350,122.500,0.470,Kislovodsk
2011-05-09,2110,-3.383,16.500,48.050,113.680,0.780,Kislovodsk
2011-05-09,2110,-3.383,-13.600,13.450,34.300,0.290,Kislovodsk
2011-05-09,2110,-3.383,34.500,-3.750,25.480,0.620,Kislovodsk
2011-06-06,2111,-0.119,-22.100,39.350,152.880,0.700,Kislovodsk
2011-06-06,2111,-0.119,17.500,22.550,102.900,0.480,Kislovodsk
2011-06-06,2111,-0.119,8.600,-19.450,94.080,0.360,Kislovodsk
2011-06-06,2111,-0.119,-19.500,28.350,50.960,0.560,Kislovodsk
2011-06-06,2111,-0.119,9.000,-6.450,5.880,0.190,Kislovodsk
2011-06-06,2111,-0.119,21.400,29.750,4.900,0.590,Kislovodsk
2011-07-03,2112,3.038,16.200,-7.600,143.080,0.270,Kislovodsk
2011-07-03,2112,3.038,15.600,26.500,53.900,0.490,Kislovodsk
2011-07-03,2112,3.038,16.800,55.500,7.840,0.830,Kislovodsk
2011-07-30,2113,5.596,17.500,-59.470,748.720,0.860,Kislovodsk
2011-07-30,2113,5.596,16.900,-35.470,486.080,0.590,Kislovodsk
2011-07-30,2113,5.596,20.000,-3.970,457.660,0.270,Kislovodsk
2011-07-30,2113,5.596,18.800,27.830,23.520,0.500,Kislovodsk
2011-08-26,2114,7.049,17.420,60.080,196.100,0.862,Debrecen
2011-08-26,2114,7.049,13.480,-70.700,154.760,0.939,Debrecen
2011-08-26,2114,7.049,17.690,-62.050,85.860,0.879,Debrecen
2011-08-26,2114,7.049,7.610,-17.280,30.740,0.296,Debrecen
2011-08-26,2114,7.049,16.470,43.850,24.380,0.695,Debrecen
2011-08-26,2114,7.049,16.820,-35.720,9.540,0.593,Debrecen
2011-08-26,2114,7.049,-18.550,-6.980,7.420,0.449,Debrecen
2011-08-26,2114,7.049,17.460,-0.530,4.240,0.181,Debrecen
2011-09-23,2115,7.043,12.200,-72.180,1612.100,0.940,Kislovodsk
2011-09-23,2115,7.043,23.700,62.920,828.100,0.880,Kislovodsk
2011-09-23,2115,7.043,19.600,-26.280,179.340,0.480,Kislovodsk
2011-09-23,2115,7.043,13.600,-63.080,7.840,0.890,Kislovodsk
2011-09-23,2115,7.043,25.500,48.020,6.860,0.760,Kislovodsk
2011-09-23,2115,7.043,-15.800,-2.180,1.960,0.390,Kislovodsk
2011-10-20,2116,5.521,11.900,-49.700,515.480,0.760,Kislovodsk
2011-10-20,2116,5.521,10.400,56.700,423.360,0.830,Kislovodsk
2011-10-20,2116,5.521,16.100,-77.800,337.120,0.970,Kislovodsk
2011-10-20,2116,5.521,27.800,60.400,237.160,0.880,Kislovodsk
2011-10-20,2116,5.521,-26.800,42.200,72.520,0.790,Kislovodsk
2011-10-20,2116,5.521,-12.000,55.200,51.940,0.840,Kislovodsk
2011-10-20,2116,5.521,-21.000,-19.000,29.400,0.540,Kislovodsk
2011-10-20,2116,5.521,15.100,26.900,17.640,0.470,Kislovodsk
2011-10-20,2116,5.521,-17.000,11.200,10.780,0.420,Kislovodsk
2011-10-20,2116,5.521,19.400,-32.200,9.800,0.560,Kislovodsk
2011-10-20,2116,5.521,-7.300,6.700,5.880,0.250,Kislovodsk
2011-10-20,2116,5.521,-17.200,63.400,4.900,0.920,Kislovodsk
2011-11-16,2117,2.786,20.700,83.360,177.380,0.990,Kislovodsk
2011-11-16,2117,2.786,16.100,64.060,175.420,0.900,Kislovodsk
2011-11-16,2117,2.786,25.600,-50.740,144.060,0.810,Kislovodsk
2011-11-16,2117,2.786,-18.500,-19.940,140.140,0.480,Kislovodsk
2011-11-16,2117,2.786,-23.700,-73.840,135.240,0.970,Kislovodsk
2011-11-16,2117,2.786,28.400,42.060,92.120,0.740,Kislovodsk
2011-11-16,2117,2.786,9.000,52.160,65.660,0.790,Kislovodsk
2011-11-16,2117,2.786,-8.600,73.660,62.720,0.960,Kislovodsk
2011-11-16,2117,2.786,9.700,57.960,50.960,0.850,Kislovodsk
2011-11-16,2117,2.786,8.200,-13.240,22.540,0.250,Kislovodsk
2011-11-16,2117,2.786,16.800,18.160,14.700,0.390,Kislovodsk
2011-12-13,2118,-0.590,-18.000,-12.450,264.600,0.360,Kislovodsk
2011-12-13,2118,-0.590,17.900,56.850,103.880,0.860,Kislovodsk
2011-12-13,2118,-0.590,8.700,-8.650,80.360,0.220,Kislovodsk
2011-12-13,2118,-0.590,21.200,-65.250,53.900,0.920,Kislovodsk
2011-12-13,2118,-0.590,-18.700,75.550,36.260,0.970,Kislovodsk
2011-12-13,2118,-0.590,7.800,41.550,3.920,0.670,Kislovodsk
2011-12-13,2118,-0.590,11.700,-68.150,3.920,0.930,Kislovodsk
2012-01-10,2119,-3.962,16.100,60.020,798.700,0.890,Kislovodsk
2012-01-10,2119,-3.962,12.400,14.520,415.520,0.370,Kislovodsk
2012-01-10,2119,-3.962,20.200,-43.380,162.680,0.750,Kislovodsk
2012-02-06,2120,-6.316,18.000,60.500,262.640,0.900,Kislovodsk
2012-02-06,2120,-6.316,18.400,51.700,108.780,0.840,Kislovodsk
2012-02-06,2120,-6.316,8.400,63.900,47.040,0.910,Kislovodsk
2012-02-06,2120,-6.316,9.800,21.600,14.700,0.450,Kislovodsk
2012-03-04,2121,-7.245,18.600,-66.940,1277.920,0.940,Kislovodsk
2012-03-04,2121,-7.245,-16.800,-47.140,157.780,0.730,Kislovodsk
2012-03-04,2121,-7.245,16.300,51.160,149.940,0.830,Kislovodsk
2012-03-04,2121,-7.245,14.300,34.360,22.540,0.650,Kislovodsk
2012-03-04,2121,-7.245,12.800,45.860,19.600,0.760,Kislovodsk
2012-03-04,2121,-7.245,9.900,13.960,9.800,0.380,Kislovodsk
2012-04-01,2122,-6.528,-21.900,35.600,243.040,0.610,Kislovodsk
2012-04-01,2122,-6.528,-18.800,47.700,90.160,0.740,Kislovodsk
2012-04-01,2122,-6.528,15.900,-33.800,46.060,0.650,Kislovodsk
2012-04-01,2122,-6.528,12.900,62.800,28.420,0.910,Kislovodsk
2012-04-28,2123,-4.438,-22.500,-81.360,223.440,0.990,Kislovodsk
2012-04-28,2123,-4.438,-17.400,54.240,213.640,0.820,Kislovodsk
2012-04-28,2123,-4.438,-19.300,-25.260,146.020,0.480,Kislovodsk
2012-04-28,2123,-4.438,12.100,41.040,92.120,0.690,Kislovodsk
2012-04-28,2123,-4.438,11.300,31.340,92.120,0.570,Kislovodsk
2012-04-28,2123,-4.438,11.600,-30.660,44.100,0.560,Kislovodsk
2012-04-28,2123,-4.438,-16.300,-72.860,11.760,0.950,Kislovodsk
2012-04-28,2123,-4.438,4.200,-7.560,2.940,0.200,Kislovodsk
2012-05-25,2124,-1.471,10.000,68.500,314.580,0.930,Kislovodsk
2012-05-25,2124,-1.471,16.600,15.000,189.140,0.400,Kislovodsk
2012-05-25,2124,-1.471,11.200,-25.900,45.080,0.480,Kislovodsk
2012-05-25,2124,-1.471,22.000,19.400,41.160,0.500,Kislovodsk
2012-05-25,2124,-1.471,-12.800,-80.600,34.300,0.990,Kislovodsk
2012-05-25,2124,-1.471,-11.700,-57.500,30.380,0.850,Kislovodsk
2012-06-21,2125,1.761,-15.800,78.680,818.300,0.980,Kislovodsk
2012-07-19,2126,4.730,-28.300,51.090,143.080,0.860,Kislovodsk
2012-07-19,2126,4.730,-18.400,-35.810,98.980,0.670,Kislovodsk
2012-07-19,2126,4.730,-15.000,-34.010,17.640,0.630,Kislovodsk
2012-08-15,2127,6.653,22.500,23.030,442.960,0.460,Kislovodsk
2012-08-15,2127,6.653,-12.100,36.430,21.560,0.650,Kislovodsk
2012-08-15,2127,6.653,9.200,35.230,7.840,0.570,Kislovodsk
2012-09-11,2128,7.242,-13.500,-80.210,202.860,0.990,Kislovodsk
2012-09-11,2128,7.242,-12.500,-66.710,182.280,0.930,Kislovodsk
2012-09-11,2128,7.242,-11.900,74.990,100.940,0.970,Kislovodsk
2012-09-11,2128,7.242,23.100,14.890,95.060,0.360,Kislovodsk
2012-09-11,2128,7.242,-10.900,44.590,38.220,0.740,Kislovodsk
2012-09-11,2128,7.242,16.200,-12.210,18.620,0.260,Kislovodsk
2012-10-09,2129,6.264,13.400,-84.350,448.840,0.990,Kislovodsk
2012-10-09,2129,6.264,-20.000,18.150,285.180,0.530,Kislovodsk
2012-10-09,2129,6.264,-12.200,-47.550,130.340,0.770,Kislovodsk
2012-10-09,2129,6.264,7.600,51.950,14.700,0.780,Kislovodsk
2012-10-09,2129,6.264,-7.300,65.750,11.760,0.920,Kislovodsk
2012-10-09,2129,6.264,10.600,51.150,8.820,0.780,Kislovodsk
2012-11-05,2130,3.937,12.600,35.630,42.140,0.590,Kislovodsk
2012-11-05,2130,3.937,-21.000,-72.470,36.260,0.970,Kislovodsk
2012-11-05,2130,3.937,16.900,-20.870,20.580,0.410,Kislovodsk
2012-11-05,2130,3.937,-16.200,-42.570,14.700,0.730,Kislovodsk
2012-11-05,2130,3.937,-19.300,18.030,8.820,0.490,Kislovodsk
2012-12-02,2131,0.722,7.100,-18.500,255.780,0.330,Kislovodsk
2012-12-02,2131,0.722,13.200,-19.300,155.820,0.390,Kislovodsk
2012-12-02,2131,0.722,14.400,18.700,153.860,0.390,Kislovodsk
2012-12-29,2132,-2.678,12.310,-53.950,216.240,0.828,Debrecen
2012-12-29,2132,-2.678,-16.670,-53.080,92.220,0.811,Debrecen
2012-12-29,2132,-2.678,12.680,65.610,13.780,0.921,Debrecen
2012-12-29,2132,-2.678,19.750,41.080,8.480,0.724,Debrecen
2012-12-29,2132,-2.678,12.650,-14.650,7.420,0.362,Debrecen
2012-12-29,2132,-2.678,6.710,-15.370,6.360,0.313,Debrecen
2012-12-29,2132,-2.678,-15.730,-41.090,6.360,0.677,Debrecen
2012-12-29,2132,-2.678,27.160,-41.600,3.180,0.768,Debrecen
2012-12-29,2132,-2.678,,,0.000,,Debrecen
2012-12-29,2132,-2.678,,,0.000,,Debrecen
2013-01-26,2133,-5.568,12.600,72.530,273.420,0.960,Kislovodsk
2013-01-26,2133,-5.568,28.000,-36.670,93.100,0.750,Kislovodsk
2013-01-26,2133,-5.568,13.400,-16.670,72.520,0.430,Kislovodsk
2013-01-26,2133,-5.568,-11.200,-57.570,31.360,0.840,Kislovodsk
2013-01-26,2133,-5.568,-28.100,74.330,8.820,0.960,Kislovodsk
2013-01-26,2133,-5.568,14.700,-59.770,7.840,0.890,Kislovodsk
2013-01-26,2133,-5.568,7.600,-39.570,4.900,0.660,Kislovodsk
2013-02-22,2134,-7.079,10.000,72.720,737.940,0.960,Kislovodsk
2013-02-22,2134,-7.079,14.900,77.920,101.920,0.980,Kislovodsk
2013-02-22,2134,-7.079,12.600,43.420,93.100,0.740,Kislovodsk
2013-02-22,2134,-7.079,-18.100,-8.280,69.580,0.240,Kislovodsk
2013-02-22,2134,-7.079,-10.300,14.720,54.880,0.260,Kislovodsk
2013-03-21,2135,-7.015,8.700,73.450,456.680,0.960,Kislovodsk
2013-03-21,2135,-7.015,9.900,53.750,211.680,0.830,Kislovodsk
2013-03-21,2135,-7.015,13.500,63.350,81.340,0.910,Kislovodsk
2013-03-21,2135,-7.015,8.600,10.950,10.780,0.330,Kislovodsk
2013-03-21,2135,-7.015,5.600,3.950,2.940,0.230,Kislovodsk
2013-04-17,2136,-5.448,-18.500,-3.290,268.180,0.237,Debrecen
2013-04-17,2136,-5.448,-18.790,53.980,163.240,0.813,Debrecen
2013-04-17,2136,-5.448,9.330,67.810,153.700,0.936,Debrecen
2013-04-17,2136,-5.448,-20.550,38.980,129.320,0.654,Debrecen
2013-04-17,2136,-5.448,-26.000,-28.790,37.100,0.567,Debrecen
2013-04-17,2136,-5.448,-26.220,-10.210,2.120,0.392,Debrecen
2013-04-17,2136,-5.448,-17.710,-15.790,1.060,0.339,Debrecen
2013-04-17,2136,-5.448,,,0.000,,Debrecen
2013-05-15,2137,-2.664,13.180,-23.800,596.780,0.478,Debrecen
2013-05-15,2137,-2.664,10.950,-63.210,404.920,0.902,Debrecen
2013-05-15,2137,-2.664,-28.230,-23.270,331.780,0.559,Debrecen
2013-05-15,2137,-2.664,4.620,-0.030,122.960,0.126,Debrecen
2013-05-15,2137,-2.664,-18.010,-18.250,116.600,0.402,Debrecen
2013-05-15,2137,-2.664,21.840,15.450,112.360,0.488,Debrecen
2013-05-15,2137,-2.664,-23.890,-34.080,12.720,0.634,Debrecen
2013-05-15,2137,-2.664,-10.330,2.050,11.660,0.140,Debrecen
2013-05-15,2137,-2.664,-21.970,28.130,9.540,0.554,Debrecen
2013-05-15,2137,-2.664,30.640,18.770,4.240,0.616,Debrecen
2013-05-15,2137,-2.664,-20.920,43.210,3.180,0.720,Debrecen
2013-05-15,2137,-2.664,-41.010,-14.350,1.060,0.652,Debrecen
2013-06-11,2138,0.542,9.300,50.950,75.460,0.780,Kislovodsk
2013-07-08,2139,3.625,-10.800,3.810,1123.080,0.260,Kislovodsk
2013-07-08,2139,3.625,-14.600,-13.990,406.700,0.390,Kislovodsk
2013-07-08,2139,3.625,-15.800,49.210,111.720,0.790,Kislovodsk
2013-07-08,2139,3.625,-25.600,-20.990,26.460,0.580,Kislovodsk
2013-07-08,2139,3.625,-15.600,-43.690,11.760,0.730,Kislovodsk
2013-07-08,2139,3.625,-28.800,-29.790,7.840,0.680,Kislovodsk
2013-08-05,2140,6.062,-14.800,46.370,122.500,0.770,Kislovodsk
2013-08-05,2140,6.062,13.300,-12.730,111.720,0.250,Kislovodsk
2013-08-05,2140,6.062,15.500,27.070,84.280,0.470,Kislovodsk
2013-08-05,2140,6.062,-26.300,-18.630,82.320,0.600,Kislovodsk
2013-08-05,2140,6.062,-13.400,24.370,7.840,0.520,Kislovodsk
2013-08-05,2140,6.062,-15.200,9.570,4.900,0.400,Kislovodsk
2013-09-01,2141,7.192,11.060,-13.810,258.640,0.245,Debrecen
2013-09-01,2141,7.192,-9.190,18.510,210.940,0.419,Debrecen
2013-09-01,2141,7.192,13.050,27.010,119.780,0.459,Debrecen
2013-09-01,2141,7.192,-13.330,-11.130,8.480,0.398,Debrecen
2013-09-01,2141,7.192,-13.720,29.770,5.300,0.593,Debrecen
2013-09-01,2141,7.192,-16.160,-4.540,3.180,0.405,Debrecen
2013-09-28,2142,6.850,-17.600,59.750,221.480,0.900,Kislovodsk
2013-09-28,2142,6.850,10.100,35.350,184.240,0.570,Kislovodsk
2013-09-28,2142,6.850,5.600,-73.550,77.420,0.960,Kislovodsk
2013-09-28,2142,6.850,20.300,76.150,66.640,0.960,Kislovodsk
2013-10-25,2143,5.049,6.700,24.170,1091.720,0.410,Kislovodsk
2013-10-25,2143,5.049,-11.500,6.070,591.920,0.300,Kislovodsk
2013-10-25,2143,5.049,-8.800,-71.030,446.880,0.950,Kislovodsk
2013-10-25,2143,5.049,-11.900,-10.130,209.720,0.340,Kislovodsk
2013-10-25,2143,5.049,-17.100,53.270,41.160,0.840,Kislovodsk
2013-10-25,2143,5.049,-16.700,61.370,22.540,0.900,Kislovodsk
2013-10-25,2143,5.049,-22.100,-33.130,12.740,0.670,Kislovodsk
2013-11-22,2144,2.007,10.500,46.290,844.760,0.730,Kislovodsk
2013-11-22,2144,2.007,-11.400,-18.410,219.520,0.390,Kislovodsk
2013-11-22,2144,2.007,9.700,74.990,181.300,0.960,Kislovodsk
2013-11-22,2144,2.007,-12.000,59.990,23.520,0.880,Kislovodsk
2013-11-22,2144,2.007,-18.800,77.190,10.780,0.980,Kislovodsk
2013-12-19,2145,-1.415,-15.900,7.690,548.800,0.280,Kislovodsk
2013-12-19,2145,-1.415,6.300,46.890,336.140,0.740,Kislovodsk
2013-12-19,2145,-1.415,-16.700,78.390,322.420,0.980,Kislovodsk
2013-12-19,2145,-1.415,-14.900,-71.310,273.420,0.950,Kislovodsk
2013-12-19,2145,-1.415,-10.100,-32.010,142.100,0.550,Kislovodsk
2013-12-19,2145,-1.415,13.400,49.290,83.300,0.780,Kislovodsk
2013-12-19,2145,-1.415,-9.700,59.090,24.500,0.860,Kislovodsk
2013-12-19,2145,-1.415,3.800,-27.410,15.680,0.470,Kislovodsk
2013-12-19,2145,-1.415,-11.500,-49.010,14.700,0.760,Kislovodsk
2014-01-15,2146,-4.535,-13.800,-85.010,256.760,0.990,Kislovodsk
2014-01-15,2146,-4.535,-16.200,10.990,239.120,0.270,Kislovodsk
2014-01-15,2146,-4.535,-17.600,27.990,147.000,0.500,Kislovodsk
2014-01-15,2146,-4.535,-30.100,-28.910,116.620,0.610,Kislovodsk
2014-01-15,2146,-4.535,7.200,42.200,112.700,0.690,Kislovodsk
2014-01-15,2146,-4.535,16.500,26.990,33.320,0.560,Kislovodsk
2014-01-15,2146,-4.535,-32.000,-42.310,22.540,0.740,Kislovodsk
2014-01-15,2146,-4.535,-14.600,-73.210,9.800,0.950,Kislovodsk
2014-02-11,2147,-6.631,-12.400,-12.840,507.640,0.240,Kislovodsk
2014-02-11,2147,-6.631,-14.900,-49.940,434.140,0.760,Kislovodsk
2014-02-11,2147,-6.631,-11.000,-78.440,408.660,0.970,Kislovodsk
2014-02-11,2147,-6.631,-14.300,65.660,190.120,0.900,Kislovodsk
2014-02-11,2147,-6.631,-15.200,-58.540,129.360,0.850,Kislovodsk
2014-02-11,2147,-6.631,4.300,6.560,114.660,0.220,Kislovodsk
2014-02-11,2147,-6.631,5.400,28.760,73.500,0.520,Kislovodsk
2014-02-11,2147,-6.631,-12.600,30.360,27.440,0.510,Kislovodsk
2014-03-11,2148,-7.229,-18.600,-34.800,566.440,0.580,Kislovodsk
2014-03-11,2148,-7.229,14.700,53.100,499.800,0.840,Kislovodsk
2014-03-11,2148,-7.229,6.400,14.600,66.640,0.340,Kislovodsk
2014-03-11,2148,-7.229,-9.600,2.000,57.820,0.050,Kislovodsk
2014-03-11,2148,-7.229,-9.300,-61.800,10.780,0.880,Kislovodsk
2014-03-11,2148,-7.229,-11.700,12.900,8.820,0.230,Kislovodsk
2014-04-07,2149,-6.201,13.700,12.270,243.040,0.400,Kislovodsk
2014-04-07,2149,-6.201,-11.800,21.070,151.900,0.370,Kislovodsk
2014-04-07,2149,-6.201,-14.200,73.770,101.920,0.950,Kislovodsk
2014-04-07,2149,-6.201,10.100,0.070,98.000,0.290,Kislovodsk
2014-04-07,2149,-6.201,2.200,29.370,84.280,0.510,Kislovodsk
2014-04-07,2149,-6.201,17.700,30.370,27.440,0.620,Kislovodsk
2014-04-07,2149,-6.201,11.200,-47.430,9.800,0.770,Kislovodsk
2014-04-07,2149,-6.201,-7.400,5.470,5.880,0.100,Kislovodsk
2014-05-04,2150,-3.887,-9.500,51.240,444.920,0.780,Kislovodsk
2014-05-04,2150,-3.887,-6.900,7.040,443.940,0.130,Kislovodsk
2014-05-04,2150,-3.887,-17.700,42.240,405.720,0.690,Kislovodsk
2014-05-04,2150,-3.887,-11.500,-34.260,137.200,0.570,Kislovodsk
2014-05-04,2150,-3.887,-10.600,-75.060,68.600,0.960,Kislovodsk
2014-05-04,2150,-3.887,11.900,7.840,26.460,0.300,Kislovodsk
2014-05-04,2150,-3.887,10.100,-51.260,15.680,0.800,Kislovodsk
2014-05-04,2150,-3.887,10.300,-68.360,5.880,0.940,Kislovodsk
2014-06-01,2151,-0.695,12.500,-77.550,181.300,0.980,Kislovodsk
2014-06-01,2151,-0.695,-4.700,-57.950,138.180,0.850,Kislovodsk
2014-06-01,2151,-0.695,-18.400,-27.650,45.080,0.530,Kislovodsk
2014-06-01,2151,-0.695,-8.700,30.450,17.640,0.520,Kislovodsk
2014-06-01,2151,-0.695,-13.600,64.850,9.800,0.910,Kislovodsk
2014-06-28,2152,2.508,9.500,-1.600,123.480,0.130,Kislovodsk
2014-06-28,2152,2.508,12.600,-8.310,53.900,0.230,Kislovodsk
2014-06-28,2152,2.508,10.100,-49.510,43.120,0.760,Kislovodsk
2014-06-28,2152,2.508,11.500,-76.810,27.440,0.970,Kislovodsk
2014-06-28,2152,2.508,-9.300,22.900,15.680,0.430,Kislovodsk
2014-06-28,2152,2.508,-10.100,-63.010,10.780,0.900,Kislovodsk
2014-06-28,2152,2.508,-16.400,5.900,8.820,0.340,Kislovodsk
2014-07-25,2153,5.212,7.000,-39.600,312.620,0.630,Kislovodsk
2014-07-25,2153,5.212,-13.900,-32.900,65.660,0.610,Kislovodsk
2014-07-25,2153,5.212,-21.600,72.100,18.620,0.970,Kislovodsk
2014-07-25,2153,5.212,-12.300,-18.300,9.800,0.430,Kislovodsk
2014-07-25,2153,5.212,8.600,21.800,2.940,0.370,Kislovodsk
2014-08-21,2154,6.890,7.000,-39.860,289.100,0.640,Kislovodsk
2014-08-21,2154,6.890,10.400,-19.460,217.560,0.330,Kislovodsk
2014-08-21,2154,6.890,-5.000,26.440,172.480,0.480,Kislovodsk
2014-08-21,2154,6.890,16.600,22.340,84.280,0.410,Kislovodsk
2014-08-21,2154,6.890,-9.500,-32.760,57.820,0.590,Kislovodsk
2014-08-21,2154,6.890,15.700,49.240,36.260,0.750,Kislovodsk
2014-08-21,2154,6.890,-18.200,48.240,2.940,0.810,Kislovodsk
2014-09-18,2155,7.159,7.910,-60.710,178.080,0.869,Debrecen
2014-09-18,2155,7.159,-13.620,57.290,99.640,0.872,Debrecen
2014-09-18,2155,7.159,12.550,3.200,54.060,0.109,Debrecen
2014-09-18,2155,7.159,-21.000,-38.790,45.580,0.738,Debrecen
2014-09-18,2155,7.159,-7.470,23.400,8.480,0.464,Debrecen
2014-09-18,2155,7.159,-8.650,36.580,5.300,0.641,Debrecen
2014-09-18,2155,7.159,,,0.000,,Debrecen
2014-10-15,2156,5.890,-9.500,-43.360,292.040,0.720,Kislovodsk
2014-10-15,2156,5.890,-21.500,17.840,269.500,0.540,Kislovodsk
2014-10-15,2156,5.890,20.800,-16.660,29.400,0.370,Kislovodsk
2014-10-15,2156,5.890,23.900,-56.660,18.620,0.840,Kislovodsk
2014-10-15,2156,5.890,17.500,30.840,15.680,0.530,Kislovodsk
2014-10-15,2156,5.890,-11.400,-54.060,12.740,0.830,Kislovodsk
2014-10-15,2156,5.890,5.500,-58.760,12.740,0.850,Kislovodsk
2014-10-15,2156,5.890,17.700,17.640,9.800,0.360,Kislovodsk
2014-10-15,2156,5.890,-16.500,57.340,8.820,0.870,Kislovodsk
2014-11-11,2157,3.336,14.100,11.620,456.680,0.270,Kislovodsk
2014-11-11,2157,3.336,-10.800,-53.780,389.060,0.820,Kislovodsk
2014-11-11,2157,3.336,-8.600,-37.580,63.700,0.630,Kislovodsk
2014-11-11,2157,3.336,6.000,-70.280,34.300,0.940,Kislovodsk
2014-12-09,2158,-0.107,10.100,-61.460,370.440,0.880,Kislovodsk
2014-12-09,2158,-0.107,-15.000,-33.460,182.280,0.590,Kislovodsk
2014-12-09,2158,-0.107,-3.700,3.840,170.520,0.100,Kislovodsk
2014-12-09,2158,-0.107,2.400,-25.960,5.880,0.440,Kislovodsk
2015-01-05,2159,-3.434,-6.400,8.140,879.060,0.160,Kislovodsk
2015-01-05,2159,-3.434,-15.300,-35.560,189.140,0.600,Kislovodsk
2015-01-05,2159,-3.434,-13.700,50.440,161.700,0.770,Kislovodsk
2015-01-05,2159,-3.434,-6.600,81.740,118.580,0.990,Kislovodsk
2015-01-05,2159,-3.434,-20.500,29.640,54.880,0.550,Kislovodsk
2015-02-01,2160,-5.993,7.400,-26.790,661.500,0.490,Kislovodsk
2015-02-01,2160,-5.993,18.300,74.810,368.480,0.970,Kislovodsk
2015-02-01,2160,-5.993,-9.900,48.810,307.720,0.750,Kislovodsk
2015-02-01,2160,-5.993,12.500,13.110,17.640,0.380,Kislovodsk
2015-02-28,2161,-7.197,5.500,-26.890,152.880,0.500,Kislovodsk
2015-02-28,2161,-7.197,-14.000,17.110,109.760,0.310,Kislovodsk
2015-02-28,2161,-7.197,20.200,53.710,27.440,0.860,Kislovodsk
2015-03-28,2162,-6.765,-8.700,11.170,590.940,0.190,Kislovodsk
2015-03-28,2162,-6.765,14.900,79.570,181.300,0.990,Kislovodsk
2015-03-28,2162,-6.765,17.000,-21.930,50.960,0.530,Kislovodsk
2015-03-28,2162,-6.765,19.700,71.670,41.160,0.970,Kislovodsk
2015-03-28,2162,-6.765,18.000,63.570,40.180,0.920,Kislovodsk
2015-03-28,2162,-6.765,-20.600,-66.540,4.900,0.910,Kislovodsk
2015-03-28,2162,-6.765,-22.900,-54.440,3.920,0.820,Kislovodsk
2015-04-24,2163,-4.887,19.100,80.750,326.340,0.990,Kislovodsk
2015-04-24,2163,-4.887,4.400,54.550,292.040,0.820,Kislovodsk
2015-04-24,2163,-4.887,-9.700,21.850,239.120,0.380,Kislovodsk
2015-04-24,2163,-4.887,-8.700,11.950,124.460,0.220,Kislovodsk
2015-04-24,2163,-4.887,20.100,-49.550,77.420,0.820,Kislovodsk
2015-04-24,2163,-4.887,19.400,62.550,73.500,0.910,Kislovodsk
2015-04-24,2163,-4.887,6.200,-42.450,4.900,0.690,Kislovodsk
2015-05-21,2164,-2.033,-10.900,20.290,102.900,0.380,Kislovodsk
2015-05-21,2164,-2.033,-6.300,57.690,19.600,0.840,Kislovodsk
2015-05-21,2164,-2.033,5.100,-36.310,8.820,0.600,Kislovodsk
2015-05-21,2164,-2.033,23.400,-33.910,2.940,0.660,Kislovodsk
2015-06-17,2165,1.199,12.900,-66.290,1184.820,0.920,Kislovodsk
2015-06-17,2165,1.199,-20.100,-1.590,441.000,0.370,Kislovodsk
2015-06-17,2165,1.199,-12.300,80.010,65.660,0.990,Kislovodsk
2015-06-17,2165,1.199,20.700,52.510,3.920,0.820,Kislovodsk
2015-07-15,2166,4.280,15.200,76.970,250.880,0.960,Kislovodsk
2015-07-15,2166,4.280,11.300,-45.630,162.680,0.720,Kislovodsk
2015-07-15,2166,4.280,-18.000,14.870,127.400,0.450,Kislovodsk
2015-08-11,2167,6.401,-18.700,38.210,1147.580,0.710,Kislovodsk
2015-08-11,2167,6.401,12.200,78.210,53.900,0.970,Kislovodsk
2015-08-11,2167,6.401,16.400,-16.790,5.880,0.330,Kislovodsk
2015-08-11,2167,6.401,17.600,-47.790,1.960,0.740,Kislovodsk
2015-09-07,2168,7.246,14.200,-35.490,81.340,0.580,Kislovodsk
2015-09-07,2168,7.246,-7.100,-56.990,74.480,0.850,Kislovodsk
2015-09-07,2168,7.246,4.400,12.610,16.660,0.220,Kislovodsk
2015-10-05,2169,6.543,18.000,44.410,215.600,0.700,Kislovodsk
2015-11-01,2170,4.430,6.900,-43.000,1115.240,0.680,Kislovodsk
2015-11-01,2170,4.430,15.500,32.300,41.160,0.550,Kislovodsk
2015-11-01,2170,4.430,15.600,-6.500,24.500,0.220,Kislovodsk
2015-11-01,2170,4.430,12.500,9.400,1.960,0.210,Kislovodsk
2015-11-28,2171,1.326,9.200,-3.430,138.180,0.160,Kislovodsk
2015-11-28,2171,1.326,14.900,34.870,45.080,0.600,Kislovodsk
2015-11-28,2171,1.326,3.700,-30.430,26.460,0.510,Kislovodsk
2015-11-28,2171,1.326,11.400,1.370,16.660,0.180,Kislovodsk
2015-12-25,2172,-2.099,-21.700,-32.610,835.940,0.600,Kislovodsk
2015-12-25,2172,-2.099,12.400,81.400,454.720,0.990,Kislovodsk
2015-12-25,2172,-2.099,3.500,-34.910,108.780,0.580,Kislovodsk
2015-12-25,2172,-2.099,7.600,-5.510,31.360,0.190,Kislovodsk
2016-01-22,2173,-5.155,2.800,-36.550,197.960,0.610,Kislovodsk
2016-01-22,2173,-5.155,-12.900,-19.950,150.920,0.360,Kislovodsk
2016-01-22,2173,-5.155,-20.200,-15.050,42.140,0.360,Kislovodsk
2016-01-22,2173,-5.155,19.500,-13.650,2.940,0.470,Kislovodsk
2016-02-18,2174,-6.923,3.900,-34.630,117.600,0.590,Kislovodsk
2016-02-18,2174,-6.923,5.200,4.370,17.640,0.220,Kislovodsk
2016-02-18,2174,-6.923,8.500,19.170,11.760,0.410,Kislovodsk
2016-03-16,2175,-7.143,15.100,-82.200,270.480,0.990,Kislovodsk
2016-03-16,2175,-7.143,6.000,1.700,161.700,0.250,Kislovodsk
2016-03-16,2175,-7.143,19.100,25.200,54.880,0.590,Kislovodsk
2016-03-16,2175,-7.143,-9.500,11.600,25.480,0.200,Kislovodsk
2016-03-16,2175,-7.143,11.200,-36.500,2.940,0.650,Kislovodsk
2016-04-12,2176,-5.820,9.900,-27.940,1055.460,0.530,Kislovodsk
2016-04-12,2176,-5.820,15.300,13.460,32.340,0.420,Kislovodsk
2016-05-10,2177,-3.196,10.500,-1.780,217.560,0.240,Kislovodsk
2016-05-10,2177,-3.196,21.100,-58.380,97.020,0.880,Kislovodsk
2016-05-10,2177,-3.196,-5.500,1.620,64.680,0.050,Kislovodsk
2016-05-10,2177,-3.196,-20.700,-17.680,17.640,0.410,Kislovodsk
2016-05-10,2177,-3.196,4.400,-12.980,6.860,0.260,Kislovodsk
2016-06-06,2178,-0.033,14.690,-12.220,25.440,0.326,Debrecen
2016-06-06,2178,-0.033,-21.790,-16.070,4.240,0.454,Debrecen
2016-06-06,2178,-0.033,-7.020,3.800,4.240,0.144,Debrecen
2016-06-06,2178,-0.033,-12.360,53.300,1.060,0.814,Debrecen
2016-06-06,2178,-0.033,7.090,-49.940,1.060,0.772,Debrecen
2016-06-06,2178,-0.033,-2.570,38.860,1.060,0.631,Debrecen
2016-06-06,2178,-0.033,16.790,34.890,1.060,0.621,Debrecen
2016-06-06,2178,-0.033,,,0.000,,Debrecen
2016-07-03,2179,3.116,14.220,2.750,14.840,0.198,Debrecen
2016-07-03,2179,3.116,21.520,-26.920,2.120,0.535,Debrecen
2016-07-03,2179,3.116,2.290,-1.130,1.060,0.025,Debrecen
2016-07-03,2179,3.116,7.660,46.960,1.060,0.737,Debrecen
2016-07-03,2179,3.116,,,0.000,,Debrecen
2016-07-31,2180,5.726,9.700,-36.480,5.880,0.590,Kislovodsk
2016-08-27,2181,7.095,12.600,-21.030,166.600,0.370,Kislovodsk
2016-08-27,2181,7.095,-17.700,-6.430,35.280,0.430,Kislovodsk
2016-08-27,2181,7.095,7.600,26.170,11.760,0.440,Kislovodsk
2016-08-27,2181,7.095,11.700,37.370,6.860,0.600,Kislovodsk
2016-09-23,2182,7.021,5.300,60.210,127.400,0.870,Kislovodsk
2016-09-23,2182,7.021,9.200,47.610,78.400,0.730,Kislovodsk
2016-09-23,2182,7.021,-14.000,-13.190,49.980,0.420,Kislovodsk
2016-10-20,2183,5.462,5.800,42.030,70.560,0.670,Kislovodsk
2016-11-17,2184,2.583,15.400,26.760,68.600,0.490,Kislovodsk
2016-11-17,2184,2.583,2.800,-61.340,17.640,0.880,Kislovodsk
2016-12-14,2185,-0.809,16.000,74.720,61.740,0.970,Kislovodsk
2016-12-14,2185,-0.809,13.400,23.720,5.880,0.460,Kislovodsk
2017-01-10,2186,-4.040,13.300,-63.740,3.920,0.910,Kislovodsk
2017-02-06,2187,-6.361,3.200,-65.680,7.840,0.910,Kislovodsk
2017-03-06,2188,-7.250,14.600,33.280,2.940,0.640,Kislovodsk
2017-04-02,2189,-6.488,-9.700,15.640,892.780,0.270,Kislovodsk
2017-04-02,2189,-6.488,13.300,55.040,515.480,0.850,Kislovodsk
2017-04-02,2189,-6.488,-3.500,-72.060,17.640,0.950,Kislovodsk
2017-04-29,2190,-4.368,11.600,63.970,94.080,0.910,Kislovodsk
2017-04-29,2190,-4.368,-8.900,20.970,50.960,0.360,Kislovodsk
2017-04-29,2190,-4.368,10.400,-50.740,6.860,0.790,Kislovodsk
2017-05-27,2191,-1.267,13.500,46.710,205.800,0.750,Kislovodsk
2017-06-23,2192,1.961,17.400,-46.580,110.740,0.750,Kislovodsk
2017-06-23,2192,1.961,12.700,53.420,29.400,0.810,Kislovodsk
2017-07-20,2193,4.795,18.280,-48.690,3.180,0.761,Debrecen
2017-07-20,2193,4.795,-10.340,27.960,1.060,0.528,Debrecen
2017-07-20,2193,4.795,,,0.000,,Debrecen
2017-07-20,2193,4.795,,,0.000,,Debrecen
2017-08-16,2194,6.687,10.000,-59.070,419.440,0.850,Kislovodsk
2017-09-13,2195,7.229,9.900,-37.920,145.040,0.610,Kislovodsk
2017-10-10,2196,6.218,13.410,-42.670,2.120,0.678,Debrecen
2017-10-10,2196,6.218,12.560,-17.010,2.120,0.309,Debrecen
2017-10-10,2196,6.218,33.340,2.280,1.060,0.459,Debrecen
2017-11-06,2197,3.861,8.710,-36.670,4.240,0.601,Debrecen
2017-11-06,2197,3.861,30.170,9.760,1.060,0.470,Debrecen
2017-12-04,2198,0.503,19.450,-26.740,1.060,0.537,Debrecen
2017-12-04,2198,0.503,,,0.000,,Debrecen
2017-12-31,2199,-2.882,5.500,-12.180,45.080,0.260,Kislovodsk
2018-01-27,2200,-5.626,4.280,-7.880,1.060,0.220,Debrecen
2018-01-27,2200,-5.626,19.200,-23.130,1.060,0.557,Debrecen
2018-01-27,2200,-5.626,,,0.000,,Debrecen
2018-02-23,2201,-7.099,6.970,-3.730,1.060,0.253,Debrecen
2018-03-23,2202,-6.957,,,0.000,,Debrecen
2018-03-23,2202,-6.957,,,0.000,,Debrecen
2018-04-19,2203,-5.306,3.100,-80.760,57.820,0.990,Kislovodsk
2018-05-16,2204,-2.582,6.160,25.160,2.120,0.450,Debrecen
2018-05-16,2204,-2.582,-3.630,-1.150,1.060,0.028,Debrecen
2018-05-16,2204,-2.582,,,0.000,,Debrecen
2018-06-12,2205,0.629,4.800,-81.760,19.600,0.990,Kislovodsk
2018-07-21,2206,4.862,15.300,-11.460,2.940,0.270,Kislovodsk
2018-08-02,2207,5.835,-6.500,-23.280,1.960,0.440,Kislovodsk
2018-08-28,2208,7.107,7.700,72.830,27.440,0.950,Kislovodsk
2018-09-30,2209,6.777,-8.800,2.710,47.040,0.270,Kislovodsk
2018-10-21,2210,5.422,-7.300,50.210,4.900,0.780,Kislovodsk
2018-11-24,2211,1.796,4.700,-6.780,7.840,0.130,Kislovodsk
2018-12-14,2212,-0.744,11.900,-59.320,4.900,0.870,Kislovodsk
2019-01-21,2213,-5.085,6.100,-46.600,6.860,0.740,Kislovodsk
2019-02-13,2214,-6.717,-16.000,53.830,10.780,0.800,Kislovodsk
2019-03-12,2215,-7.221,6.900,61.900,7.840,0.890,Kislovodsk
2019-04-08,2216,-6.154,6.100,-73.190,480.200,0.960,Kislovodsk
2019-05-06,2217,-3.708,8.600,-51.420,278.320,0.800,Kislovodsk
2019-05-29,2218,-1.089,10.300,5.530,5.880,0.220,Kislovodsk
2019-06-29,2219,2.589,5.000,-16.590,5.880,0.290,Kislovodsk
2019-07-27,2220,5.354,13.400,-4.830,1.960,0.160,Kislovodsk
2019-09-01,2221,7.184,13.600,-33.180,13.720,0.550,Kislovodsk
2019-10-01,2222,6.743,-46.100,-61.240,10.780,0.970,Kislovodsk
