# TESS Sector 70 light curve for TRAPPIST-1 (TIC 278892590, T = 13.85).
# Source: MAST / TESS SPOC 2-minute PDCSAP via lightkurve search_lightcurve(
#   'TRAPPIST-1', mission='TESS', exptime=120).
# relative_flux = PDCSAP / median. detrended_flux = lightkurve flatten(
#   window_length=241 cadences ~ 8 h, polyorder=2, niters=3, sigma=3) / median;
#   the 8 h window is far longer than the 36 min transit, so transits survive.
# Flares and the mid-sector downlink gap are left in — both are real.
# Point-to-point scatter is 1.37%, so a single 0.95% transit is
#   invisible; folding on the period is what reveals it.
# TRAPPIST-1 b ephemeris measured from THIS light curve by box-least-squares
#   (astropy BoxLeastSquares, no catalog input): period 1.510919 d,
#   mid-transit 3209.809538 BTJD, duration 30.0 min, 13 transits observed.
#   Published period for comparison: 1.510826 d.
# Columns: btjd_day = BJD_TDB - 2457000; fluxes are dimensionless.
btjd_day,relative_flux,detrended_flux
3209.115788,1.017182,1.014544
3209.117177,1.017992,1.015342
3209.118565,1.000793,0.998180
3209.119954,1.002027,0.999402
3209.121343,0.988555,0.985956
3209.122732,0.993658,0.991037
3209.124121,1.010010,1.007338
3209.125510,0.967106,0.964540
3209.126899,0.999760,0.997100
3209.128288,0.998806,0.996141
3209.129676,1.031589,1.028829
3209.131065,1.008368,1.005664
3209.132454,0.994348,0.991675
3209.133843,1.018580,1.015834
3209.135232,0.990014,0.987339
3209.136621,1.011437,1.008699
3209.138010,0.996681,0.993976
3209.139398,1.013929,1.011172
3209.140787,1.022678,1.019892
3209.142176,1.006180,1.003433
3209.143565,1.012305,1.009537
3209.144954,1.010010,1.007243
3209.146343,1.006451,1.003690
3209.147732,1.012247,1.009465
3209.149120,1.003393,1.000632
3209.150509,0.998848,0.996096
3209.151898,0.985141,0.982423
3209.153287,1.012044,1.009249
3209.154676,0.984381,0.981659
3209.156065,1.011674,1.008873
3209.157454,1.020340,1.017513
3209.158843,0.998441,0.995672
3209.160231,1.012069,1.009260
3209.161620,1.003910,1.001121
3209.163009,0.977455,0.974738
3209.164398,1.010081,1.007273
3209.165787,0.999561,0.996780
3209.167176,1.004663,1.001867
3209.168565,1.008314,1.005507
3209.169953,0.995274,0.992503
3209.171342,0.995508,0.992736
3209.172731,0.999170,0.996388
3209.174120,0.988806,0.986053
3209.175509,0.974513,0.971800
3209.176898,1.022661,1.019814
3209.178287,0.987174,0.984426
3209.179675,0.981061,0.978331
3209.181064,1.002060,0.999274
3209.182453,0.979747,0.977024
3209.183842,0.992778,0.990021
3209.185231,1.003365,1.000580
3209.186620,0.990581,0.987833
3209.188009,1.016985,1.014167
3209.189397,0.996809,0.994050
3209.190786,0.991153,0.988412
3209.192175,1.003987,1.001213
3209.193564,1.013770,1.010973
3209.194953,1.007675,1.004898
3209.196342,1.002409,0.999651
3209.197731,1.001340,0.998589
3209.199120,1.003767,1.001013
3209.200508,0.983895,0.981200
3209.201897,0.992546,0.989832
3209.203286,1.022302,1.019512
3209.204675,1.005566,1.002826
3209.206064,0.963268,0.960649
3209.207453,0.999875,0.997162
3209.208842,0.997422,0.994721
3209.210230,1.006625,1.003906
3209.211619,1.021432,1.018679
3209.213008,1.006355,1.003649
3209.214397,1.015397,1.012673
3209.215786,1.016767,1.014047
3209.217175,1.000343,0.997674
3209.218564,1.001828,0.999163
3209.219952,0.998841,0.996191
3209.221341,0.990984,0.988362
3209.222730,1.026847,1.024139
3209.224119,0.988453,0.985855
3209.225508,0.992362,0.989761
3209.226897,1.017279,1.014622
3209.228286,1.007518,1.004896
3209.229674,0.988284,0.985721
3209.231063,1.011873,1.009258
3209.232452,1.033818,1.031157
3209.233841,1.005067,1.002489
3209.235230,1.010417,1.007836
3209.236619,0.995359,0.992827
3209.238008,0.980966,0.978481
3209.239397,1.013450,1.010893
3209.240785,1.009236,1.006701
3209.242174,1.015685,1.013145
3209.243563,0.995437,0.992960
3209.244952,1.026176,1.023634
3209.246341,0.988128,0.985692
3209.247730,1.014232,1.011744
3209.249119,0.994347,0.991920
3209.250507,1.017301,1.014831
3209.251896,1.009736,1.007297
3209.253285,0.995566,0.993175
3209.254674,0.992872,0.990501
3209.256063,0.994969,0.992605
3209.257452,0.999586,0.997226
3209.258841,1.014795,1.012413
3209.260229,1.007822,1.005471
3209.261618,1.002279,0.999955
3209.263007,0.988251,0.985974
3209.264396,1.007760,1.005453
3209.265785,1.042661,1.040290
3209.267174,0.996424,0.994173
3209.268563,0.994075,0.991845
3209.269951,0.976855,0.974679
3209.271340,0.987909,0.985725
3209.272729,1.013971,1.011746
3209.274118,0.987069,0.984919
3209.275507,0.999869,0.997708
3209.276896,0.976111,0.974018
3209.278285,1.022950,1.020774
3209.279674,1.009259,1.007130
3209.281062,1.000223,0.998130
3209.282451,1.020771,1.018654
3209.283840,0.989681,0.987456
3209.285229,0.983489,0.981311
3209.286618,1.016441,1.014187
3209.288007,0.999744,0.997576
3209.289396,1.004334,1.002270
3209.290784,1.013744,1.011709
3209.292173,1.007303,1.005196
3209.293562,0.999856,0.997904
3209.294951,1.024171,1.022293
3209.296340,0.997974,0.996283
3209.297729,0.999255,0.997380
3209.299118,0.981329,0.979435
3209.300506,0.994676,0.992918
3209.301895,0.991623,0.989863
3209.303284,0.992371,0.990682
3209.304673,1.011109,1.009380
3209.306062,1.011115,1.009486
3209.307451,0.989707,0.988020
3209.308840,0.994742,0.992837
3209.310228,0.987836,0.986069
3209.311617,0.997130,0.995415
3209.313006,1.022281,1.020494
3209.314395,0.996681,0.994958
3209.315784,0.993894,0.992185
3209.317173,0.990320,0.988644
3209.318562,1.001241,0.999506
3209.319951,1.020628,1.019077
3209.321339,0.984012,0.982340
3209.322728,1.015022,1.013426
3209.324117,1.000270,0.998827
3209.325506,1.025019,1.023453
3209.326895,1.016186,1.014625
3209.328284,1.014898,1.013296
3209.329673,0.993852,0.992364
3209.331061,1.015360,1.013987
3209.332450,1.005548,1.004146
3209.333839,0.990061,0.988674
3209.335228,1.004363,1.003022
3209.336617,0.980267,0.978940
3209.338006,1.015104,1.013915
3209.339395,1.028696,1.027636
3209.340783,0.999435,0.998525
3209.342172,0.993267,0.992526
3209.343561,0.981811,0.981295
3209.344950,0.994070,0.993422
3209.346339,1.008811,1.008217
3209.347728,0.996453,0.996144
3209.349117,1.007704,1.007199
3209.350505,0.988849,0.988350
3209.351894,0.991885,0.991553
3209.353283,1.004436,1.004211
3209.354672,1.007838,1.007664
3209.356061,1.002236,1.002018
3209.357450,1.007403,1.007164
3209.358839,1.002400,1.002198
3209.360228,0.991711,0.991379
3209.361616,0.989294,0.988936
3209.363005,0.999435,0.998946
3209.364394,0.987553,0.986913
3209.365783,1.006342,1.005729
3209.367172,0.969705,0.969110
3209.368561,0.991320,0.990847
3209.369950,0.974483,0.974113
3209.371338,1.020310,1.019936
3209.372727,0.989515,0.989149
3209.374116,0.998669,0.998415
3209.375505,1.008663,1.008367
3209.376894,1.013524,1.013294
3209.378283,1.019628,1.019435
3209.379672,1.018670,1.018280
3209.381060,0.999325,0.998984
3209.382449,0.990880,0.990533
3209.383838,0.997863,0.997558
3209.385227,1.004038,1.003770
3209.386616,0.995180,0.994909
3209.388005,0.984475,0.984342
3209.389394,0.992853,0.992898
3209.390782,1.012554,1.012520
3209.392171,1.012942,1.012992
3209.393560,1.005403,1.005430
3209.394949,1.022365,1.022404
3209.396338,0.999868,0.999978
3209.397727,1.018333,1.018516
3209.399116,1.014673,1.014971
3209.400504,0.991841,0.991907
3209.401893,0.999131,0.999132
3209.403282,0.976875,0.976797
3209.404671,1.011551,1.011570
3209.406060,1.001739,1.001861
3209.407449,0.987321,0.987343
3209.408838,0.984546,0.984551
3209.410227,1.003613,1.003534
3209.411615,0.986454,0.986423
3209.413004,0.995697,0.995564
3209.414393,0.994586,0.994505
3209.415782,0.989659,0.989437
3209.417171,0.994974,0.994731
3209.418560,0.989393,0.988925
3209.419949,0.980214,0.979769
3209.421337,1.002740,1.002336
3209.422726,0.987076,0.986546
3209.424115,1.007629,1.007078
3209.425504,1.010494,1.010083
3209.426893,1.001231,1.000671
3209.428282,1.021028,1.020374
3209.429671,1.014725,1.013907
3209.431059,1.004628,1.003952
3209.432448,1.006276,1.005618
3209.433837,0.988624,0.987635
3209.435226,1.009451,1.008394
3209.436615,1.004228,1.003312
3209.438004,0.993749,0.992949
3209.439393,0.985851,0.985166
3209.440781,1.015719,1.014878
3209.442170,0.998825,0.998100
3209.443559,0.972139,0.971404
3209.444948,0.983489,0.982702
3209.446337,1.000430,0.999413
3209.447726,1.014070,1.012924
3209.449115,0.990031,0.988989
3209.450503,0.981811,0.980576
3209.451892,1.016688,1.015298
3209.453281,0.994126,0.992889
3209.454670,1.003625,1.002352
3209.456059,1.000208,0.998974
3209.457448,0.994317,0.993167
3209.458837,0.988887,0.987689
3209.460226,0.980931,0.979620
3209.461614,1.009196,1.007855
3209.463003,1.011913,1.010455
3209.464392,0.993685,0.992173
3209.465781,0.991363,0.990042
3209.467170,1.012252,1.010993
3209.468559,1.009909,1.008742
3209.469948,0.994147,0.992986
3209.471336,1.002619,1.001571
3209.472725,1.005292,1.004214
3209.474114,0.991542,0.990418
3209.475503,0.981683,0.980606
3209.476892,1.019881,1.018782
3209.478281,1.017930,1.016877
3209.479670,1.000641,0.999676
3209.481058,1.005232,1.004134
3209.482447,1.010038,1.009086
3209.483836,1.004538,1.003668
3209.485225,0.989043,0.988303
3209.486614,1.015734,1.014843
3209.488003,0.979376,0.978439
3209.489392,1.000337,0.999362
3209.490780,1.028620,1.027507
3209.492169,1.003954,1.002711
3209.493558,0.994527,0.993165
3209.494947,1.003017,1.001461
3209.496336,1.015093,1.013393
3209.497725,0.999056,0.997460
3209.499114,1.001062,0.999335
3209.500502,0.996377,0.994514
3209.501891,1.013317,1.011497
3209.503280,1.003697,1.001802
3209.504669,1.023827,1.021792
3209.506058,1.018057,1.015911
3209.507447,1.018806,1.016605
3209.508836,1.015943,1.013539
3209.510225,1.010225,1.007786
3209.511613,1.002667,1.000371
3209.513002,0.997939,0.995757
3209.514391,1.026194,1.023882
3209.515780,0.970835,0.968676
3209.517169,0.977387,0.975149
3209.518558,1.017466,1.015370
3209.519947,1.019039,1.017068
3209.521335,0.996708,0.994850
3209.522724,1.007773,1.006045
3209.524113,0.991607,0.990009
3209.525502,0.994448,0.992793
3209.526891,0.979403,0.977790
3209.528280,1.005988,1.004404
3209.529669,0.983867,0.982474
3209.531057,0.972871,0.971556
3209.532446,1.002919,1.001562
3209.533835,0.998542,0.997047
3209.535224,1.000914,0.999758
3209.536613,1.002692,1.001629
3209.538002,1.019579,1.018733
3209.539391,1.000969,1.000051
3209.540779,0.976810,0.975921
3209.542168,0.986797,0.986052
3209.543557,1.000781,1.000042
3209.544946,1.005484,1.004750
3209.546335,0.983453,0.982553
3209.547724,1.006467,1.005522
3209.549113,1.008030,1.007064
3209.550501,1.019022,1.018083
3209.551890,1.002358,1.001471
3209.553279,0.996669,0.995733
3209.554668,1.016935,1.015977
3209.556057,1.016192,1.015413
3209.557446,1.011419,1.010714
3209.558835,0.999343,0.998625
3209.560223,0.985564,0.984795
3209.561612,1.016045,1.015326
3209.563001,1.016985,1.016210
3209.564390,0.997440,0.996741
3209.565779,1.028767,1.027897
3209.567168,0.997256,0.996314
3209.568557,0.994908,0.994074
3209.569946,0.997935,0.997176
3209.571334,1.011910,1.011164
3209.572723,0.997737,0.996888
3209.574112,0.997545,0.996620
3209.575501,1.006836,1.005932
3209.576890,1.003252,1.002644
3209.578279,1.004276,1.003752
3209.579668,1.011831,1.011427
3209.581056,0.998833,0.998496
3209.582445,0.993504,0.993272
3209.583834,0.993303,0.993249
3209.585223,0.982124,0.982072
3209.586612,1.014838,1.014869
3209.588001,1.006336,1.006452
3209.589390,0.972947,0.973102
3209.590778,0.994196,0.994411
3209.592167,1.023068,1.023462
3209.593556,0.991655,0.992100
3209.594945,0.996323,0.996684
3209.596334,0.976763,0.977029
3209.597723,1.010322,1.010433
3209.599112,1.011664,1.011737
3209.600500,0.988746,0.988854
3209.601889,0.991093,0.991309
3209.603278,1.017975,1.018117
3209.604667,0.995755,0.995940
3209.606056,1.006623,1.006965
3209.607445,0.993387,0.993831
3209.608834,1.004454,1.004909
3209.610222,0.995564,0.995908
3209.611611,0.968036,0.968462
3209.613000,0.986357,0.986957
3209.614389,0.989243,0.989907
3209.615778,1.010990,1.011562
3209.617167,0.986364,0.987078
3209.618556,0.970062,0.971034
3209.619944,1.000016,1.001056
3209.621333,1.009365,1.010620
3209.622722,1.002865,1.004174
3209.624111,1.014478,1.015715
3209.625500,1.003505,1.004906
3209.626889,0.985933,0.987452
3209.628278,0.999571,1.001476
3209.629666,1.005236,1.007210
3209.631055,0.984273,0.986127
3209.632444,1.029026,1.031043
3209.633833,0.995187,0.997231
3209.635222,1.007926,1.009879
3209.636611,0.988293,0.990137
3209.638000,1.010284,1.012237
3209.639389,1.005342,1.007229
3209.640777,1.000404,1.002233
3209.642166,0.994564,0.996283
3209.643555,0.996309,0.998075
3209.644944,0.992479,0.994218
3209.646333,1.005963,1.007670
3209.647722,0.999534,1.001266
3209.649111,1.019408,1.021185
3209.650499,1.004850,1.006546
3209.651888,1.008166,1.009843
3209.653277,0.978563,0.980299
3209.654666,1.006190,1.008092
3209.656055,0.979223,0.981245
3209.657444,0.995315,0.997343
3209.658833,0.972097,0.974003
3209.660221,1.000924,1.003016
3209.661610,0.984304,0.986577
3209.662999,0.992707,0.995189
3209.664388,1.004123,1.006506
3209.665777,0.992661,0.995070
3209.667166,0.979990,0.982488
3209.668555,0.999254,1.001910
3209.669943,0.986187,0.988870
3209.671332,0.959667,0.962475
3209.672721,0.990143,0.993083
3209.674110,1.015522,1.018418
3209.675499,0.961660,0.964378
3209.676888,0.979785,0.982491
3209.678277,0.994966,0.997755
3209.679665,1.003469,1.006397
3209.681054,0.990754,0.993718
3209.682443,0.993658,0.996613
3209.683832,0.989286,0.992595
3209.685221,1.018529,1.022206
3209.686610,1.004521,1.008122
3209.687999,1.008520,1.012032
3209.689387,1.025937,1.029467
3209.690776,1.013553,1.016929
3209.692165,0.994182,0.997510
3209.693554,1.000570,1.003866
3209.694943,0.998768,1.002231
3209.696332,1.009841,1.013276
3209.697721,1.005154,1.008685
3209.699109,0.981759,0.985356
3209.700498,0.977036,0.980715
3209.701887,1.017886,1.021771
3209.703276,0.999320,1.003132
3209.704665,1.003528,1.007288
3209.706054,0.998257,1.001829
3209.707443,0.982589,0.986131
3209.708832,1.015310,1.019229
3209.710220,1.003333,1.007238
3209.711609,1.007707,1.011604
3209.712998,0.983136,0.986806
3209.714387,1.008915,1.012666
3209.715776,0.990603,0.994316
3209.717165,0.990468,0.994145
3209.718554,0.997281,1.000949
3209.719942,0.988278,0.991867
3209.721331,0.987367,0.991055
3209.722720,1.004801,1.008418
3209.724109,0.995776,0.999219
3209.725498,1.000992,1.004421
3209.726887,0.995092,0.998608
3209.728276,1.010065,1.013644
3209.729664,1.007226,1.010846
3209.731053,1.004189,1.007768
3209.732442,0.989863,0.993315
3209.733831,0.994035,0.997291
3209.735220,1.004166,1.007335
3209.736609,1.007138,1.010244
3209.737998,0.975220,0.978231
3209.739386,0.987054,0.990047
3209.740775,0.982857,0.985682
3209.742164,0.984702,0.987619
3209.743553,1.023757,1.026846
3209.744942,1.009867,1.012997
3209.746331,0.998956,1.002213
3209.747720,0.997980,1.001103
3209.749108,1.003675,1.006855
3209.750497,1.010730,1.014097
3209.751886,0.987238,0.990634
3209.753275,0.994054,0.997595
3209.754664,0.984083,0.987391
3209.756053,0.999330,1.002580
3209.757442,0.985353,0.988886
3209.758830,1.024095,1.027596
3209.760219,1.011034,1.014505
3209.761608,0.977917,0.981116
3209.762997,0.997020,1.000188
3209.764386,0.979388,0.982527
3209.765775,0.989149,0.992202
3209.767164,1.002881,1.005839
3209.768552,0.996725,0.999720
3209.769941,0.987334,0.990462
3209.771330,1.002023,1.004913
3209.772719,1.009372,1.012280
3209.774108,0.993403,0.996169
3209.775497,1.007305,1.010072
3209.776886,0.972051,0.974575
3209.778274,0.976207,0.978665
3209.779663,0.998018,1.000578
3209.781052,0.997729,1.000315
3209.782441,0.984324,0.986904
3209.783830,1.002571,1.005042
3209.785219,1.013319,1.015852
3209.786608,1.010272,1.012904
3209.787996,1.014924,1.017468
3209.789385,1.002187,1.004525
3209.790774,0.974872,0.977085
3209.792163,1.010663,1.012960
3209.793552,0.999817,1.001921
3209.794941,1.027443,1.029704
3209.796330,1.006910,1.008972
3209.797719,0.987973,0.989940
3209.799107,0.994580,0.996629
3209.800496,0.994556,0.996469
3209.801885,0.981546,0.983229
3209.803274,0.986174,0.987840
3209.804663,0.992283,0.993878
3209.806052,0.980613,0.982133
3209.807441,0.983643,0.985136
3209.808829,0.961003,0.962323
3209.810218,0.971995,0.973400
3209.811607,0.999575,1.000977
3209.812996,0.992794,0.994226
3209.814385,0.990390,0.991572
3209.815774,0.990458,0.991732
3209.817163,0.984766,0.985832
3209.818551,0.984096,0.985117
3209.819940,0.989706,0.990557
3209.821329,1.017642,1.018602
3209.822718,0.990720,0.991614
3209.824107,0.978463,0.979453
3209.825496,0.999282,1.000132
3209.826885,1.008652,1.009709
3209.828273,1.013911,1.014956
3209.829662,1.018812,1.019844
3209.831051,0.980513,0.981435
3209.832440,0.993356,0.994190
3209.833829,1.006328,1.007190
3209.835218,0.999944,1.000773
3209.836607,1.009823,1.010623
3209.837995,1.024317,1.025052
3209.839384,1.020166,1.021014
3209.840773,0.989954,0.990818
3209.842162,1.006389,1.007097
3209.843551,0.998101,0.998926
3209.844940,1.010242,1.011233
3209.846329,1.015412,1.016382
3209.847717,1.004733,1.005789
3209.849106,1.019373,1.020445
3209.850495,1.027234,1.028328
3209.851884,1.017006,1.018249
3209.853273,1.011218,1.012255
3209.854662,1.001558,1.002502
3209.856051,0.989530,0.990423
3209.857439,0.989270,0.989845
3209.858828,0.993021,0.993641
3209.860217,0.984120,0.984763
3209.861606,1.004622,1.005251
3209.862995,0.992869,0.993371
3209.864384,0.998773,0.999281
3209.865773,0.993187,0.993462
3209.867161,1.015116,1.015516
3209.868550,1.003432,1.003788
3209.869939,0.997207,0.997439
3209.871328,0.988490,0.988574
3209.872717,0.989431,0.989439
3209.874106,1.002390,1.002492
3209.875495,1.014638,1.014717
3209.876883,0.988756,0.988658
3209.878272,0.992735,0.992518
3209.879661,0.979940,0.979625
3209.881050,0.975998,0.975717
3209.882439,1.005704,1.005335
3209.883828,0.997226,0.996922
3209.885217,1.009323,1.008955
3209.886605,0.991373,0.990974
3209.887994,1.009691,1.009261
3209.889383,0.992290,0.991867
3209.890772,0.991103,0.990604
3209.892161,1.004595,1.004041
3209.893550,1.015380,1.014799
3209.894939,0.986039,0.985401
3209.896327,1.023350,1.022722
3209.897716,1.013208,1.012532
3209.899105,0.948492,0.947846
3209.900494,0.986499,0.985814
3209.901883,0.996775,0.996044
3209.903272,0.979939,0.979163
3209.904661,0.984745,0.983871
3209.906049,0.999431,0.998413
3209.907438,1.004383,1.003452
3209.908827,0.974004,0.973071
3209.910216,1.012779,1.011942
3209.911605,1.017839,1.016977
3209.912994,1.019549,1.018415
3209.914383,1.034766,1.033447
3209.915771,0.996902,0.995659
3209.917160,1.011569,1.010304
3209.918549,1.026817,1.025438
3209.919938,1.018755,1.017376
3209.921327,1.009986,1.008760
3209.922716,0.991551,0.990439
3209.924105,0.997533,0.996542
3209.925494,1.035571,1.034571
3209.926882,0.976502,0.975658
3209.928271,1.035221,1.034144
3209.929660,0.976332,0.975223
3209.931049,0.990974,0.989969
3209.932438,0.989879,0.988998
3209.933827,0.999991,0.999034
3209.935216,0.998876,0.997829
3209.936604,1.006934,1.005892
3209.937993,1.026951,1.025850
3209.939382,0.983053,0.982098
3209.940771,1.005710,1.004618
3209.942160,1.001952,1.000819
3209.943549,0.998535,0.997310
3209.944938,0.991418,0.990173
3209.946326,0.993549,0.992517
3209.947715,0.985242,0.984477
3209.949104,0.999312,0.998434
3209.950493,1.002134,1.001236
3209.951882,0.954804,0.953951
3209.953271,0.994111,0.993226
3209.954660,1.000317,0.999498
3209.956048,0.994266,0.993291
3209.957437,0.990818,0.989763
3209.958826,0.988000,0.986896
3209.960215,0.999323,0.998160
3209.961604,1.022386,1.021395
3209.962993,0.984733,0.983727
3209.964382,1.009219,1.008051
3209.965770,0.982672,0.981448
3209.967159,1.003806,1.002564
3209.968548,1.002974,1.001938
3209.969937,1.015402,1.014516
3209.971326,0.970574,0.969759
3209.972715,1.012455,1.011842
3209.974104,0.983727,0.983214
3209.975492,1.009582,1.009066
3209.976881,1.009628,1.009423
3209.978270,0.986909,0.986807
3209.979659,1.015950,1.016118
3209.981048,0.999317,0.999734
3209.982437,1.008893,1.009237
3209.983826,0.976006,0.976447
3209.985214,1.024259,1.024911
3209.986603,0.997910,0.998621
3209.987992,1.009531,1.010365
3209.989381,0.992148,0.993248
3209.990770,1.003785,1.005054
3209.992159,1.011889,1.013089
3209.993548,1.009442,1.010649
3209.994936,0.951607,0.952813
3209.996325,0.981267,0.982581
3209.997714,1.015251,1.016659
3209.999103,1.009422,1.010893
3210.000492,0.992711,0.994086
3210.001881,0.991549,0.992860
3210.003270,0.998272,0.999818
3210.004658,1.005953,1.007558
3210.006047,0.985336,0.987094
3210.007436,1.002711,1.004529
3210.008825,0.982918,0.984678
3210.010214,0.985042,0.986566
3210.011603,1.002778,1.004289
3210.012992,0.994298,0.995874
3210.014380,0.986766,0.988410
3210.015769,1.008589,1.010290
3210.017158,0.994400,0.995934
3210.018547,1.023068,1.024634
3210.019936,0.995162,0.996650
3210.021325,0.999963,1.001419
3210.022714,1.018516,1.019815
3210.024102,0.991606,0.992752
3210.025491,0.996041,0.997256
3210.026880,1.007574,1.008658
3210.028269,0.980047,0.981142
3210.029658,1.027489,1.028585
3210.031047,1.006585,1.007632
3210.032436,1.004348,1.005453
3210.033824,0.987367,0.988284
3210.035213,1.018494,1.019486
3210.036602,0.976680,0.977448
3210.037991,1.008737,1.009670
3210.039380,0.977655,0.978393
3210.040769,1.005016,1.005691
3210.042158,0.982397,0.983105
3210.043546,0.997761,0.998601
3210.044935,1.020288,1.021157
3210.046324,0.985699,0.986624
3210.047713,0.993400,0.994228
3210.049102,0.990826,0.991583
3210.050491,0.997947,0.998781
3210.051880,0.995020,0.996108
3210.053268,1.002489,1.003727
3210.054657,1.007343,1.008571
3210.056046,0.987186,0.988413
3210.057435,0.996862,0.998107
3210.058824,0.989754,0.991044
3210.060213,0.991789,0.992887
3210.061602,0.996496,0.997665
3210.062990,0.992267,0.993369
3210.064379,1.001510,1.002681
3210.065768,0.986702,0.988013
3210.067157,1.019555,1.021092
3210.068546,1.003541,1.005083
3210.069935,1.005260,1.006672
3210.071324,0.988835,0.990293
3210.072712,0.989434,0.990789
3210.074101,0.993046,0.994499
3210.075490,0.990251,0.991855
3210.076879,0.993781,0.995599
3210.078268,0.984603,0.986497
3210.079657,1.005766,1.007886
3210.081046,0.982571,0.984633
3210.082434,0.981569,0.983547
3210.083823,0.984389,0.986384
3210.085212,1.004123,1.005921
3210.086601,0.998229,1.000065
3210.087990,0.989471,0.991268
3210.089379,1.010225,1.011893
3210.090768,1.011304,1.012794
3210.092156,1.010818,1.012143
3210.093545,1.006425,1.008015
3210.094934,1.005719,1.007353
3210.096323,1.003398,1.004808
3210.097712,0.997899,0.999496
3210.099101,0.998502,0.999958
3210.100490,1.000140,1.001771
3210.101878,1.019765,1.021418
3210.103267,0.970702,0.972276
3210.104656,0.974933,0.976539
3210.106045,1.005019,1.006627
3210.107434,0.990480,0.992117
3210.108823,1.003099,1.004596
3210.110212,0.982769,0.984313
3210.111600,1.001235,1.002773
3210.112989,0.976863,0.978479
3210.114378,1.001021,1.002687
3210.115767,1.005433,1.007326
3210.117156,1.016089,1.018215
3210.118545,0.978813,0.980966
3210.119934,0.991572,0.993916
3210.121322,0.980833,0.983247
3210.122711,1.009491,1.012032
3210.124100,0.982875,0.985403
3210.125489,0.992360,0.995006
3210.126878,1.002797,1.005620
3210.128267,0.991247,0.994352
3210.129656,1.002253,1.005268
3210.131044,0.998102,1.001117
3210.132433,0.973604,0.976735
3210.133822,1.009154,1.012311
3210.135211,1.005383,1.008664
3210.136600,1.018490,1.021900
3210.137989,1.018591,1.021855
3210.139378,0.998092,1.001236
3210.140766,1.017524,1.020979
3210.142155,0.997694,1.000970
3210.143544,0.991391,0.994804
3210.144933,1.027447,1.030815
3210.146322,0.996961,1.000049
3210.147711,1.000154,1.003289
3210.149100,1.007212,1.010292
3210.150488,0.981470,0.984519
3210.151877,1.004439,1.007458
3210.153266,1.013736,1.016919
3210.154655,0.996232,0.999278
3210.156044,0.996092,0.999107
3210.157433,1.022045,1.025113
3210.158822,1.007294,1.010465
3210.160210,0.998269,1.001368
3210.161599,0.985196,0.988114
3210.162988,0.993308,0.996088
3210.164377,0.998176,1.001069
3210.165766,1.011557,1.014313
3210.167155,0.994716,0.997444
3210.168544,1.001486,1.004279
3210.169932,1.010044,1.012680
3210.171321,0.993395,0.996066
3210.172710,1.029924,1.032556
3210.174099,0.998458,1.001015
3210.175488,1.000278,1.002782
3210.176877,0.979786,0.982390
3210.178266,1.008727,1.011518
3210.179654,0.998015,1.000802
3210.181043,1.015101,1.017891
3210.182432,0.997475,1.000247
3210.183821,0.982970,0.985642
3210.185210,1.009869,1.012727
3210.186599,0.995832,0.998452
3210.187988,1.010736,1.013315
3210.189376,0.997032,0.999573
3210.190765,0.997516,0.999809
3210.192154,1.021949,1.024180
3210.193543,0.979688,0.981696
3210.194932,0.996441,0.998354
3210.196321,0.980723,0.982617
3210.197710,0.987368,0.989098
3210.199098,0.991483,0.993066
3210.200487,0.974000,0.975554
3210.201876,0.996371,0.998097
3210.203265,0.963890,0.965499
3210.204654,1.010236,1.011883
3210.206043,0.982698,0.984178
3210.207432,0.984581,0.986254
3210.208820,0.999588,1.001230
3210.210209,1.001986,1.003790
3210.211598,0.984613,0.986535
3210.212987,1.009565,1.011295
3210.214376,0.991735,0.993637
3210.215765,0.970910,0.972677
3210.217154,0.996663,0.998505
3210.218542,1.013252,1.015116
3210.219931,0.989926,0.991838
3210.221320,0.993905,0.995791
3210.222709,0.991390,0.993233
3210.224098,1.000910,1.002677
3210.225487,0.990653,0.992417
3210.226876,0.968169,0.969857
3210.228264,0.991917,0.993564
3210.229653,0.969138,0.970781
3210.231042,1.001436,1.003058
3210.232431,1.029672,1.031179
3210.233820,1.004030,1.005504
3210.235209,1.018245,1.019479
3210.236598,0.983498,0.984597
3210.237986,0.988281,0.989299
3210.239375,0.969588,0.970532
3210.240764,0.983236,0.984153
3210.242153,0.997146,0.998012
3210.243542,1.020324,1.021354
3210.244931,1.007662,1.008782
3210.246320,0.991465,0.992644
3210.247708,0.998657,0.999642
3210.249097,0.992590,0.993612
3210.250486,1.010376,1.011454
3210.251875,0.987260,0.988468
3210.253264,0.995336,0.996578
3210.254653,0.998735,0.999849
3210.256042,0.991960,0.992995
3210.257430,0.982534,0.983471
3210.258819,0.976156,0.976867
3210.260208,1.026783,1.027371
3210.261597,0.997658,0.998258
3210.262986,0.993965,0.994406
3210.264375,1.001684,1.001999
3210.265764,1.006786,1.007136
3210.267152,0.999059,0.999440
3210.268541,0.983517,0.983864
3210.269930,0.983186,0.983433
3210.271319,0.996892,0.997187
3210.272708,0.983823,0.984256
3210.274097,1.008243,1.008611
3210.275486,0.994968,0.995218
3210.276874,0.989286,0.989296
3210.278263,0.993601,0.993760
3210.279652,1.014731,1.014741
3210.281041,0.994549,0.994758
3210.282430,1.021008,1.021035
3210.283819,1.022395,1.022244
3210.285208,0.998057,0.997798
3210.286596,1.021350,1.021255
3210.287985,1.014507,1.014354
3210.289374,1.000184,1.000265
3210.290763,1.006377,1.006299
3210.292152,1.006954,1.006953
3210.293541,1.012591,1.012523
3210.294930,1.037103,1.037008
3210.296318,0.978478,0.978312
3210.297707,1.023744,1.023702
3210.299096,1.016769,1.016714
3210.300485,0.995903,0.996032
3210.301874,1.005059,1.005018
3210.303263,1.018562,1.018536
3210.304652,0.981487,0.981325
3210.306040,1.008414,1.008060
3210.307429,1.011969,1.011639
3210.308818,0.996321,0.995740
3210.310207,1.011351,1.010875
3210.311596,0.985430,0.985039
3210.312985,0.982654,0.981996
3210.314374,0.994330,0.993759
3210.315762,1.005295,1.004656
3210.317151,1.009564,1.008724
3210.318540,0.995608,0.994684
3210.319929,1.000017,0.999020
3210.321318,1.014026,1.012866
3210.322707,0.996782,0.995688
3210.324096,1.009793,1.008666
3210.325484,1.020421,1.019058
3210.326873,1.002293,1.000835
3210.328262,0.995000,0.993586
3210.329651,0.989465,0.988180
3210.331040,1.003187,1.001832
3210.332429,0.993250,0.991874
3210.333818,1.019058,1.017431
3210.335206,1.007719,1.006068
3210.336595,0.969696,0.968123
3210.337984,1.017319,1.015594
3210.339373,0.991443,0.989709
3210.340762,0.992863,0.990841
3210.342151,0.999558,0.997339
3210.343540,1.013925,1.011620
3210.344928,1.008535,1.006282
3210.346317,1.013600,1.011252
3210.347706,0.993810,0.991470
3210.349095,0.998075,0.995638
3210.350484,1.005159,1.002506
3210.351873,1.019225,1.016537
3210.353262,0.999102,0.996333
3210.354650,0.990624,0.987894
3210.356039,1.007527,1.004757
3210.357428,0.987127,0.984475
3210.358817,0.981153,0.978471
3210.360206,0.981915,0.978992
3210.361595,0.993614,0.990761
3210.362984,0.988176,0.985317
3210.364372,1.005481,1.002632
3210.365761,0.988825,0.986006
3210.367150,1.011820,1.009020
3210.368539,1.017275,1.014535
3210.369928,1.017701,1.014850
3210.371317,0.979511,0.977016
3210.372706,0.997168,0.994426
3210.374094,1.017093,1.014373
3210.375483,1.004864,1.002330
3210.376872,1.016702,1.014113
3210.378261,1.031745,1.029133
3210.379650,0.992863,0.990387
3210.381039,1.029701,1.027085
3210.382428,0.989391,0.986815
3210.383816,1.006496,1.003941
3210.385205,1.007707,1.005070
3210.386594,1.021522,1.018662
3210.387983,1.009545,1.006639
3210.389372,1.014411,1.011533
3210.390761,0.985277,0.982613
3210.392150,1.012232,1.009431
3210.393538,0.996709,0.994083
3210.394927,0.990709,0.988260
3210.396316,1.014065,1.011694
3210.397705,0.992306,0.990140
3210.399094,0.988086,0.985805
3210.400483,0.998492,0.996069
3210.401872,0.989684,0.987294
3210.403260,0.999725,0.997178
3210.404649,1.002954,1.000486
3210.406038,0.991256,0.988909
3210.407427,0.993625,0.991498
3210.408816,0.992973,0.990927
3210.410205,1.023091,1.021029
3210.411594,1.020927,1.018752
3210.412982,1.008198,1.006008
3210.414371,0.983872,0.981758
3210.415760,0.999874,0.997751
3210.417149,0.996764,0.994770
3210.418538,1.018475,1.016296
3210.419927,1.017709,1.015575
3210.421316,0.986710,0.984571
3210.422704,0.986862,0.984723
3210.424093,1.004633,1.002578
3210.425482,0.984201,0.982313
3210.426871,0.994694,0.992837
3210.428260,1.020730,1.018552
3210.429649,0.990682,0.988592
3210.431038,0.992835,0.990624
3210.432426,1.013561,1.011408
3210.433815,1.014746,1.012556
3210.435204,1.006840,1.004690
3210.436593,1.015779,1.013650
3210.437982,0.990037,0.988113
3210.439371,1.009000,1.007133
3210.440759,1.003962,1.002394
3210.442148,0.982661,0.981018
3210.443537,0.973956,0.972401
3210.444926,1.015848,1.014292
3210.446315,0.985741,0.984357
3210.447704,1.017408,1.015863
3210.449093,0.979436,0.978051
3210.450481,0.984588,0.983031
3210.451870,1.005511,1.003895
3210.453259,1.013555,1.011951
3210.454648,0.989431,0.987898
3210.456037,1.024864,1.023246
3210.457426,0.991263,0.989697
3210.458815,1.001811,1.000374
3210.460203,0.987909,0.986460
3210.461592,1.004501,1.002828
3210.462981,0.984081,0.982225
3210.464370,1.028489,1.026497
3210.465759,1.002073,1.000055
3210.467148,1.008880,1.006737
3210.468537,0.987062,0.984981
3210.469925,1.013299,1.011168
3210.471314,1.002537,1.000269
3210.472703,0.995756,0.993489
3210.474092,1.009636,1.007176
3210.475481,0.983805,0.981378
3210.476870,1.024058,1.021440
3210.478259,1.011807,1.009155
3210.479647,0.992972,0.990599
3210.481036,1.022115,1.019901
3210.482425,1.000592,0.998534
3210.483814,0.985983,0.983915
3210.485203,0.975050,0.973008
3210.486592,1.001799,0.999800
3210.487981,0.998839,0.996947
3210.489369,1.012758,1.010917
3210.490758,1.002438,1.000742
3210.492147,0.996489,0.994770
3210.493536,0.998346,0.996656
3210.494925,1.014250,1.012620
3210.496314,1.015804,1.014189
3210.497703,0.995498,0.993940
3210.499091,1.002974,1.001385
3210.500480,0.987949,0.986332
3210.501869,0.998243,0.996370
3210.503258,1.014575,1.012507
3210.504647,1.009398,1.007569
3210.506036,0.995877,0.993946
3210.507425,0.995147,0.993154
3210.508813,0.980576,0.978622
3210.510202,1.003027,1.001054
3210.511591,0.996934,0.994950
3210.512980,1.006315,1.004331
3210.514369,1.002927,1.001039
3210.515758,1.012556,1.010765
3210.517147,0.977336,0.975673
3210.518535,0.994076,0.992571
3210.519924,0.998492,0.996851
3210.521313,1.009072,1.007434
3210.522702,1.023410,1.021873
3210.524091,1.019604,1.018217
3210.525480,1.002777,1.001619
3210.526869,0.995875,0.995123
3210.528257,1.010140,1.009627
3210.529646,1.006066,1.005796
3210.531035,1.003405,1.003290
3210.532424,0.996698,0.996703
3210.533813,1.017093,1.017257
3210.535202,0.997400,0.997578
3210.536591,0.989555,0.989654
3210.537979,1.014983,1.014930
3210.539368,0.986868,0.987004
3210.540757,1.003791,1.003957
3210.542146,1.017879,1.018029
3210.543535,1.004272,1.004501
3210.544924,1.013288,1.013623
3210.546313,0.999756,0.999828
3210.547701,1.010810,1.011020
3210.549090,0.990618,0.990560
3210.550479,0.989104,0.989028
3210.551868,0.990305,0.990291
3210.553257,0.990031,0.989994
3210.554646,0.982717,0.982579
3210.556035,1.005509,1.005299
3210.557423,1.017992,1.017889
3210.558812,0.995844,0.995890
3210.560201,1.016963,1.016929
3210.561590,0.998896,0.998950
3210.562979,1.017296,1.017383
3210.564368,0.997394,0.997446
3210.565756,0.983264,0.983406
3210.567145,1.013196,1.013252
3210.568534,1.009605,1.009440
3210.569923,1.000685,1.000658
3210.571312,1.001913,1.001973
3210.572701,1.006880,1.007015
3210.574090,1.009161,1.009393
3210.575478,0.998082,0.998184
3210.576867,1.044232,1.044369
3210.578256,1.005903,1.006066
3210.579645,1.003720,1.003607
3210.581034,1.003474,1.003284
3210.582423,0.997624,0.997444
3210.583812,1.004862,1.004705
3210.585200,1.014477,1.014204
3210.586589,0.990240,0.990075
3210.587978,0.995823,0.995369
3210.589367,0.984491,0.983951
3210.590756,0.999126,0.998591
3210.592145,1.011566,1.011103
3210.593534,1.002787,1.002249
3210.594922,0.982944,0.982525
3210.596311,0.981211,0.980767
3210.597700,0.999113,0.998508
3210.599089,0.971525,0.970943
3210.600478,1.014277,1.013589
3210.601867,0.997621,0.997030
3210.603256,0.999018,0.998250
3210.604644,0.985200,0.984360
3210.606033,1.002031,1.001001
3210.607422,1.005957,1.004843
3210.608811,1.024218,1.022942
3210.610200,0.984360,0.983070
3210.611589,1.000763,0.999643
3210.612978,0.992484,0.991551
3210.614366,1.006468,1.005475
3210.615755,0.988517,0.987688
3210.617144,1.003513,1.002619
3210.618533,0.985999,0.985374
3210.619922,1.010979,1.010499
3210.621311,0.995276,0.994807
3210.622700,1.020455,1.020065
3210.624088,1.004626,1.004379
3210.625477,0.994951,0.994611
3210.626866,1.025254,1.024945
3210.628255,0.997812,0.997400
3210.629644,0.976469,0.976116
3210.631033,0.997768,0.997432
3210.632422,0.965900,0.965683
3210.633810,1.006363,1.006076
3210.635199,0.994690,0.994422
3210.636588,0.994378,0.994199
3210.637977,1.001312,1.001286
3210.639366,0.988555,0.988569
3210.640755,0.974138,0.974211
3210.642144,0.976304,0.976440
3210.643532,1.000439,1.000562
3210.644921,0.975018,0.975201
3210.646310,0.993328,0.993353
3210.647699,1.015273,1.015102
3210.649088,1.011310,1.011331
3210.650477,1.004201,1.004125
3210.651866,0.990483,0.990385
3210.653254,1.002230,1.002280
3210.654643,1.003887,1.004187
3210.656032,1.008618,1.008897
3210.657421,1.019635,1.019978
3210.658810,1.011034,1.011299
3210.660199,0.998449,0.998611
3210.661588,1.020816,1.020964
3210.662976,1.012463,1.012690
3210.664365,0.993931,0.994028
3210.665754,0.989069,0.989005
3210.667143,0.995079,0.994949
3210.668532,0.978917,0.978861
3210.669921,0.974088,0.974070
3210.671309,0.974530,0.974573
3210.672698,0.997876,0.997869
3210.674087,0.988022,0.987725
3210.675476,0.971797,0.971558
3210.676865,0.983648,0.983433
3210.678254,0.992211,0.992300
3210.679643,0.998884,0.999099
3210.681031,1.000583,1.000866
3210.682420,1.017797,1.018127
3210.683809,1.002505,1.002839
3210.685198,0.999293,0.999591
3210.686587,1.026247,1.026611
3210.687976,0.989886,0.990386
3210.689365,0.993950,0.994561
3210.690753,1.001623,1.002086
3210.692142,1.022083,1.022410
3210.693531,1.012615,1.012689
3210.694920,1.038138,1.038255
3210.696309,1.014745,1.014916
3210.697698,1.025216,1.025380
3210.699087,1.006513,1.006586
3210.700475,1.018255,1.018182
3210.701864,1.008058,1.008060
3210.703253,1.008761,1.008585
3210.704642,0.999762,0.999576
3210.706031,0.988708,0.988667
3210.707420,1.005059,1.004992
3210.708809,0.996249,0.996345
3210.710197,1.009186,1.009276
3210.711586,1.013603,1.013520
3210.712975,1.030106,1.029882
3210.714364,0.988532,0.988169
3210.715753,1.013475,1.013230
3210.717142,0.986013,0.985786
3210.718531,0.985532,0.985223
3210.719919,1.015172,1.014762
3210.721308,1.003479,1.003168
3210.722697,1.005013,1.004646
3210.724086,0.999190,0.998871
3210.725475,1.033617,1.033123
3210.726864,1.011863,1.011279
3210.728253,1.002182,1.001600
3210.729641,1.014088,1.013471
3210.731030,0.999171,0.998696
3210.732419,1.012253,1.011504
3210.733808,1.011064,1.010250
3210.735197,0.977119,0.976502
3210.736586,0.965173,0.964499
3210.737975,1.012591,1.011673
3210.739363,1.014973,1.014038
3210.740752,1.016815,1.015867
3210.742141,1.008684,1.007660
3210.743530,0.974527,0.973470
3210.744919,1.003286,1.002240
3210.746308,0.979381,0.978399
3210.747696,1.009686,1.008421
3210.749085,1.011937,1.010673
3210.750474,0.989521,0.988352
3210.751863,0.982622,0.981418
3210.753252,1.013926,1.012515
3210.754641,0.972500,0.971108
3210.756030,1.003546,1.002062
3210.757418,0.989569,0.988234
3210.758807,0.999166,0.997823
3210.760196,0.991539,0.990235
3210.761585,1.000850,0.999377
3210.762974,0.988729,0.987345
3210.764363,0.994140,0.992859
3210.765752,0.989868,0.988417
3210.767140,0.976885,0.975645
3210.768529,1.024565,1.023108
3210.769918,0.984127,0.982636
3210.771307,0.990935,0.989454
3210.772696,0.985140,0.983668
3210.774085,0.974154,0.972814
3210.775474,0.982465,0.981131
3210.776862,0.989168,0.987711
3210.778251,1.008768,1.007336
3210.779640,0.997135,0.995523
3210.781029,1.002545,1.000908
3210.782418,1.004097,1.002233
3210.783807,1.003503,1.001659
3210.785196,1.015627,1.013726
3210.786584,1.004761,1.003047
3210.787973,1.000379,0.998682
3210.789362,1.023161,1.021270
3210.790751,1.007111,1.005243
3210.792140,1.006054,1.004151
3210.793529,0.994248,0.992430
3210.794918,0.979997,0.978028
3210.796306,0.991210,0.989189
3210.797695,1.003400,1.001365
3210.799084,0.996627,0.994587
3210.800473,1.013812,1.012065
3210.801862,1.000467,0.998683
3210.803251,1.019816,1.018015
3210.804640,1.008861,1.007052
3210.806028,1.017091,1.015310
3210.807417,1.010685,1.009063
3210.808806,1.004800,1.003231
3210.810195,1.005867,1.004433
3210.811584,0.992850,0.991407
3210.812973,0.996349,0.995143
3210.814362,0.979554,0.978469
3210.815750,1.022322,1.020967
3210.817139,1.006300,1.004963
3210.818528,0.997031,0.995711
3210.819917,1.009987,1.008631
3210.821306,1.014689,1.013358
3210.822695,0.997726,0.996334
3210.824083,1.007847,1.006322
3210.825472,1.000678,0.999097
3210.826861,0.986386,0.984893
3210.828250,0.992994,0.991512
3210.829639,1.010344,1.008705
3210.831028,0.993672,0.991776
3210.832417,0.989510,0.987810
3210.833805,0.984397,0.982680
3210.835194,1.013933,1.012100
3210.836583,0.993658,0.992068
3210.837972,1.007205,1.005763
3210.839361,1.005761,1.004424
3210.840750,0.961523,0.960410
3210.842139,1.003172,1.002006
3210.843527,0.997987,0.996999
3210.844916,1.028471,1.027607
3210.846305,1.022371,1.021515
3210.847694,1.007500,1.006678
3210.849083,1.013111,1.012229
3210.850472,1.005113,1.003992
3210.851861,1.008127,1.006970
3210.853249,0.987184,0.985985
3210.854638,1.018538,1.017266
3210.856027,1.016867,1.015778
3210.857416,0.985516,0.984571
3210.858805,1.001849,1.000738
3210.860194,0.981893,0.980788
3210.861583,1.010946,1.009994
3210.862971,1.007404,1.006212
3210.864360,1.011523,1.010275
3210.865749,0.995193,0.993892
3210.867138,0.983318,0.981903
3210.868527,1.011409,1.009878
3210.869916,0.991738,0.990395
3210.871305,0.998826,0.997413
3210.872693,1.015969,1.014379
3210.874082,1.014713,1.013183
3210.875471,1.017666,1.015885
3210.876860,1.007428,1.005754
3210.878249,0.995697,0.994024
3210.879638,0.987786,0.985947
3210.881027,0.994477,0.992401
3210.882415,1.025905,1.023739
3210.883804,1.019702,1.017434
3210.885193,0.984511,0.982452
3210.886582,0.980369,0.978296
3210.887971,1.010693,1.008378
3210.889360,0.986073,0.983828
3210.890748,0.993705,0.991386
3210.892137,0.982884,0.980618
3210.893526,1.005233,1.002803
3210.894915,0.998630,0.996023
3210.896304,1.016534,1.013995
3210.897693,1.025440,1.022799
3210.899082,0.980318,0.977744
3210.900470,0.992204,0.989473
3210.901859,1.016202,1.013464
3210.903248,1.007843,1.005393
3210.904637,0.981674,0.979393
3210.906026,1.003586,1.001147
3210.907415,1.005854,1.003326
3210.908804,0.999449,0.996907
3210.910192,1.004156,1.001531
3210.911581,1.011790,1.009248
3210.912970,1.019538,1.016803
3210.914359,0.970930,0.968463
3210.915748,1.011176,1.008403
3210.917137,1.016178,1.013218
3210.918526,1.005890,1.003014
3210.919914,0.996284,0.993625
3210.921303,0.992163,0.989363
3210.922692,0.995986,0.993581
3210.924081,1.013005,1.010452
3210.925470,1.007350,1.005007
3210.926859,1.024717,1.022165
3210.928248,0.986386,0.984051
3210.929636,1.002859,1.000338
3210.931025,1.006853,1.004480
3210.932414,0.977372,0.975249
3210.933803,1.009245,1.007168
3210.935192,0.995326,0.993264
3210.936581,0.988194,0.985944
3210.937970,1.007502,1.005243
3210.939358,0.990135,0.987951
3210.940747,1.026050,1.023908
3210.942136,1.014678,1.012736
3210.943525,1.012621,1.010867
3210.944914,1.000433,0.998846
3210.946303,0.975336,0.973800
3210.947691,0.995424,0.993810
3210.949080,0.975412,0.973874
3210.950469,0.995706,0.994044
3210.951858,1.001964,1.000296
3210.953247,1.016591,1.014836
3210.954636,1.016993,1.015217
3210.956025,0.975330,0.973705
3210.957413,1.023970,1.022106
3210.958802,1.004598,1.002822
3210.960191,1.010885,1.009090
3210.961580,1.002758,1.001181
3210.962969,1.000141,0.998814
3210.964358,0.984262,0.983155
3210.965747,1.000080,0.999067
3210.967135,1.022986,1.022170
3210.968524,1.001380,1.000586
3210.969913,1.002212,1.001433
3210.971302,0.994302,0.993367
3210.972691,1.012509,1.011434
3210.974080,1.016527,1.015377
3210.975469,0.984831,0.983737
3210.976857,1.000669,0.999485
3210.978246,0.997563,0.996288
3210.979635,1.015444,1.014272
3210.981024,1.011011,1.009889
3210.982413,0.981143,0.980174
3210.983802,1.012049,1.011065
3210.985191,1.006820,1.005697
3210.986579,0.988955,0.987839
3210.987968,1.008392,1.007077
3210.989357,0.991607,0.990215
3210.990746,0.990503,0.989141
3210.992135,1.010475,1.009006
3210.993524,1.024469,1.022977
3210.994913,1.005132,1.003925
3210.996301,1.003644,1.002534
3210.997690,0.970476,0.969486
3210.999079,1.028475,1.027594
3211.000468,0.988669,0.987973
3211.001857,0.987661,0.987067
3211.003246,1.014642,1.014082
3211.004634,1.002636,1.002284
3211.006023,0.991315,0.990971
3211.007412,1.025289,1.024986
3211.008801,0.986926,0.987068
3211.010190,0.997928,0.998039
3211.011579,1.005125,1.005227
3211.012968,0.989263,0.989301
3211.014356,0.998240,0.998018
3211.015745,0.987202,0.986899
3211.017134,0.973458,0.973000
3211.018523,0.991649,0.991353
3211.019912,0.982301,0.982042
3211.021301,1.014823,1.014768
3211.022690,1.013524,1.013443
3211.024078,1.043899,1.043828
3211.025467,1.006853,1.006797
3211.026856,0.971696,0.971802
3211.028245,1.013795,1.014065
3211.029634,1.038195,1.038518
3211.031023,0.996796,0.997168
3211.032412,1.005216,1.005567
3211.033800,1.013065,1.013479
3211.035189,0.985577,0.986054
3211.036578,1.006551,1.007117
3211.037967,1.035589,1.035960
3211.039356,1.001876,1.002348
3211.040745,0.978001,0.978498
3211.042134,0.999579,1.000063
3211.043522,0.966712,0.967162
3211.044911,1.010570,1.011009
3211.046300,1.006782,1.007167
3211.047689,0.985205,0.985599
3211.049078,0.994807,0.995213
3211.050467,0.985708,0.986266
3211.051856,0.995970,0.996288
3211.053244,1.008079,1.008303
3211.054633,0.981667,0.982128
3211.056022,0.985782,0.986466
3211.057411,1.004867,1.005477
3211.058800,0.995173,0.995880
3211.060189,1.003031,1.003725
3211.061577,1.015868,1.016673
3211.062966,0.981766,0.982536
3211.064355,1.021819,1.022728
3211.065744,1.003760,1.004512
3211.067133,0.993479,0.994177
3211.068522,0.994341,0.995118
3211.069911,1.023550,1.024592
3211.071299,1.023492,1.024393
3211.072688,0.985367,0.986222
3211.074077,0.997196,0.998054
3211.075466,1.004090,1.004978
3211.076855,1.015340,1.016139
3211.078244,1.001595,1.002403
3211.079633,0.994708,0.995467
3211.081021,0.978399,0.978982
3211.082410,1.004304,1.004679
3211.083799,0.978514,0.979230
3211.085188,0.985247,0.986038
3211.086577,0.998830,0.999606
3211.087966,1.013575,1.014247
3211.089355,0.989179,0.989897
3211.090743,1.038676,1.039461
3211.092132,0.987031,0.987660
3211.093521,1.021079,1.021760
3211.094910,0.972608,0.973085
3211.096299,1.010743,1.011168
3211.097688,0.975862,0.976338
3211.099077,1.012350,1.012845
3211.100465,1.022405,1.022940
3211.101854,1.007147,1.007753
3211.103243,0.972102,0.972667
3211.104632,0.988093,0.988599
3211.106021,0.986127,0.986715
3211.107410,0.991802,0.992346
3211.108798,0.998545,0.999186
3211.110187,0.995588,0.995958
3211.111576,1.004177,1.004434
3211.112965,1.004554,1.004738
3211.114354,1.002360,1.002483
3211.115743,0.981070,0.981134
3211.117132,1.000814,1.000916
3211.118520,0.979894,0.980031
3211.119909,0.994438,0.994588
3211.121298,0.996146,0.996213
3211.122687,0.991991,0.991998
3211.124076,1.003715,1.003770
3211.125465,0.988891,0.989013
3211.126854,1.006723,1.006700
3211.128242,0.996118,0.996007
3211.129631,1.018814,1.018527
3211.131020,1.011258,1.010899
3211.132409,1.015401,1.014978
3211.133798,1.013363,1.012962
3211.135187,1.023863,1.023428
3211.136576,1.008199,1.007655
3211.137964,0.996694,0.996048
3211.139353,0.987380,0.986691
3211.140742,0.982907,0.982322
3211.142131,0.999529,0.998794
3211.143520,1.008486,1.007519
3211.144909,0.987902,0.986928
3211.146298,0.984742,0.983641
3211.147686,1.006677,1.005458
3211.149075,0.997329,0.995898
3211.150464,0.992130,0.990540
3211.151853,1.018082,1.016469
3211.153242,0.976750,0.975086
3211.154631,0.987782,0.986061
3211.156019,0.974042,0.972271
3211.157408,0.990522,0.988869
3211.158797,0.994077,0.992435
3211.160186,0.986714,0.985121
3211.161575,0.991542,0.989897
3211.162964,1.018590,1.016800
3211.164353,0.999437,0.997699
3211.165741,1.015570,1.013935
3211.167130,1.012097,1.010578
3211.168519,1.006121,1.004300
3211.169908,0.992312,0.990472
3211.171297,1.013324,1.011501
3211.172686,1.018218,1.016271
3211.174075,1.000472,0.998741
3211.175463,1.007032,1.005236
3211.176852,1.025039,1.022821
3211.178241,0.990328,0.988115
3211.179630,0.988343,0.986137
3211.181019,1.010582,1.008401
3211.182408,0.973618,0.971508
3211.183797,0.986909,0.984861
3211.185185,0.979187,0.977330
3211.186574,1.025774,1.024045
3211.187963,1.007537,1.006018
3211.189352,1.015230,1.013841
3211.190741,1.009210,1.007724
3211.192130,1.016812,1.015271
3211.193519,1.008481,1.006759
3211.194907,1.024150,1.022489
3211.196296,0.985840,0.984272
3211.197685,1.017644,1.015727
3211.199074,1.000969,0.999018
3211.200463,1.019208,1.017190
3211.201852,1.005981,1.003863
3211.203240,0.994069,0.992069
3211.204629,0.976101,0.973941
3211.206018,1.006867,1.004427
3211.207407,1.001842,0.999410
3211.208796,1.009663,1.007375
3211.210185,1.010235,1.008055
3211.211574,1.012406,1.010278
3211.212962,0.999142,0.996904
3211.214351,0.998905,0.996621
3211.215740,0.988702,0.986439
3211.217129,1.019294,1.016855
3211.218518,0.986014,0.983718
3211.219907,1.004689,1.002524
3211.221296,1.025428,1.023193
3211.222684,1.017886,1.015670
3211.224073,0.998121,0.996118
3211.225462,1.003934,1.002062
3211.226851,0.991389,0.989645
3211.228240,0.999089,0.997324
3211.229629,1.003562,1.001621
3211.231018,1.015749,1.014047
3211.232406,0.994597,0.992700
3211.233795,1.019620,1.017542
3211.235184,0.994977,0.992817
3211.236573,1.032109,1.029909
3211.237962,0.996852,0.994562
3211.239351,1.008867,1.006356
3211.240740,0.983321,0.981029
3211.242128,1.009502,1.007171
3211.243517,0.992604,0.990231
3211.244906,1.004886,1.002420
3211.246295,0.999563,0.997104
3211.247684,0.987242,0.984679
3211.249073,0.986344,0.983855
3211.250461,1.030939,1.028455
3211.251850,1.025826,1.023562
3211.253239,1.016590,1.014372
3211.254628,0.992720,0.990485
3211.256017,1.011609,1.009174
3211.257406,1.002039,0.999583
3211.258795,0.981447,0.978782
3211.260183,1.022547,1.019871
3211.261572,0.984102,0.981348
3211.262961,1.019073,1.016345
3211.264350,1.003733,1.000926
3211.265739,1.009392,1.006639
3211.267128,1.019447,1.016305
3211.268517,0.996922,0.993684
3211.269905,1.012626,1.009306
3211.271294,0.991315,0.988205
3211.272683,1.008168,1.005095
3211.274072,1.006357,1.003348
3211.275461,1.011833,1.008811
3211.276850,0.989714,0.986755
3211.278239,1.003825,1.000697
3211.279627,1.009301,1.006016
3211.281016,0.999360,0.996051
3211.282405,0.973675,0.970278
3211.283794,1.007700,1.004259
3211.285183,0.987410,0.984126
3211.286572,1.002242,0.999157
3211.287960,0.992913,0.989858
3211.289349,1.011863,1.008788
3211.290738,0.959945,0.956993
3211.292127,1.031079,1.027871
3211.293516,0.992957,0.989924
3211.294905,1.006881,1.003876
3211.296294,0.997547,0.994375
3211.297682,0.990579,0.987391
3211.299071,0.997955,0.994478
3211.300460,0.997111,0.993401
3211.301849,0.993869,0.990094
3211.303238,1.001207,0.997260
3211.304627,1.010893,1.006666
3211.306016,0.990792,0.986625
3211.307404,1.000733,0.996384
3211.308793,1.017529,1.013233
3211.310182,0.997190,0.992982
3211.311571,0.988021,0.983821
3211.312960,0.987354,0.983003
3211.314349,0.985262,0.980957
3211.315738,0.987841,0.983544
3211.317126,0.984233,0.979793
3211.318515,0.988585,0.984006
3211.319904,0.988138,0.983645
3211.321293,0.996392,0.991568
3211.322682,1.004588,0.999956
3211.324071,0.980074,0.975613
3211.325459,1.036066,1.031516
3211.326848,0.998841,0.994530
3211.328237,1.000291,0.996061
3211.329626,1.007312,1.003196
3211.331015,1.013749,1.009719
3211.332404,1.014288,1.010277
3211.333793,1.031842,1.027575
3211.335181,0.995229,0.991025
3211.336570,0.985460,0.981260
3211.337959,0.987909,0.983619
3211.339348,1.002424,0.998149
3211.340737,1.002099,0.997757
3211.342126,1.038947,1.034398
3211.343515,0.989988,0.985581
3211.344903,0.970868,0.966495
3211.346292,0.981451,0.976852
3211.347681,1.003701,0.999069
3211.349070,1.022963,1.018259
3211.350459,0.993846,0.989169
3211.351848,1.019189,1.014497
3211.353237,1.022416,1.017753
3211.354625,1.013937,1.009367
3211.356014,1.026497,1.021734
3211.357403,1.011273,1.006583
3211.358792,1.004666,0.999987
3211.360181,1.014043,1.009297
3211.361570,0.983659,0.978864
3211.362959,0.992267,0.987390
3211.364347,1.025620,1.020206
3211.365736,0.998967,0.993649
3211.367125,0.994646,0.989244
3211.368514,1.008889,1.003409
3211.369903,1.001942,0.996450
3211.371292,1.009927,1.004337
3211.372680,0.982904,0.977421
3211.374069,1.011014,1.005515
3211.375458,1.011853,1.006402
3211.376847,1.014646,1.009102
3211.378236,1.028082,1.022347
3211.379625,0.986009,0.980491
3211.381014,0.997872,0.992119
3211.382402,1.009076,1.003174
3211.383791,0.994375,0.988592
3211.385180,0.986738,0.981180
3211.386569,1.004041,0.998348
3211.387958,1.032044,1.026248
3211.389347,1.013313,1.007455
3211.390736,0.990907,0.985088
3211.392124,1.021342,1.015243
3211.393513,1.036994,1.030842
3211.394902,1.022398,1.016323
3211.396291,1.012386,1.006506
3211.397680,0.999879,0.994059
3211.399069,1.034981,1.028918
3211.400458,0.996824,0.990859
3211.401846,0.994968,0.988955
3211.403235,0.983566,0.977388
3211.404624,1.011771,1.005547
3211.406013,1.008550,1.002242
3211.407402,1.005298,0.999027
3211.408791,1.024298,1.017993
3211.410179,1.014386,1.008441
3211.411568,1.004709,0.998824
3211.412957,1.019726,1.013896
3211.414346,1.016054,1.010425
3211.415735,0.988024,0.982444
3211.417124,1.004505,0.999066
3211.418513,1.037269,1.031771
3211.419901,1.026638,1.021048
3211.421290,1.004476,0.998848
3211.422679,1.002020,0.996336
3211.424068,1.003277,0.997618
3211.425457,0.996533,0.990858
3211.426846,1.011150,1.005404
3211.428235,1.018943,1.013270
3211.429623,1.008139,1.002377
3211.431012,1.008619,1.003029
3211.432401,1.007600,1.001885
3211.433790,1.002786,0.997128
3211.435179,0.969777,0.964174
3211.436568,1.010526,1.004552
3211.437957,1.017865,1.011746
3211.439345,1.010710,1.004504
3211.440734,1.017824,1.011590
3211.442123,1.010358,1.004150
3211.443512,1.006879,1.000669
3211.444901,1.012485,1.006220
3211.446290,0.989357,0.983324
3211.447678,0.995373,0.989403
3211.449067,1.008920,1.002904
3211.450456,0.986957,0.981048
3211.451845,1.005664,0.999706
3211.453234,1.027663,1.021450
3211.454623,1.033028,1.026895
3211.456012,1.007682,1.001773
3211.457400,1.015395,1.009329
3211.458789,0.992754,0.986791
3211.460178,1.025631,1.019164
3211.461567,1.013107,1.006803
3211.462956,0.987537,0.981381
3211.464345,1.001967,0.995658
3211.465734,0.987609,0.981450
3211.467122,0.984460,0.978357
3211.468511,1.014626,1.008375
3211.469900,1.002295,0.996219
3211.471289,0.997897,0.991821
3211.472678,1.017698,1.011492
3211.474067,0.987293,0.981343
3211.475456,1.020478,1.014442
3211.476844,0.995384,0.989343
3211.478233,1.006181,1.000108
3211.479622,0.994664,0.988653
3211.481011,1.005070,0.999176
3211.482400,0.998089,0.992394
3211.483789,0.990143,0.984619
3211.485177,0.986455,0.981032
3211.486566,1.014148,1.008519
3211.487955,0.978270,0.972914
3211.489344,1.021766,1.016464
3211.490733,1.004365,0.999165
3211.492122,1.006006,1.000804
3211.493511,1.008143,1.002799
3211.494899,1.013297,1.008044
3211.496288,1.014745,1.009502
3211.497677,1.014207,1.008904
3211.499066,1.027226,1.021875
3211.500455,0.975609,0.970622
3211.501844,1.006170,1.000950
3211.503233,1.011692,1.006485
3211.504621,0.998660,0.993615
3211.506010,1.010586,1.005635
3211.507399,1.008023,1.003087
3211.508788,1.017228,1.012354
3211.510177,0.995627,0.990740
3211.511566,1.005025,1.000360
3211.512955,1.002712,0.998258
3211.514343,1.009201,1.004937
3211.515732,0.997539,0.993455
3211.517121,0.999257,0.995320
3211.518510,0.995589,0.991883
3211.519899,0.997866,0.994089
3211.521288,0.990574,0.986864
3211.522676,1.006491,1.002806
3211.524065,1.011025,1.007123
3211.525454,1.015713,1.011739
3211.526843,1.009879,1.005879
3211.528232,0.989725,0.985787
3211.529621,1.006789,1.002976
3211.531010,0.969455,0.965816
3211.532398,0.981784,0.977974
3211.533787,1.002831,0.999035
3211.535176,1.003756,1.000198
3211.536565,1.014470,1.010882
3211.537954,1.000863,0.997299
3211.539343,0.990521,0.987209
3211.540732,1.000845,0.997743
3211.542120,1.017093,1.014142
3211.543509,0.991162,0.988325
3211.544898,0.992409,0.989465
3211.546287,1.008873,1.005996
3211.547676,0.986444,0.983921
3211.549065,0.986416,0.983883
3211.550453,1.004661,1.002202
3211.551842,1.018624,1.016218
3211.553231,1.013966,1.011591
3211.554620,0.995337,0.992933
3211.556009,0.977534,0.975102
3211.557398,1.010140,1.007552
3211.558787,1.002299,0.999996
3211.560175,1.004923,1.002419
3211.561564,1.002985,1.000316
3211.562953,1.013483,1.010763
3211.564342,0.997300,0.994596
3211.565731,0.997082,0.994505
3211.567120,0.995096,0.992435
3211.568509,0.983892,0.981438
3211.569897,0.979313,0.976909
3211.571286,1.014244,1.011830
3211.572675,1.014362,1.012053
3211.574064,0.999274,0.997083
3211.575453,1.022098,1.019993
3211.576842,1.031726,1.029507
3211.578231,1.010920,1.008750
3211.579619,1.016651,1.014404
3211.581008,1.035512,1.033264
3211.582397,0.984264,0.982173
3211.583786,1.026751,1.024797
3211.585175,1.006332,1.004453
3211.586564,1.009216,1.007108
3211.587952,1.003003,1.000765
3211.589341,1.008991,1.006760
3211.590730,1.001773,0.999654
3211.592119,1.006371,1.004252
3211.593508,1.007884,1.005943
3211.594897,1.003638,1.001691
3211.596286,1.001879,0.999876
3211.597674,1.015558,1.013539
3211.599063,1.001550,0.999721
3211.600452,1.012504,1.010606
3211.601841,0.991219,0.989509
3211.603230,1.001705,1.000299
3211.604619,0.984458,0.983025
3211.606008,0.994899,0.993200
3211.607396,0.996619,0.994891
3211.608785,1.007540,1.005667
3211.610174,1.005114,1.003418
3211.611563,1.011713,1.010003
3211.612952,1.007502,1.005668
3211.614341,1.023512,1.021784
3211.615730,1.019265,1.017622
3211.617118,0.999852,0.998418
3211.618507,0.986982,0.985820
3211.619896,0.990022,0.988857
3211.621285,1.006600,1.005337
3211.622674,1.015537,1.013893
3211.624063,0.975784,0.974161
3211.625451,1.006901,1.005253
3211.626840,0.982817,0.981100
3211.628229,1.006938,1.005065
3211.629618,1.005526,1.003497
3211.631007,0.987214,0.985436
3211.632396,0.999473,0.997724
3211.633785,1.002600,1.001085
3211.635173,1.001549,1.000239
3211.636562,1.007709,1.006356
3211.637951,0.994453,0.992995
3211.639340,1.006762,1.005276
3211.640729,0.999728,0.998212
3211.642118,1.015845,1.014504
3211.643507,0.989709,0.988418
3211.644895,0.999589,0.998257
3211.646284,0.982807,0.981528
3211.647673,1.011423,1.010199
3211.649062,1.005319,1.004055
3211.650451,1.001988,1.000781
3211.651840,0.990035,0.988966
3211.653228,0.970860,0.969912
3211.654617,0.989466,0.988463
3211.656006,1.031676,1.030906
3211.657395,0.995624,0.994747
3211.658784,0.968855,0.967984
3211.660173,1.002079,1.001382
3211.661562,1.005311,1.004552
3211.662950,0.990255,0.989406
3211.664339,0.983692,0.982785
3211.665728,1.003219,1.002240
3211.667117,1.016744,1.015618
3211.668506,1.007660,1.006701
3211.669895,0.990061,0.989126
3211.671284,0.987820,0.986941
3211.672672,0.998551,0.997578
3211.674061,0.987931,0.986820
3211.675450,1.003775,1.002617
3211.676839,1.005324,1.004189
3211.678228,1.019408,1.018289
3211.679617,0.988281,0.987183
3211.681006,1.000260,0.999059
3211.682394,1.008219,1.006912
3211.683783,1.032115,1.030800
3211.685172,1.014156,1.012892
3211.686561,0.994273,0.993170
3211.687950,1.014823,1.013602
3211.689339,1.014427,1.013232
3211.690727,0.981934,0.980903
3211.692116,0.989993,0.988922
3211.693505,0.983656,0.982598
3211.694894,0.997530,0.996302
3211.696283,1.000689,0.999570
3211.697672,0.982737,0.981484
3211.699061,0.989405,0.988404
3211.700449,0.998836,0.997882
3211.701838,1.017911,1.016893
3211.703227,0.994492,0.993673
3211.704616,0.981700,0.980748
3211.706005,1.029117,1.028259
3211.707394,1.006708,1.006014
3211.708783,1.027464,1.026675
3211.710171,1.003395,1.002525
3211.711560,0.983100,0.982338
3211.712949,1.032910,1.032054
3211.714338,1.020773,1.019901
3211.715727,0.983088,0.982465
3211.717116,1.014848,1.014324
3211.718504,0.994919,0.994251
3211.719893,0.974925,0.974416
3211.721282,0.976106,0.975657
3211.722671,1.004050,1.003636
3211.724060,0.985557,0.985341
3211.725449,1.017598,1.017253
3211.726838,0.973892,0.973569
3211.728226,0.993842,0.993490
3211.729615,1.003703,1.003303
3211.731004,0.993591,0.993111
3211.732393,1.005756,1.005384
3211.733782,1.006679,1.006226
3211.735171,1.013001,1.012531
3211.736560,0.988000,0.987564
3211.737948,0.981077,0.980867
3211.739337,1.013231,1.013044
3211.740726,1.007709,1.007515
3211.742115,1.012685,1.012484
3211.743504,0.996105,0.995817
3211.744893,1.002380,1.001832
3211.746281,0.981348,0.980747
3211.747670,1.013231,1.012423
3211.749059,1.011646,1.010661
3211.750448,1.012284,1.011521
3211.751837,0.998651,0.997753
3211.753226,0.990433,0.989592
3211.754615,0.993329,0.992247
3211.756003,0.997549,0.996514
3211.757392,1.007388,1.006260
3211.758781,0.994774,0.993654
3211.760170,1.015399,1.014072
3211.761559,0.999118,0.997759
3211.762948,0.999834,0.998407
3211.764337,1.001084,0.999735
3211.765725,1.026469,1.025061
3211.767114,0.992085,0.990800
3211.768503,1.019512,1.018102
3211.769892,1.014044,1.012596
3211.771281,0.994283,0.992831
3211.772670,0.968807,0.967506
3211.774059,0.998022,0.996679
3211.775447,0.989219,0.987907
3211.776836,1.030333,1.028980
3211.778225,0.999558,0.998260
3211.779614,0.984849,0.983485
3211.781003,1.003388,1.002017
3211.782392,0.999864,0.998310
3211.783780,1.030605,1.028806
3211.785169,1.021991,1.020105
3211.786558,0.999600,0.997746
3211.787947,1.009576,1.007658
3211.789336,0.969568,0.967679
3211.790725,0.995690,0.993539
3211.792114,1.015412,1.013274
3211.793502,1.046704,1.044457
3211.794891,0.970535,0.968411
3211.796280,1.002557,1.000463
3211.797669,0.983038,0.980817
3211.799058,1.017952,1.015584
3211.800447,1.005746,1.003431
3211.801836,1.021828,1.019495
3211.803224,1.012982,1.010619
3211.804613,1.004958,1.002551
3211.806002,0.978371,0.975959
3211.807391,0.991186,0.988874
3211.808780,1.006360,1.003769
3211.810169,1.014503,1.011862
3211.811557,1.019223,1.016444
3211.812946,0.987604,0.984947
3211.814335,1.007565,1.004834
3211.815724,1.005789,1.003203
3211.817113,0.993823,0.991042
3211.818502,1.002846,0.999915
3211.819891,1.006321,1.003252
3211.821279,0.998372,0.995348
3211.822668,1.003716,1.000681
3211.824057,1.016532,1.013322
3211.825446,0.995842,0.992444
3211.826835,0.997189,0.993674
3211.828224,1.035277,1.031743
3211.829613,0.995988,0.992482
3211.831001,0.994242,0.990558
3211.832390,1.001988,0.998268
3211.833779,1.003890,1.000315
3211.835168,1.005181,1.001330
3211.836557,0.999988,0.996095
3211.837946,1.006100,1.002076
3211.839334,1.020061,1.015990
3211.840723,0.984929,0.981087
3211.842112,0.985632,0.981729
3211.843501,1.002567,0.998711
3211.844890,1.021301,1.017258
3211.846279,1.001389,0.997266
3211.847668,1.003400,0.998970
3211.849056,0.988985,0.984601
3211.850445,0.994035,0.989695
3211.851834,1.001273,0.997030
3211.853223,1.003902,0.999561
3211.854612,1.017949,1.013406
3211.856001,0.982752,0.978360
3211.857390,0.993944,0.989168
3211.858778,1.026617,1.021542
3211.860167,1.006309,1.001308
3211.861556,1.017807,1.012866
3211.862945,0.986632,0.981834
3211.864334,1.009250,1.004484
3211.865723,0.982861,0.978265
3211.867111,1.012294,1.007762
3211.868500,0.990111,0.985583
3211.869889,0.994126,0.989646
3211.871278,1.031174,1.026386
3211.872667,0.990651,0.985991
3211.874056,1.023064,1.018354
3211.875445,1.014204,1.009478
3211.876833,0.988486,0.983877
3211.878222,1.001462,0.996694
3211.879611,1.006504,1.001574
3211.881000,0.983724,0.978934
3211.882389,1.004039,0.998865
3211.883778,1.021669,1.016217
3211.885167,1.004843,0.999511
3211.886555,0.978457,0.973043
3211.887944,1.042268,1.036569
3211.889333,1.025343,1.019899
3211.890722,1.005157,0.999999
3211.892111,1.010103,1.004636
3211.893500,0.992347,0.986982
3211.894888,1.004708,0.999079
3211.896277,1.002837,0.997363
3211.897666,0.997116,0.991711
3211.899055,1.001595,0.996133
3211.900444,1.017387,1.011904
3211.901833,0.985893,0.980621
3211.903222,0.993877,0.988513
3211.904610,0.987534,0.982196
3211.905999,1.014920,1.009477
3211.907388,1.018443,1.013215
3211.908777,1.013533,1.008142
3211.910166,0.999250,0.993833
3211.911555,1.008867,1.003421
3211.912944,0.992376,0.987060
3211.914332,1.003211,0.997912
3211.915721,0.990058,0.985000
3211.917110,1.011047,1.005868
3211.918499,1.024828,1.019648
3211.919888,1.009173,1.003906
3211.921277,1.021321,1.015735
3211.922665,0.977654,0.972241
3211.924054,1.018468,1.012866
3211.925443,1.003444,0.997793
3211.926832,1.008636,1.002851
3211.928221,0.985101,0.979511
3211.929610,1.007001,1.001040
3211.930999,1.000957,0.994985
3211.932387,1.023212,1.016998
3211.933776,1.021247,1.015108
3211.935165,1.024659,1.018278
3211.936554,1.009999,1.003691
3211.937943,0.995546,0.989174
3211.939332,1.007878,1.001412
3211.940721,1.014765,1.008256
3211.942109,1.005681,0.999473
3211.943498,1.010853,1.004601
3211.944887,1.021408,1.015289
3211.946276,1.019886,1.013689
3211.947665,1.011351,1.005149
3211.949054,1.024848,1.018681
3211.950442,1.008769,1.002705
3211.951831,1.004980,0.999005
3211.953220,1.000495,0.994230
3211.954609,1.001731,0.995163
3211.955998,0.998594,0.991873
3211.957387,1.014231,1.007436
3211.958776,0.997626,0.991127
3211.960164,1.000317,0.993883
3211.961553,1.008799,1.002280
3211.962942,1.014337,1.008078
3211.964331,0.994541,0.988382
3211.965720,1.009921,1.003697
3211.967109,1.006494,1.000099
3211.968498,1.017692,1.011290
3211.969886,1.010157,1.003530
3211.971275,1.007217,1.000448
3211.972664,1.012718,1.005783
3211.974053,1.032712,1.025774
3211.975442,0.984741,0.978147
3211.976831,1.011966,1.005290
3211.978219,1.013465,1.006749
3211.979608,1.013554,1.006819
3211.980997,1.014173,1.007587
3211.982386,1.023423,1.016685
3211.983775,0.992807,0.986225
3211.985164,1.003444,0.996902
3211.986553,0.999399,0.992850
3211.987941,1.011264,1.004637
3211.989330,0.988386,0.981900
3211.990719,0.982634,0.976038
3211.992108,1.005457,0.998492
3211.993497,0.992670,0.985750
3211.994886,1.000685,0.993781
3211.996275,0.998035,0.991000
3211.997663,0.988027,0.981038
3211.999052,1.001219,0.994188
3212.000441,1.019805,1.012658
3212.001830,0.970441,0.963635
3212.003219,1.017660,1.010493
3212.004608,1.001836,0.994769
3212.005996,1.002730,0.995768
3212.007385,1.013152,1.006016
3212.008774,0.999511,0.992642
3212.010163,1.016602,1.009681
3212.011552,0.995573,0.988868
3212.012941,0.989317,0.982562
3212.014330,0.980373,0.973738
3212.015718,0.993967,0.987210
3212.017107,1.019423,1.012405
3212.018496,1.038262,1.031216
3212.019885,1.029412,1.022461
3212.021274,1.004544,0.997963
3212.022663,1.005963,0.999238
3212.024052,0.972684,0.966342
3212.025440,1.004074,0.997583
3212.026829,0.989129,0.982653
3212.028218,1.019636,1.012941
3212.029607,0.992639,0.986074
3212.030996,1.030545,1.023985
3212.032385,1.019008,1.012369
3212.033773,1.025957,1.019380
3212.035162,0.984282,0.977973
3212.036551,1.019544,1.013101
3212.037940,1.005996,0.999841
3212.039329,0.995186,0.989063
3212.040718,1.007532,1.001414
3212.042107,1.030358,1.024119
3212.043495,1.017831,1.011621
3212.044884,1.024347,1.018342
3212.046273,0.994884,0.989079
3212.047662,1.000628,0.994666
3212.049051,0.999793,0.993850
3212.050440,1.004774,0.998950
3212.051829,1.001648,0.995851
3212.053217,0.991259,0.985484
3212.054606,1.018744,1.013032
3212.055995,1.013568,1.007600
3212.057384,1.017035,1.010848
3212.058773,0.969743,0.963745
3212.060162,0.996399,0.990135
3212.061550,0.995015,0.988895
3212.062939,1.006336,1.000189
3212.064328,1.008121,1.001983
3212.065717,1.006661,1.000613
3212.067106,1.011877,1.005685
3212.068495,1.020892,1.014739
3212.069884,1.007427,1.001363
3212.071272,1.021154,1.015110
3212.072661,1.004394,0.998511
3212.074050,1.027647,1.021604
3212.075439,0.992164,0.986309
3212.076828,1.000394,0.994514
3212.078217,1.025797,1.019689
3212.079606,1.013073,1.007019
3212.080994,1.025073,1.019094
3212.082383,1.020222,1.014219
3212.083772,1.022163,1.016141
3212.085161,1.035045,1.028855
3212.086550,0.998651,0.992473
3212.087939,0.970328,0.964367
3212.089327,0.990261,0.984109
3212.090716,1.009439,1.003224
3212.092105,0.985545,0.979252
3212.093494,0.999119,0.992866
3212.094883,1.013298,1.006983
3212.096272,0.983991,0.978125
3212.097661,0.999343,0.993271
3212.099049,0.989644,0.983743
3212.100438,1.018198,1.012070
3212.101827,0.998768,0.992857
3212.103216,0.996417,0.990569
3212.104605,1.001497,0.995567
3212.105994,1.019470,1.013649
3212.107383,1.002611,0.996837
3212.108771,1.015390,1.009664
3212.110160,1.002638,0.996958
3212.111549,1.027439,1.021546
3212.112938,1.023904,1.017866
3212.114327,0.998593,0.992463
3212.115716,1.011353,1.005108
3212.117104,1.011666,1.005399
3212.118493,1.018289,1.012037
3212.119882,0.987192,0.981228
3212.121271,0.981870,0.976006
3212.122660,0.978549,0.972846
3212.124049,1.021685,1.015846
3212.125438,1.006383,1.000554
3212.126826,1.014975,1.009262
3212.128215,1.017079,1.011506
3212.129604,1.024502,1.018809
3212.130993,1.005157,0.999520
3212.132382,0.993170,0.987728
3212.133771,0.991551,0.986076
3212.135159,1.020919,1.015271
3212.136548,0.983098,0.977564
3212.137937,0.991742,0.986232
3212.139326,0.988531,0.983123
3212.140715,1.002970,0.997555
3212.142104,0.997193,0.991640
3212.143493,1.024913,1.019251
3212.144881,1.012642,1.007097
3212.146270,1.020302,1.014657
3212.147659,1.016798,1.011160
3212.149048,0.997090,0.991525
3212.150437,1.002439,0.996688
3212.151826,1.015546,1.009725
3212.153215,1.001107,0.995473
3212.154603,1.010166,1.004424
3212.155992,1.000415,0.994604
3212.157381,0.981918,0.976394
3212.158770,0.983554,0.978164
3212.160159,0.990038,0.984749
3212.161548,1.009540,1.004329
3212.162936,1.012464,1.007255
3212.164325,0.993404,0.988435
3212.165714,1.003707,0.998896
3212.167103,1.004859,1.000058
3212.168492,1.003550,0.998785
3212.169881,1.000740,0.996458
3212.171270,0.998153,0.993807
3212.172658,1.024580,1.020276
3212.174047,1.004291,1.000183
3212.175436,1.013855,1.009831
3212.176825,0.996126,0.992324
3212.178214,1.014009,1.010144
3212.179603,1.006046,1.002390
3212.180992,1.011717,1.008161
3212.182380,0.998563,0.995256
3212.183769,0.974097,0.970918
3212.185158,1.007709,1.004537
3212.186547,1.004317,1.001283
3212.187936,1.034815,1.031622
3212.189325,0.994692,0.991814
3212.190713,1.007945,1.005329
3212.192102,1.000381,0.998082
3212.193491,1.010855,1.008692
3212.194880,1.001455,0.999245
3212.196269,1.008273,1.006113
3212.197658,1.025625,1.023709
3212.199047,0.983342,0.981325
3212.200435,0.997172,0.995055
3212.201824,1.009147,1.006958
3212.203213,1.001601,0.999720
3212.204602,1.023223,1.021194
3212.205991,1.022877,1.021019
3212.207380,1.001664,1.000084
3212.208768,1.023970,1.022514
3212.210157,1.005762,1.004298
3212.211546,1.026820,1.025253
3212.212935,1.005101,1.003630
3212.214324,0.985191,0.983889
3212.215713,0.983591,0.982457
3212.217102,1.024791,1.023684
3212.218490,1.021092,1.020025
3212.219879,0.996928,0.995940
3212.221268,1.011582,1.010783
3212.222657,0.994227,0.993342
3212.224046,0.991867,0.991128
3212.225435,0.986774,0.985993
3212.226824,0.991002,0.990452
3212.228212,1.011417,1.010949
3212.229601,1.008599,1.008240
3212.230990,1.002842,1.002583
3212.232379,1.006830,1.006616
3212.233768,0.979124,0.978993
3212.235157,1.028382,1.028182
3212.236545,0.982762,0.982558
3212.237934,1.004989,1.004737
3212.239323,0.991175,0.990837
3212.240712,1.004109,1.003626
3212.242101,1.008770,1.008128
3212.243490,1.011472,1.010719
3212.244879,0.980716,0.979975
3212.246267,0.998434,0.997457
3212.247656,1.008542,1.007510
3212.249045,0.987000,0.985911
3212.250434,0.979883,0.978510
3212.251823,0.986378,0.985010
3212.253212,0.980574,0.978895
3212.254601,1.005579,1.004017
3212.255989,0.999928,0.998575
3212.257378,0.975555,0.974355
3212.258767,0.968161,0.967030
3212.260156,1.010821,1.009821
3212.261545,0.999893,0.998960
3212.262934,1.015529,1.014639
3212.264322,0.974184,0.973424
3212.265711,1.004367,1.003519
3212.267100,0.999644,0.998893
3212.268489,1.023810,1.022966
3212.269878,1.020420,1.019699
3212.271267,0.989760,0.989114
3212.272656,1.018054,1.017429
3212.274044,0.987914,0.987128
3212.275433,1.022721,1.021774
3212.276822,0.989956,0.988951
3212.278211,0.987502,0.986490
3212.279600,0.982959,0.981786
3212.280989,0.967780,0.966477
3212.282377,0.992098,0.990825
3212.283766,1.008850,1.007355
3212.285155,1.005641,1.004155
3212.286544,1.009025,1.007555
3212.287933,0.999701,0.998453
3212.289322,1.013190,1.012127
3212.290711,1.005145,1.004170
3212.292099,0.989548,0.988420
3212.293488,1.011998,1.010783
3212.294877,1.012508,1.011211
3212.296266,0.983891,0.982549
3212.297655,0.993468,0.991927
3212.299044,1.002674,1.001176
3212.300433,0.989946,0.988673
3212.301821,0.991224,0.990188
3212.303210,0.988039,0.986932
3212.304599,1.008428,1.007368
3212.305988,1.007935,1.007031
3212.307377,1.011643,1.010856
3212.308766,0.993198,0.992302
3212.310154,0.979561,0.978709
3212.311543,1.006755,1.005712
3212.312932,0.991213,0.990279
3212.314321,0.998906,0.997968
3212.315710,0.995638,0.994628
3212.317099,0.985508,0.984521
3212.318488,0.980659,0.979772
3212.319876,1.006741,1.005850
3212.321265,0.975868,0.975120
3212.322654,0.975720,0.975058
3212.324043,1.002025,1.001254
3212.325432,0.989300,0.988805
3212.326821,1.010547,1.010293
3212.328209,1.004397,1.004256
3212.329598,0.985397,0.985275
3212.330987,1.002583,1.002310
3212.332376,1.002941,1.002890
3212.333765,0.983942,0.983974
3212.335154,1.004919,1.005054
3212.336543,1.027005,1.027283
3212.337931,0.985775,0.986100
3212.339320,1.006826,1.007255
3212.340709,1.000822,1.001315
3212.342098,1.013480,1.014074
3212.343487,1.005231,1.005676
3212.344876,0.998616,0.999113
3212.346265,1.005702,1.006377
3212.347653,0.989156,0.989735
3212.349042,0.992731,0.993355
3212.350431,0.979785,0.980554
3212.351820,1.015983,1.017010
3212.353209,1.038855,1.040025
3212.354598,1.001266,1.002630
3212.355986,1.018507,1.019776
3212.357375,1.038219,1.039675
3212.358764,1.004920,1.006388
3212.360153,1.013671,1.015345
3212.361542,0.961391,0.962910
3212.362931,1.012629,1.014274
3212.364320,1.019875,1.021618
3212.365708,0.984347,0.985967
3212.367097,0.991253,0.993273
3212.368486,1.002835,1.005061
3212.369875,1.015853,1.018008
3212.371264,0.987093,0.989292
3212.372653,1.017885,1.019931
3212.374042,1.019263,1.021114
3212.375430,1.018722,1.020674
3212.376819,1.012436,1.014324
3212.378208,0.994507,0.996345
3212.379597,1.023838,1.025520
3212.380986,1.007784,1.009422
3212.382375,1.018206,1.020068
3212.383763,1.001973,1.003900
3212.385152,1.000830,1.002691
3212.386541,1.000548,1.002337
3212.387930,1.014081,1.015812
3212.389319,0.993057,0.994574
3212.390708,1.027920,1.029357
3212.392097,1.001980,1.003433
3212.393485,0.999555,1.001129
3212.394874,1.002229,1.003937
3212.396263,1.002600,1.004381
3212.397652,1.012705,1.014400
3212.399041,1.006514,1.008218
3212.400430,1.010850,1.012507
3212.401818,0.993769,0.995440
3212.403207,1.011095,1.012554
3212.404596,0.993211,0.994707
3212.405985,0.999663,1.001084
3212.407374,0.974457,0.975807
3212.408763,0.995097,0.996469
3212.410152,0.966643,0.967849
3212.411540,0.989148,0.990430
3212.412929,0.980219,0.981666
3212.414318,0.996416,0.997982
3212.415707,1.003248,1.004709
3212.417096,0.963495,0.965031
3212.418485,1.015837,1.017517
3212.419874,0.974848,0.976496
3212.421262,1.017080,1.018908
3212.422651,0.994695,0.996458
3212.424040,1.001262,1.003162
3212.425429,1.010531,1.012501
3212.426818,1.005751,1.007819
3212.428207,0.999052,1.000913
3212.429595,1.013678,1.015637
3212.430984,0.990690,0.992474
3212.432373,0.979042,0.980983
3212.433762,0.993869,0.995947
3212.435151,0.995401,0.997608
3212.436540,1.006757,1.008840
3212.437929,0.994058,0.995966
3212.439317,0.996332,0.998397
3212.440706,0.978515,0.980460
3212.442095,0.969190,0.971145
3212.443484,0.988137,0.989888
3212.444873,0.987774,0.989561
3212.446262,0.987015,0.988896
3212.447650,0.986253,0.988172
3212.449039,0.996044,0.998254
3212.450428,0.965962,0.968174
3212.451817,0.998517,1.000935
3212.453206,1.008413,1.010867
3212.454595,1.008049,1.010439
3212.455984,1.000877,1.003305
3212.457372,0.976655,0.978986
3212.458761,0.978854,0.981155
3212.460150,0.980720,0.983086
3212.461539,0.985830,0.988220
3212.462928,0.987783,0.990186
3212.464317,0.978285,0.980780
3212.465705,0.998734,1.001335
3212.467094,1.011060,1.013738
3212.468483,1.014873,1.017644
3212.469872,0.993887,0.996700
3212.471261,0.978817,0.981677
3212.472650,1.000232,1.003068
3212.474039,0.990515,0.993226
3212.475427,0.964941,0.967603
3212.476816,0.983170,0.986050
3212.478205,0.978693,0.981664
3212.479594,1.008758,1.011726
3212.480983,1.002757,1.005658
3212.482372,0.987272,0.990248
3212.483761,0.981393,0.984326
3212.485149,0.999977,1.003124
3212.486538,1.001051,1.004545
3212.487927,1.003016,1.006367
3212.489316,1.007720,1.011289
3212.490705,0.968731,0.972243
3212.492094,1.007624,1.011330
3212.493482,1.005576,1.009312
3212.494871,0.989173,0.992740
3212.496260,0.993226,0.997018
3212.497649,0.969422,0.973253
3212.499038,1.009488,1.013514
3212.500427,0.997545,1.001542
3212.501816,1.002204,1.006416
3212.503204,1.006873,1.011109
3212.504593,0.991636,0.995705
3212.505982,0.994855,0.998962
3212.507371,1.017332,1.021507
3212.508760,1.002265,1.006261
3212.510149,0.973886,0.977527
3212.511537,0.987576,0.991314
3212.512926,1.024927,1.028834
3212.514315,0.975851,0.979373
3212.515704,1.002266,1.005817
3212.517093,1.007805,1.011323
3212.518482,0.994195,0.997807
3212.519871,1.009769,1.013442
3212.521259,1.026619,1.030166
3212.522648,1.002296,1.005657
3212.524037,1.006751,1.009909
3212.525426,1.004604,1.007613
3212.526815,1.019071,1.022210
3212.528204,0.988177,0.991017
3212.529593,0.996975,1.000280
3212.530981,1.011024,1.014184
3212.532370,1.005805,1.008603
3212.533759,1.037414,1.040425
3212.535148,1.018692,1.021597
3212.536537,0.985826,0.988693
3212.537926,1.011492,1.014327
3212.539314,0.981746,0.984577
3212.540703,0.985451,0.988314
3212.542092,1.011784,1.014635
3212.543481,1.011126,1.013813
3212.544870,0.999237,1.001763
3212.546259,0.990854,0.993348
3212.547648,0.999665,1.002080
3212.549036,1.015545,1.017849
3212.550425,0.995845,0.997852
3212.551814,1.012403,1.014344
3212.553203,1.009049,1.011027
3212.554592,0.983538,0.985278
3212.555981,0.982082,0.983711
3212.557369,0.971974,0.973563
3212.558758,0.998003,0.999380
3212.560147,1.004207,1.005528
3212.561536,1.009100,1.010406
3212.562925,1.021122,1.022327
3212.564314,0.991398,0.992401
3212.565703,1.005227,1.006074
3212.567091,0.997917,0.998714
3212.568480,0.985003,0.985534
3212.569869,0.989180,0.989771
3212.571258,0.991794,0.992200
3212.572647,0.989791,0.990070
3212.574036,0.983287,0.983439
3212.575424,1.000808,1.001088
3212.576813,0.985372,0.985687
3212.578202,1.017703,1.018160
3212.579591,1.008520,1.009089
3212.580980,1.012760,1.013438
3212.582369,0.989503,0.990096
3212.583758,1.008581,1.009180
3212.585146,0.988105,0.988828
3212.586535,0.990007,0.990560
3212.587924,0.994730,0.995371
3212.589313,0.998198,0.998761
3212.590702,1.017146,1.017685
3212.592091,0.980649,0.981055
3212.593480,0.980034,0.980253
3212.594868,0.973370,0.973300
3212.596257,1.004727,1.004522
3212.597646,0.988045,0.987687
3212.599035,0.996824,0.996391
3212.600424,1.015020,1.014773
3212.601813,1.013899,1.013581
3212.603201,0.995216,0.994800
3212.604590,0.992155,0.991792
3212.605979,1.010445,1.010089
3212.607368,1.001073,1.000596
3212.608757,0.989461,0.989168
3212.610146,0.980074,0.979903
3212.611535,0.992153,0.991984
3212.612923,0.998768,0.998604
3212.614312,0.984329,0.984298
3212.615701,1.005480,1.005405
3212.617090,0.996570,0.996387
3212.618479,1.023875,1.023868
3212.619868,1.002423,1.002359
3212.621256,0.994060,0.993742
3212.622645,1.004070,1.003626
3212.624034,1.002869,1.002283
3212.625423,0.995878,0.995342
3212.626812,0.995919,0.995543
3212.628201,1.010547,1.010093
3212.629590,1.011756,1.011446
3212.630978,1.000589,1.000250
3212.632367,0.999954,0.999628
3212.633756,1.007898,1.007507
3212.635145,1.001211,1.000808
3212.636534,0.958511,0.958159
3212.637923,1.005105,1.004772
3212.639311,1.000505,1.000254
3212.640700,0.992332,0.992309
3212.642089,0.990169,0.990174
3212.643478,1.013413,1.013440
3212.644867,1.019941,1.020388
3212.646256,0.995776,0.996308
3212.647645,0.990625,0.991228
3212.649033,0.981610,0.982147
3212.650422,1.016577,1.017102
3212.651811,0.989844,0.990318
3212.653200,1.008868,1.009448
3212.654589,1.033734,1.034180
3212.655978,0.981184,0.981592
3212.657367,1.005945,1.006285
3212.658755,0.985757,0.986107
3212.660144,1.006812,1.007460
3212.661533,0.991347,0.991954
3212.662922,0.988978,0.989593
3212.664311,1.035010,1.035670
3212.665700,1.004126,1.004618
3212.667088,1.005863,1.006568
3212.668477,1.003771,1.004246
3212.669866,1.013094,1.013481
3212.671255,1.003927,1.004290
3212.672644,1.009764,1.009930
3212.674033,0.989221,0.989445
3212.675422,1.002326,1.002707
3212.676810,0.981222,0.981609
3212.678199,0.972422,0.972982
3212.679588,1.011311,1.012098
3212.680977,1.002152,1.003063
3212.682366,0.972083,0.972856
3212.683755,0.976481,0.977491
3212.685143,0.980818,0.981950
3212.686532,0.998175,0.999306
3212.687921,1.012605,1.013745
3212.689310,1.007368,1.008450
3212.690699,0.983416,0.984289
3212.692088,0.982057,0.982877
3212.693477,1.014886,1.015826
3212.694865,1.019723,1.020692
3212.696254,0.982444,0.983151
3212.697643,1.033430,1.034055
3212.699032,0.984056,0.984800
3212.700421,0.966442,0.967303
3212.701810,1.004621,1.005581
3212.703198,0.983540,0.984422
3212.704587,1.011980,1.012784
3212.705976,1.000311,1.001163
3212.707365,1.001286,1.002006
3212.708754,1.023556,1.024551
3212.710143,1.008960,1.010026
3212.711532,0.997876,0.998696
3212.712920,0.997273,0.997940
3212.714309,0.998563,0.999105
3212.715698,1.014060,1.014629
3212.717087,0.991773,0.992301
3212.718476,0.985131,0.985600
3212.719865,0.994279,0.994771
3212.721253,1.015997,1.016550
3212.722642,0.978380,0.978891
3212.724031,1.004828,1.005470
3212.725420,0.998124,0.998912
3212.726809,0.996424,0.997396
3212.728198,1.001888,1.002922
3212.729587,1.006836,1.007906
3212.730975,0.994623,0.995632
3212.732364,0.986519,0.987371
3212.733753,0.996364,0.997160
3212.735142,1.011129,1.012004
3212.736531,1.051826,1.052717
3212.737920,0.981402,0.982216
3212.739309,1.015270,1.016221
3212.740697,0.993850,0.994872
3212.742086,0.985433,0.986362
3212.743475,0.991411,0.992313
3212.744864,1.006347,1.007456
3212.746253,1.013440,1.014480
3212.747642,0.999063,1.000192
3212.749030,1.018669,1.019739
3212.750419,1.008328,1.009448
3212.751808,0.996318,0.997365
3212.753197,1.013704,1.014810
3212.754586,0.996865,0.997921
3212.755975,0.998913,0.999827
3212.757364,0.999192,1.000067
3212.758752,1.015176,1.016172
3212.760141,1.000948,1.001779
3212.761530,0.994319,0.995006
3212.762919,0.991841,0.992679
3212.764308,0.969823,0.970830
3212.765697,0.988727,0.989837
3212.767085,0.999097,1.000009
3212.768474,0.990487,0.991512
3212.769863,1.020537,1.021518
3212.771252,0.993338,0.994141
3212.772641,0.988915,0.989734
3212.774030,1.026061,1.026916
3212.775419,1.008066,1.009092
3212.776807,0.988063,0.988944
3212.778196,1.018982,1.019838
3212.779585,0.999759,1.000503
3212.780974,0.998755,0.999693
3212.782363,0.998600,0.999621
3212.783752,1.017970,1.018976
3212.785140,0.988674,0.989773
3212.786529,0.987090,0.988181
3212.787918,1.001982,1.003124
3212.789307,0.996380,0.997317
3212.790696,0.973865,0.974616
3212.792085,0.994962,0.995889
3212.793474,0.984257,0.985167
3212.794862,0.989617,0.990535
3212.796251,1.009345,1.010293
3212.797640,0.972726,0.973592
3212.799029,1.011529,1.012472
3212.800418,0.984694,0.985535
3212.801807,0.981076,0.981874
3212.803195,0.988624,0.989427
3212.804584,1.008772,1.009503
3212.805973,1.027828,1.028508
3212.807362,1.009394,1.010116
3212.808751,1.018140,1.018911
3212.810140,1.007612,1.008235
3212.811529,0.996714,0.997396
3212.812917,1.033713,1.034204
3212.814306,1.000859,1.001148
3212.815695,0.992093,0.992451
3212.817084,1.000077,1.000485
3212.818473,0.999165,0.999735
3212.819862,0.981956,0.982329
3212.821250,0.996635,0.997108
3212.822639,0.975810,0.976117
3212.824028,0.996999,0.996999
3212.825417,0.988696,0.988761
3212.826806,1.008941,1.009002
3212.828195,1.013432,1.013535
3212.829584,1.001046,1.001048
3212.830972,1.005927,1.006016
3212.832361,0.990492,0.990768
3212.833750,0.967123,0.967249
3212.835139,0.999356,0.999567
3212.836528,0.967983,0.968136
3212.837917,0.976964,0.977015
3212.839306,0.992571,0.992445
3212.840694,0.968075,0.967950
3212.842083,0.993877,0.993720
3212.843472,1.011872,1.011587
3212.844861,1.012608,1.012278
3212.846250,1.025640,1.025515
3212.847639,1.000804,1.000941
3212.849027,1.002246,1.002367
3212.850416,1.000952,1.000879
3212.851805,1.008587,1.008860
3212.853194,1.016082,1.016378
3212.854583,0.999484,0.999961
3212.855972,0.987945,0.988451
3212.857361,0.996352,0.996631
3212.858749,0.992109,0.992295
3212.860138,0.989341,0.989565
3212.861527,1.017633,1.017897
3212.862916,1.005172,1.005433
3212.864305,0.979303,0.979351
3212.865694,0.965988,0.966100
3212.867082,1.016734,1.016580
3212.868471,1.029637,1.029649
3212.869860,1.014254,1.014509
3212.871249,1.028085,1.028420
3212.872638,1.004257,1.004686
3212.874027,0.997211,0.997428
3212.875416,0.992125,0.992193
3212.876804,1.024591,1.024731
3212.878193,1.001297,1.001351
3212.879582,0.975834,0.975880
3212.880971,0.988224,0.988332
3212.882360,0.980175,0.980275
3212.883749,0.994432,0.994533
3212.885137,0.995321,0.995325
3212.886526,1.007259,1.007241
3212.887915,1.000014,1.000144
3212.889304,1.022325,1.022545
3212.890693,1.008731,1.008864
3212.892082,1.005654,1.005977
3212.893471,1.009167,1.009441
3212.894859,1.004225,1.004492
3212.896248,1.009458,1.009820
3212.897637,1.011764,1.012241
3212.899026,1.004910,1.005510
3212.900415,1.001099,1.001749
3212.901804,0.985259,0.985923
3212.903192,1.020396,1.021142
3212.904581,0.997004,0.997677
3212.905970,1.006956,1.007790
3212.907359,1.008476,1.009310
3212.908748,0.982011,0.982783
3212.910137,0.987555,0.988463
3212.911526,1.016726,1.017661
3212.912914,0.991159,0.992115
3212.914303,1.004099,1.004997
3212.915692,1.007561,1.008408
3212.917081,1.021917,1.022533
3212.918470,1.008052,1.008802
3212.919859,1.001014,1.001777
3212.921247,1.008819,1.009603
3212.922636,0.969920,0.970618
3212.924025,0.987173,0.987906
3212.925414,1.015024,1.015890
3212.926803,0.977024,0.977978
3212.928192,0.997769,0.998695
3212.929581,1.008198,1.009099
3212.930969,1.013741,1.014581
3212.932358,0.988748,0.989826
3212.933747,0.971815,0.972902
3212.935136,1.007521,1.008686
3212.936525,0.984725,0.986001
3212.937914,0.989741,0.990916
3212.939302,1.017203,1.018577
3212.940691,0.996642,0.998172
3212.942080,1.022662,1.024021
3212.943469,0.991384,0.992713
3212.944858,0.993930,0.995263
3212.946247,0.974595,0.975846
3212.947636,1.010746,1.011918
3212.949024,1.004683,1.005801
3212.950413,0.992490,0.993629
3212.951802,1.002559,1.003450
3212.953191,1.003058,1.004017
3212.954580,1.000817,1.001809
3212.955969,0.990934,0.991960
3212.957357,0.974120,0.975167
3212.958746,1.018603,1.019858
3212.960135,1.001890,1.003220
3212.961524,1.002776,1.004185
3212.962913,0.997237,0.998729
3212.964302,0.986964,0.988366
3212.965691,1.016383,1.018063
3212.967079,0.999337,1.000996
3212.968468,0.994239,0.995872
3212.969857,0.999661,1.001443
3212.971246,0.994170,0.996065
3212.972635,0.991387,0.993333
3212.974024,1.014029,1.015902
3212.975412,1.008256,1.009978
3212.976801,0.970600,0.972190
3212.978190,1.000353,1.001912
3212.979579,0.979225,0.980810
3212.980968,0.989500,0.990944
3212.982357,1.007022,1.008475
3212.983746,0.997755,0.999303
3212.985134,1.006932,1.008526
3212.986523,0.985221,0.986960
3212.987912,1.004102,1.005871
3212.989301,0.981910,0.983662
3212.990690,0.982358,0.984142
3212.992079,0.990629,0.992424
3212.993467,1.003704,1.005567
3212.994856,0.990747,0.992561
3212.996245,0.988770,0.990547
3212.997634,1.003023,1.004896
3212.999023,1.017250,1.018964
3213.000412,1.010522,1.012342
3213.001801,1.017517,1.019683
3213.003189,0.998509,1.000580
3213.004578,0.987899,0.990135
3213.005967,0.985368,0.987824
3213.007356,1.004989,1.007545
3213.008745,1.007030,1.009707
3213.010134,0.971039,0.973641
3213.011523,0.996061,0.998616
3213.012911,1.014741,1.017220
3213.014300,1.014514,1.016787
3213.015689,1.009487,1.011753
3213.017078,0.971945,0.974212
3213.018467,1.027607,1.030030
3213.019856,0.979355,0.981545
3213.021244,1.009053,1.011127
3213.022633,1.002186,1.004198
3213.024022,0.973398,0.975334
3213.025411,0.990445,0.992422
3213.026800,0.986839,0.988779
3213.028189,0.983463,0.985395
3213.029578,1.010855,1.012847
3213.030966,0.982589,0.984577
3213.032355,0.989207,0.991260
3213.033744,0.986648,0.988872
3213.035133,1.006680,1.008741
3213.036522,1.000604,1.002438
3213.037911,1.011904,1.013724
3213.039299,0.995109,0.996749
3213.040688,0.972984,0.974574
3213.042077,0.970429,0.971981
3213.043466,1.005770,1.007527
3213.044855,1.004596,1.006202
3213.046244,1.003315,1.004775
3213.047633,1.003543,1.005162
3213.049021,0.991655,0.993284
3213.050410,0.993918,0.995570
3213.051799,0.993958,0.995581
3213.053188,0.983458,0.985027
3213.054577,1.003583,1.005121
3213.055966,1.002369,1.003939
3213.057354,0.997489,0.999006
3213.058743,1.003715,1.005079
3213.060132,0.991412,0.992748
3213.061521,0.991466,0.992761
3213.062910,1.005455,1.006663
3213.064299,1.014976,1.016048
3213.065688,1.022637,1.023666
3213.067076,0.999590,1.000442
3213.068465,0.986324,0.987199
3213.069854,1.001019,1.001937
3213.071243,0.997765,0.998446
3213.072632,1.001375,1.002073
3213.074021,1.011000,1.011501
3213.075409,0.983359,0.983789
3213.076798,1.002099,1.002706
3213.078187,0.986379,0.986942
3213.079576,1.008359,1.008847
3213.080965,0.997464,0.998062
3213.082354,0.985847,0.986454
3213.083743,0.975700,0.976247
3213.085131,1.026800,1.027316
3213.086520,0.995663,0.996154
3213.087909,1.013190,1.013583
3213.089298,0.984884,0.985228
3213.090687,0.999728,1.000224
3213.092076,1.014303,1.014960
3213.093464,1.033681,1.034168
3213.094853,0.993069,0.993693
3213.096242,0.988428,0.989145
3213.097631,0.980001,0.980858
3213.099020,1.009601,1.010424
3213.100409,0.990288,0.991173
3213.101798,1.001767,1.002931
3213.103186,1.009744,1.010831
3213.104575,1.000494,1.001699
3213.105964,1.017696,1.018997
3213.107353,1.017267,1.018510
3213.108742,0.992186,0.993349
3213.110131,1.009925,1.010869
3213.111519,0.988259,0.989173
3213.112908,1.010169,1.011223
3213.114297,0.980511,0.981738
3213.115686,0.991194,0.992183
3213.117075,1.004281,1.005177
3213.118464,0.976564,0.977584
3213.119853,0.999310,1.000321
3213.121241,0.992128,0.992964
3213.122630,1.008301,1.009182
3213.124019,1.002164,1.003072
3213.125408,0.998080,0.999209
3213.126797,1.008821,1.009849
3213.128186,0.995153,0.996165
3213.129574,1.002204,1.003213
3213.130963,0.995128,0.996189
3213.132352,1.007395,1.008501
3213.133741,1.010660,1.011765
3213.135130,0.979488,0.980478
3213.136519,1.000164,1.001083
3213.137908,1.004494,1.005533
3213.139296,1.014398,1.015604
3213.140685,1.007092,1.008274
3213.142074,0.985775,0.986943
3213.143463,1.006089,1.007149
3213.144852,0.994570,0.995748
3213.146241,1.006079,1.007173
3213.147629,1.009209,1.010356
3213.149018,1.000196,1.001354
3213.150407,1.011712,1.012921
3213.151796,1.007620,1.008938
3213.153185,1.031649,1.033086
3213.154574,0.985023,0.986582
3213.155963,1.003119,1.004665
3213.157351,0.982841,0.984532
3213.158740,0.997707,0.999498
3213.160129,0.948632,0.950383
3213.161518,0.996523,0.998414
3213.162907,1.005771,1.007818
3213.164296,1.010006,1.011933
3213.165684,1.014823,1.016888
3213.167073,0.979515,0.981467
3213.168462,1.011726,1.013515
3213.169851,1.022154,1.023938
3213.171240,0.992744,0.994286
3213.172629,0.999666,1.001217
3213.174018,1.014177,1.015754
3213.175406,1.000875,1.002391
3213.176795,0.985964,0.987446
3213.178184,0.995309,0.996695
3213.179573,0.991518,0.993100
3213.180962,0.991234,0.992730
3213.182351,0.991957,0.993273
3213.183739,1.000581,1.001983
3213.185128,1.015894,1.017116
3213.186517,1.005043,1.006480
3213.187906,0.989520,0.990668
3213.189295,0.987509,0.988885
3213.190684,0.992195,0.993470
3213.192073,0.984536,0.985862
3213.193461,0.996332,0.997913
3213.194850,0.985866,0.987493
3213.196239,0.986664,0.988340
3213.197628,1.016375,1.018203
3213.199017,1.012588,1.014328
3213.200406,0.986249,0.988031
3213.201794,0.991759,0.993556
3213.203183,0.980088,0.981817
3213.204572,0.992052,0.993780
3213.205961,1.006372,1.008034
3213.207350,1.002856,1.004276
3213.208739,1.001699,1.003000
3213.210128,0.991390,0.992699
3213.211516,1.015398,1.016907
3213.212905,1.001439,1.002854
3213.214294,0.979046,0.980425
3213.215683,1.001015,1.002360
3213.217072,0.992199,0.993601
3213.218461,0.981236,0.982673
3213.219849,0.986684,0.987998
3213.221238,0.985630,0.986878
3213.222627,0.993056,0.994245
3213.224016,1.001461,1.002592
3213.225405,1.012206,1.013460
3213.226794,0.980312,0.981489
3213.228182,1.001443,1.002534
3213.229571,1.000364,1.001449
3213.230960,0.985771,0.986758
3213.232349,0.984128,0.985026
3213.233738,1.001884,1.002707
3213.235127,0.978584,0.979125
3213.236516,1.005054,1.005541
3213.237904,0.987951,0.988565
3213.239293,0.980413,0.980930
3213.240682,0.996915,0.997378
3213.242071,0.971867,0.972197
3213.243460,0.996303,0.996398
3213.244849,1.006011,1.006134
3213.246237,0.978282,0.978454
3213.247626,0.998769,0.998892
3213.249015,1.006338,1.006387
3213.250404,1.003490,1.003467
3213.251793,0.995907,0.995828
3213.253182,1.010765,1.010926
3213.254571,1.005814,1.005837
3213.255959,0.983658,0.983811
3213.257348,1.002045,1.002099
3213.258737,0.992650,0.992707
3213.260126,1.009992,1.009949
3213.261515,0.985452,0.985262
3213.262904,1.000635,1.000272
3213.264292,1.011524,1.011153
3213.265681,1.031624,1.031446
3213.267070,1.005069,1.004982
3213.268459,1.002594,1.002254
3213.269848,1.015841,1.015558
3213.271237,0.994573,0.994195
3213.272626,1.006260,1.005755
3213.274014,1.002164,1.001682
3213.275403,1.009308,1.008702
3213.276792,0.990331,0.989625
3213.278181,0.986464,0.985590
3213.279570,0.991368,0.990278
3213.280959,1.014574,1.013548
3213.282347,1.009639,1.008499
3213.283736,0.971189,0.970077
3213.285125,0.988502,0.987523
3213.286514,1.017771,1.016802
3213.287903,0.998740,0.998095
3213.289292,0.976997,0.976401
3213.290681,1.006918,1.006363
3213.292069,0.997247,0.996565
3213.293458,1.010927,1.010111
3213.294847,1.001519,1.000733
3213.296236,1.003265,1.002270
3213.297625,1.003004,1.002029
3213.299014,1.009157,1.008012
3213.300402,0.994362,0.993260
3213.301791,1.018375,1.017282
3213.303180,0.989567,0.988397
3213.304569,0.982230,0.981221
3213.305958,1.021045,1.019975
3213.307347,1.022753,1.021677
3213.308736,0.992910,0.991770
3213.310124,1.020308,1.019089
3213.311513,0.992494,0.991325
3213.312902,0.996393,0.995173
3213.314291,0.988860,0.987675
3213.315680,0.990524,0.989163
3213.317069,0.995229,0.993721
3213.318457,1.015841,1.014327
3213.319846,1.019603,1.018186
3213.321235,1.025287,1.023826
3213.322624,1.021495,1.019871
3213.324013,1.003460,1.001851
3213.325402,1.017093,1.015367
3213.326791,1.000263,0.998569
3213.328179,1.012965,1.011281
3213.329568,1.032482,1.030758
3213.330957,0.977313,0.975789
3213.332346,1.015372,1.013659
3213.333735,1.002917,1.001030
3213.335124,0.988439,0.986728
3213.336512,1.014293,1.012287
3213.337901,0.995379,0.993236
3213.339290,1.007142,1.004854
3213.340679,0.997288,0.994942
3213.342068,0.986991,0.984407
3213.343457,1.010835,1.008194
3213.344846,0.997683,0.995217
3213.346234,1.011510,1.008908
3213.347623,0.989753,0.987099
3213.349012,0.992975,0.990312
3213.350401,1.035168,1.032503
3213.351790,0.987358,0.984717
3213.353179,1.017735,1.014837
3213.354567,0.994059,0.991019
3213.355956,1.027143,1.024091
3213.357345,1.002442,0.999336
3213.358734,1.023638,1.020536
3213.360123,1.023990,1.020975
3213.361512,1.012924,1.009776
3213.362901,1.006542,1.003429
3213.364289,1.011173,1.007974
3213.365678,1.010305,1.007019
3213.367067,1.009145,1.005695
3213.368456,1.001993,0.998472
3213.369845,0.990360,0.986859
3213.371234,1.014569,1.011001
3213.372622,0.997907,0.994492
3213.374011,0.985813,0.982233
3213.375400,0.987256,0.983669
3213.376789,0.986443,0.982847
3213.378178,1.005695,1.002223
3213.379567,1.002331,0.998579
3213.380956,1.012429,1.008443
3213.382344,1.002079,0.998193
3213.383733,1.024385,1.020294
3213.385122,1.010598,1.006549
3213.386511,0.982459,0.978629
3213.387900,0.992650,0.988846
3213.389289,0.980295,0.976674
3213.390677,1.000019,0.996377
3213.392066,1.027967,1.024157
3213.393455,1.000033,0.996374
3213.394844,0.994235,0.990723
3213.396233,0.998545,0.995022
3213.397622,0.985634,0.982148
3213.399011,0.998139,0.994759
3213.400399,1.007763,1.004444
3213.401788,0.987737,0.984467
3213.403177,0.996644,0.993532
3213.404566,1.016371,1.013225
3213.405955,0.994085,0.991098
3213.407344,0.995485,0.992752
3213.408732,0.988681,0.986026
3213.410121,0.978742,0.976412
3213.411510,0.994005,0.991732
3213.412899,1.016769,1.014558
3213.414288,0.983817,0.981729
3213.415677,1.001864,0.999744
3213.417065,0.991343,0.989119
3213.418454,0.981157,0.978936
3213.419843,1.017848,1.015498
3213.421232,1.009029,1.006656
3213.422621,1.022167,1.019796
3213.424010,1.002955,1.000846
3213.425399,0.991233,0.989327
3213.426787,0.988519,0.986746
3213.428176,0.995162,0.993468
3213.429565,1.012371,1.010765
3213.430954,0.999357,0.997855
3213.432343,1.026557,1.025138
3213.433732,1.000669,0.999042
3213.435120,0.974963,0.973297
3213.436509,1.005728,1.003989
3213.437898,0.990823,0.989087
3213.439287,0.995555,0.993851
3213.440676,1.009410,1.007820
3213.442065,1.004739,1.003200
3213.443454,1.006281,1.004737
3213.444842,0.971302,0.969884
3213.446231,0.981362,0.979999
3213.447620,1.008163,1.006842
3213.449009,0.996887,0.995629
3213.450398,0.983123,0.981902
3213.451787,1.020568,1.019596
3213.453175,1.015675,1.014824
3213.454564,1.031710,1.030779
3213.455953,1.011162,1.010199
3213.457342,1.007941,1.007076
3213.458731,0.993415,0.992603
3213.460120,0.988353,0.987619
3213.461509,1.007774,1.006957
3213.462897,0.981270,0.980637
3213.464286,1.003865,1.003312
3213.465675,0.981297,0.980888
3213.467064,1.004229,1.003763
3213.468453,1.018213,1.017859
3213.469842,0.999272,0.998925
3213.471230,1.010256,1.010143
3213.472619,1.002573,1.002580
3213.474008,1.010157,1.010074
3213.475397,1.005517,1.005157
3213.476786,1.007075,1.006773
3213.478175,0.995845,0.995405
3213.479564,1.005610,1.005142
3213.480952,1.006118,1.005637
3213.482341,0.984997,0.984452
3213.483730,0.993319,0.992845
3213.485119,1.011475,1.011077
3213.486508,1.036230,1.035854
3213.487897,1.011727,1.011167
3213.489285,1.016095,1.015448
3213.490674,0.994423,0.993685
3213.492063,0.999254,0.998691
3213.493452,0.994086,0.993238
3213.494841,1.013044,1.012079
3213.496230,1.005998,1.005062
3213.497619,1.034988,1.033774
3213.499007,1.001851,1.000859
3213.500396,0.996336,0.995212
3213.501785,1.016776,1.015760
3213.503174,0.984815,0.983811
3213.504563,1.007142,1.006032
3213.505952,0.986826,0.985807
3213.507340,0.999609,0.998625
3213.508729,0.983975,0.983157
3213.510118,1.014718,1.013868
3213.511507,1.022011,1.021032
3213.512896,0.992373,0.991624
3213.514285,0.986527,0.985777
3213.515673,1.003111,1.002348
3213.517062,1.021188,1.020531
3213.518451,0.996305,0.995471
3213.519840,1.000491,0.999725
3213.521229,0.983241,0.982361
3213.522618,1.015738,1.014654
3213.524007,0.978397,0.976968
3213.525395,1.014003,1.012588
3213.526784,1.009146,1.007642
3213.528173,0.979903,0.978089
3213.529562,0.997503,0.995574
3213.530951,0.983250,0.981429
3213.532340,1.009998,1.007946
3213.533728,0.994097,0.992057
3213.535117,0.978791,0.976585
3213.536506,0.995031,0.992675
3213.537895,0.988856,0.986490
3213.539284,1.012602,1.010038
3213.540673,0.977478,0.974936
3213.542062,1.007119,1.004508
3213.543450,1.004626,1.002143
3213.544839,1.028034,1.025649
3213.546228,0.973720,0.971425
3213.547617,0.974910,0.972561
3213.549006,0.992192,0.989736
3213.550395,0.984782,0.982239
3213.551783,0.992053,0.989346
3213.553172,0.999839,0.996983
3213.554561,0.997864,0.995061
3213.555950,1.007764,1.005034
3213.557339,1.001025,0.998496
3213.558728,0.990168,0.987827
3213.560117,1.019278,1.016758
3213.561505,1.000633,0.998045
3213.562894,1.001265,0.998735
3213.564283,0.998258,0.995763
3213.565672,1.009063,1.006692
3213.567061,0.997539,0.995374
3213.568450,0.997166,0.995004
3213.569838,1.006293,1.004046
3213.571227,1.006873,1.004570
3213.572616,0.999792,0.997467
3213.574005,1.019070,1.016821
3213.575394,1.003403,1.001125
3213.576783,1.017425,1.015155
3213.578172,1.007461,1.005218
3213.579560,1.020551,1.018404
3213.580949,0.982917,0.980783
3213.582338,0.995021,0.993030
3213.583727,0.980235,0.978304
3213.585116,0.994208,0.992345
3213.586505,0.982101,0.980414
3213.587893,0.996703,0.994974
3213.589282,1.004161,1.002430
3213.590671,1.011708,1.009811
3213.592060,1.024599,1.022642
3213.593449,1.007492,1.005680
3213.594838,1.019037,1.017416
3213.596226,0.998526,0.996862
3213.597615,1.008292,1.006651
3213.599004,1.025855,1.024339
3213.600393,0.988458,0.986805
3213.601782,0.987818,0.986224
3213.603171,0.995034,0.993510
3213.604560,1.008268,1.006666
3213.605948,0.997392,0.995887
3213.607337,1.024670,1.023075
3213.608726,1.006425,1.004822
3213.610115,1.006631,1.005071
3213.611504,0.999877,0.998223
3213.612893,0.994875,0.993326
3213.614281,1.000054,0.998695
3213.615670,1.018948,1.017526
3213.617059,1.010259,1.008941
3213.618448,1.015129,1.013915
3213.619837,1.003739,1.002371
3213.621226,1.004415,1.002840
3213.622615,0.987618,0.985903
3213.624003,0.988026,0.986342
3213.625392,1.008601,1.006887
3213.626781,1.004559,1.002800
3213.628170,0.995239,0.993610
3213.629559,1.023895,1.022131
3213.630948,1.015113,1.013536
3213.632336,1.021780,1.020316
3213.633725,0.999346,0.997999
3213.635114,1.010989,1.009672
3213.636503,1.017035,1.015482
3213.637892,1.026617,1.025228
3213.639281,1.000509,0.999099
3213.640670,1.005957,1.004525
3213.642058,0.977985,0.976611
3213.643447,1.001292,0.999961
3213.644836,0.996872,0.995521
3213.646225,0.987838,0.986524
3213.647614,0.992433,0.991263
3213.649003,0.973966,0.972939
3213.650391,0.998318,0.997390
3213.651780,1.004270,1.003320
3213.653169,1.016630,1.015672
3213.654558,0.985462,0.984153
3213.655947,1.008886,1.007571
3213.657336,1.002857,1.001362
3213.658725,1.031474,1.029958
3213.660113,0.970014,0.968601
3213.661502,0.983005,0.981576
3213.662891,1.015407,1.013885
3213.664280,0.993237,0.991662
3213.665669,1.006769,1.005148
3213.667058,0.992742,0.991178
3213.668446,1.023800,1.022269
3213.669835,0.985286,0.983701
3213.671224,1.000706,0.999131
3213.672613,1.006372,1.004671
3213.674002,1.015055,1.013342
3213.675391,1.022925,1.021216
3213.676779,0.986714,0.985207
3213.678168,0.991550,0.989954
3213.679557,1.031014,1.029246
3213.680946,1.011936,1.010318
3213.682335,0.991073,0.989512
3213.683724,1.012867,1.011275
3213.685113,1.005689,1.003982
3213.686501,1.001107,0.999431
3213.687890,0.999107,0.997466
3213.689279,0.967984,0.966614
3213.690668,0.964190,0.962665
3213.692057,1.013400,1.011868
3213.693446,1.009637,1.008163
3213.694834,0.967662,0.966211
3213.696223,1.001469,1.000033
3213.697612,1.022204,1.020769
3213.699001,0.985197,0.983944
3213.700390,1.010332,1.008989
3213.701779,0.979979,0.978705
3213.703168,0.986470,0.985180
3213.704556,0.988393,0.987075
3213.705945,0.993726,0.992427
3213.707334,0.988347,0.987028
3213.708723,0.987792,0.986604
3213.710112,1.006602,1.005491
3213.711501,1.010483,1.009500
3213.712889,0.999266,0.998203
3213.714278,0.993466,0.992548
3213.715667,1.001388,1.000763
3213.717056,0.984248,0.983706
3213.718445,1.000536,1.000250
3213.719834,0.990030,0.989920
3213.721222,0.989699,0.989571
3213.722611,1.007712,1.007542
3213.724000,1.008412,1.008279
3213.725389,1.024938,1.025012
3213.726778,1.010721,1.010893
3213.728167,0.982036,0.982064
3213.729556,1.003820,1.003910
3213.730944,1.002840,1.002871
3213.732333,1.009528,1.009544
3213.733722,1.027128,1.027191
3213.735111,1.009089,1.009164
3213.736500,0.977743,0.977817
3213.737889,0.987035,0.987277
3213.739277,1.009521,1.009896
3213.740666,1.013175,1.013596
3213.742055,0.984976,0.985384
3213.743444,0.993762,0.994219
3213.744833,0.977050,0.977454
3213.746222,1.010146,1.010626
3213.747611,1.002817,1.003256
3213.748999,1.008303,1.008917
3213.750388,1.003718,1.004326
3213.751777,1.003686,1.004364
3213.753166,1.002693,1.003456
3213.754555,1.011510,1.012410
3213.755944,1.008039,1.009133
3213.757332,0.995857,0.997026
3213.758721,0.995275,0.996333
3213.760110,1.007367,1.008374
3213.761499,1.020136,1.021217
3213.762888,0.980446,0.981404
3213.764277,1.016256,1.017152
3213.765666,1.022083,1.022912
3213.767054,0.994467,0.995147
3213.768443,1.009975,1.010808
3213.769832,0.987317,0.988132
3213.771221,0.994832,0.995764
3213.772610,1.001827,1.002561
3213.773999,0.985233,0.985819
3213.775387,1.000621,1.001226
3213.776776,1.009212,1.009749
3213.778165,0.986932,0.987297
3213.779554,0.983255,0.983781
3213.780943,1.008419,1.008969
3213.782332,0.997201,0.997674
3213.783720,1.006416,1.006976
3213.785109,0.995172,0.995639
3213.786498,0.987637,0.987946
3213.787887,0.976605,0.976889
3213.789276,0.998946,0.999271
3213.790665,1.011628,1.012157
3213.792054,1.004835,1.005541
3213.793442,0.980902,0.981548
3213.794831,1.001568,1.002166
3213.796220,0.988457,0.988890
3213.797609,1.002528,1.002798
3213.798998,1.017445,1.017854
3213.800387,0.988750,0.988941
3213.801775,1.004716,1.005100
3213.803164,0.975170,0.975561
3213.804553,1.020706,1.020995
3213.805942,0.995104,0.995108
3213.807331,0.994168,0.994103
3213.808720,1.007223,1.007332
3213.810109,1.012508,1.012676
3213.811497,0.997829,0.997978
3213.812886,0.995101,0.995333
3213.814275,1.025131,1.025584
3213.815664,1.022783,1.023230
3213.817053,1.001671,1.002216
3213.818442,0.986792,0.987407
3213.819830,1.007976,1.008389
3213.821219,0.970306,0.970646
3213.822608,1.012656,1.013011
3213.823997,0.983282,0.983644
3213.825386,0.994823,0.995171
3213.826775,0.998062,0.998122
3213.828164,0.990958,0.991094
3213.829552,1.002075,1.002402
3213.830941,0.988242,0.988495
3213.832330,1.028627,1.028972
3213.833719,1.006513,1.006714
3213.835108,1.008470,1.008716
3213.836497,0.998184,0.998276
3213.837885,0.989716,0.989852
3213.839274,0.987181,0.987253
3213.840663,0.985204,0.985124
3213.842052,0.999502,0.999254
3213.843441,1.004227,1.003751
3213.844830,0.998464,0.997970
3213.846218,1.002740,1.002448
3213.847607,1.009425,1.009052
3213.848996,0.988160,0.987654
3213.850385,1.000900,1.000433
3213.851774,0.998772,0.998221
3213.853163,0.998095,0.997557
3213.854552,1.003610,1.003076
3213.855940,1.017824,1.017158
3213.857329,0.987070,0.986574
3213.858718,0.987032,0.986698
3213.860107,1.019867,1.019492
3213.861496,1.000979,1.000502
3213.862885,0.988233,0.988041
3213.864273,0.999324,0.999207
3213.865662,1.001077,1.000796
3213.867051,0.997146,0.997131
3213.868440,0.995081,0.994945
3213.869829,0.972671,0.972726
3213.871218,0.984395,0.984616
3213.872607,0.985576,0.985812
3213.873995,1.000368,1.000693
3213.875384,0.990516,0.990980
3213.876773,1.014838,1.015429
3213.878162,1.018005,1.018515
3213.879551,1.007110,1.007562
3213.880940,0.989968,0.990262
3213.882328,1.015765,1.016087
3213.883717,0.996061,0.996355
3213.885106,1.019233,1.019790
3213.886495,1.012080,1.012541
3213.887884,0.988672,0.989295
3213.889273,0.982800,0.983569
3213.890661,1.004584,1.005423
3213.892050,1.025392,1.026184
3213.893439,0.997739,0.998495
3213.894828,0.988263,0.988961
3213.896217,1.002423,1.003250
3213.897606,0.983395,0.984193
3213.898995,0.986852,0.987667
3213.900383,1.007159,1.008016
3213.901772,0.990435,0.991212
3213.903161,0.987618,0.988365
3213.904550,1.024083,1.025061
3213.905939,1.018853,1.019814
3213.907328,0.998892,0.999772
3213.908716,1.011725,1.012499
3213.910105,1.003992,1.004778
3213.911494,1.004006,1.004618
3213.912883,1.012199,1.012945
3213.914272,1.010316,1.011028
3213.915661,1.006379,1.006993
3213.917050,0.990138,0.990707
3213.918438,0.986154,0.986680
3213.919827,1.001430,1.001877
3213.921216,0.995863,0.996303
3213.922605,1.020957,1.021463
3213.923994,1.012054,1.012485
3213.925383,0.987756,0.988267
3213.926771,1.008752,1.009339
3213.928160,1.012450,1.013085
3213.929549,1.002182,1.002688
3213.930938,0.979381,0.979960
3213.932327,0.992780,0.993246
3213.933716,1.001714,1.002140
3213.935104,1.007818,1.008225
3213.936493,0.983829,0.984186
3213.937882,1.008485,1.008800
3213.939271,0.970646,0.970952
3213.940660,0.969161,0.969358
3213.942049,1.020297,1.020612
3213.943438,0.989800,0.990026
3213.944826,0.975201,0.975382
3213.946215,1.020800,1.021143
3213.947604,0.991400,0.991715
3213.948993,0.982494,0.982612
3213.950382,1.026760,1.026894
3213.951771,0.991927,0.992070
3213.953159,0.985713,0.985868
3213.954548,0.995800,0.996087
3213.955937,1.005938,1.006321
3213.957326,1.015458,1.015637
3213.958715,1.013165,1.013291
3213.960104,0.998016,0.998150
3213.961493,0.991169,0.991416
3213.962881,0.965285,0.965480
3213.964270,0.991896,0.992164
3213.965659,1.032932,1.033134
3213.967048,0.985854,0.985932
3213.968437,1.028196,1.028355
3213.969826,1.013414,1.013520
3213.971214,0.998575,0.998850
3213.972603,0.982747,0.982974
3213.973992,0.990225,0.990455
3213.975381,1.035296,1.035527
3213.976770,0.989233,0.989389
3213.978159,0.999830,0.999932
3213.979547,1.011803,1.012013
3213.980936,1.023287,1.023538
3213.982325,0.993557,0.993646
3213.983714,0.992009,0.991858
3213.985103,1.011411,1.011262
3213.986492,0.970085,0.970048
3213.987881,1.007102,1.006881
3213.989269,0.985414,0.985460
3213.990658,1.011408,1.011323
3213.992047,1.000336,1.000432
3213.993436,0.985801,0.985783
3213.994825,0.982475,0.982474
3213.996214,1.012404,1.012559
3213.997602,1.003380,1.003341
3213.998991,1.005998,1.006033
3214.000380,0.984397,0.984288
3214.001769,0.999291,0.999155
3214.003158,0.999053,0.998941
3214.004547,0.992118,0.992031
3214.005936,0.989530,0.989551
3214.007324,0.980151,0.980279
3214.008713,0.986590,0.986851
3214.010102,0.985260,0.985504
3214.011491,0.981626,0.981825
3214.012880,1.022263,1.022478
3214.014269,1.017603,1.017997
3214.015657,0.989454,0.989626
3214.017046,0.998721,0.999002
3214.018435,0.999499,0.999668
3214.019824,1.008777,1.008900
3214.021213,1.003594,1.003594
3214.022602,0.980825,0.980866
3214.023990,0.992367,0.992441
3214.025379,0.989029,0.989152
3214.026768,1.006447,1.006782
3214.028157,0.990388,0.990570
3214.029546,1.011141,1.011227
3214.030935,1.011680,1.011743
3214.032324,0.994183,0.994243
3214.033712,1.027278,1.027381
3214.035101,0.990197,0.990464
3214.036490,1.010225,1.010370
3214.037879,1.012804,1.013105
3214.039268,0.989303,0.989617
3214.040657,1.005870,1.006345
3214.042045,1.009705,1.010206
3214.043434,1.003973,1.004532
3214.044823,0.991479,0.991972
3214.046212,1.000124,1.000420
3214.047601,0.972749,0.973000
3214.048990,0.993565,0.993811
3214.050378,0.994499,0.994499
3214.051767,1.021221,1.021289
3214.053156,0.982359,0.982171
3214.054545,1.014200,1.013935
3214.055934,1.010539,1.010373
3214.057323,1.012904,1.012854
3214.058712,0.995686,0.995682
3214.060100,1.021028,1.020843
3214.061489,1.002022,1.001719
3214.062878,1.000635,1.000464
3214.064267,1.000893,1.000728
3214.065656,1.004642,1.004427
3214.067045,1.013733,1.013535
3214.068433,1.017976,1.017699
3214.069822,1.007588,1.007424
3214.071211,1.012723,1.012664
3214.072600,0.987529,0.987346
3214.073989,1.001623,1.001258
3214.075378,0.997048,0.996669
3214.076767,0.990175,0.989713
3214.078155,0.966884,0.966386
3214.079544,0.997023,0.996392
3214.080933,1.004336,1.003571
3214.082322,0.987061,0.986194
3214.083711,1.002169,1.001071
3214.085100,0.996758,0.995757
3214.086488,0.989517,0.988500
3214.087877,1.001508,1.000548
3214.089266,1.020510,1.019587
3214.090655,0.998101,0.997139
3214.092044,1.011997,1.010942
3214.093433,1.007483,1.006529
3214.094821,1.017035,1.015932
3214.096210,1.003891,1.002782
3214.097599,0.997864,0.996650
3214.098988,1.000164,0.999067
3214.100377,1.019472,1.018308
3214.101766,0.996424,0.995146
3214.103155,1.008833,1.007369
3214.104543,0.984594,0.983103
3214.105932,1.000064,0.998325
3214.107321,0.988060,0.986523
3214.108710,1.006310,1.004944
3214.110099,0.991469,0.990029
3214.111488,1.006273,1.004796
3214.112876,1.015359,1.014130
3214.114265,0.984057,0.982723
3214.115654,0.979326,0.978147
3214.117043,1.001455,1.000480
3214.118432,1.011561,1.010387
3214.119821,1.000520,0.999476
3214.121210,1.011629,1.010643
3214.122598,0.993963,0.993097
3214.123987,0.967304,0.966285
3214.125376,1.004071,1.002969
3214.126765,1.007945,1.006872
3214.128154,1.000609,0.999419
3214.129543,0.994910,0.993691
3214.130931,0.999999,0.999070
3214.132320,0.990840,0.990009
3214.133709,0.999232,0.998141
3214.135098,1.001464,1.000435
3214.136487,0.997034,0.995782
3214.137876,1.002563,1.001279
3214.139264,1.013988,1.012727
3214.140653,0.996231,0.995150
3214.142042,0.993202,0.992245
3214.143431,0.996993,0.995846
3214.144820,1.004251,1.003340
3214.146209,1.016077,1.015119
3214.147598,1.002726,1.001542
3214.148986,1.002363,1.000919
3214.150375,0.986893,0.985427
3214.151764,1.005855,1.004367
3214.153153,1.007688,1.005950
3214.154542,0.981955,0.980424
3214.155931,1.015716,1.014037
3214.157319,0.994156,0.992589
3214.158708,1.014687,1.012860
3214.160097,0.978627,0.976928
3214.161486,1.002380,1.000834
3214.162875,1.017409,1.015728
3214.164264,0.972644,0.970939
3214.165652,1.000652,0.998836
3214.167041,1.006383,1.004489
3214.168430,1.004516,1.002694
3214.169819,1.015044,1.013090
3214.171208,1.005575,1.003456
3214.172597,1.010642,1.008442
3214.173986,1.008146,1.006028
3214.175374,1.010011,1.008027
3214.176763,1.000036,0.998086
3214.178152,0.999968,0.998020
3214.179541,1.003165,1.001176
3214.180930,1.034982,1.032811
3214.182319,0.979888,0.977653
3214.183707,1.009787,1.007595
3214.185096,0.986878,0.984715
3214.186485,0.994825,0.992573
3214.187874,0.981712,0.979439
3214.189263,1.013182,1.010805
3214.190652,1.027508,1.025335
3214.192040,0.999986,0.997905
3214.193429,1.025438,1.023445
3214.194818,1.001633,0.999813
3214.196207,0.990806,0.989158
3214.197596,0.989860,0.988150
3214.198985,1.003819,1.002013
3214.200374,1.012447,1.010630
3214.201762,1.030274,1.028369
3214.203151,0.980815,0.979104
3214.204540,1.002263,1.000524
3214.205929,0.991479,0.989697
3214.207318,1.013792,1.012085
3214.208707,1.007485,1.005739
3214.210095,1.003627,1.001789
3214.211484,1.008977,1.007023
3214.212873,0.989946,0.988097
3214.214262,1.005538,1.003698
3214.215651,0.992943,0.991300
3214.217040,0.980007,0.978436
3214.218429,1.010761,1.009141
3214.219817,0.981998,0.980270
3214.221206,1.005296,1.003557
3214.222595,1.009104,1.007307
3214.223984,1.005682,1.003837
3214.225373,1.016416,1.014504
3214.226762,1.002515,1.000730
3214.228150,0.984034,0.982158
3214.229539,1.014654,1.012802
3214.230928,1.009083,1.007404
3214.232317,0.980653,0.978965
3214.233706,0.993834,0.992064
3214.235095,0.998203,0.996319
3214.236483,1.011698,1.009613
3214.237872,1.007851,1.005624
3214.239261,1.007943,1.005700
3214.240650,0.994855,0.992783
3214.242039,1.001823,0.999747
3214.243428,1.003170,1.001024
3214.244817,1.002197,1.000208
3214.246205,0.990788,0.988910
3214.247594,0.997563,0.995773
3214.248983,0.997648,0.995789
3214.250372,0.977619,0.975944
3214.251761,1.010374,1.008577
3214.253150,0.987686,0.985955
3214.254538,1.017531,1.015833
3214.255927,1.010054,1.008383
3214.257316,1.017605,1.015645
3214.258705,1.007014,1.005029
3214.260094,1.010988,1.008976
3214.261483,0.994494,0.992601
3214.262871,1.017675,1.015552
3214.264260,0.993044,0.990930
3214.265649,1.007308,1.005174
3214.267038,0.993496,0.991305
3214.268427,0.986438,0.983970
3214.269816,0.987598,0.985134
3214.271205,0.979967,0.977429
3214.272593,0.977437,0.974926
3214.273982,1.004277,1.001573
3214.275371,1.004200,1.001536
3214.276760,1.008154,1.005321
3214.278149,0.990538,0.987669
3214.279538,1.019391,1.016300
3214.280926,1.000226,0.997010
3214.282315,1.019468,1.016180
3214.283704,1.023294,1.020019
3214.285093,1.001246,0.997965
3214.286482,1.015946,1.012343
3214.287871,1.001812,0.998253
3214.289259,1.017362,1.013590
3214.290648,0.981357,0.977842
3214.292037,1.013628,1.010137
3214.293426,1.024796,1.021084
3214.294815,0.984738,0.981165
3214.296204,0.991303,0.987726
3214.297593,1.018166,1.014426
3214.298981,1.011300,1.007689
3214.300370,0.997515,0.994075
3214.301759,1.001927,0.998447
3214.303148,0.997465,0.994198
3214.304537,1.016408,1.013029
3214.305926,1.012069,1.008691
3214.307314,1.016059,1.012323
3214.308703,1.017815,1.014133
3214.310092,1.014087,1.010355
3214.311481,1.038885,1.035029
3214.312870,1.004995,1.001196
3214.314259,0.984618,0.980661
3214.315648,0.992326,0.988261
3214.317036,0.997524,0.993371
3214.318425,1.003671,0.999583
3214.319814,0.982134,0.978257
3214.321203,1.006526,1.002678
3214.322592,1.001260,0.997511
3214.323981,1.007019,1.003209
3214.325369,0.983860,0.980144
3214.326758,1.019878,1.015836
3214.328147,1.026463,1.022502
3214.329536,0.973544,0.969705
3214.330925,1.004224,1.000081
3214.332314,1.001806,0.997846
3214.333702,1.003810,0.999854
3214.335091,1.003860,0.999963
3214.336480,0.989165,0.985418
3214.337869,0.976690,0.972937
3214.339258,0.986682,0.982811
3214.340647,1.007153,1.003076
3214.342036,1.006986,1.002799
3214.343424,0.992817,0.988593
3214.344813,0.988662,0.984464
3214.346202,0.977341,0.973274
3214.347591,1.004626,1.000339
3214.348980,0.989541,0.985220
3214.350369,1.009010,1.004645
3214.351757,0.996447,0.991956
3214.353146,0.988745,0.984303
3214.354535,1.001155,0.996609
3214.355924,0.999431,0.995032
3214.357313,1.018931,1.014485
3214.358702,0.998306,0.993748
3214.360090,1.011353,1.006663
3214.361479,1.027551,1.022633
3214.362868,1.016513,1.011553
3214.364257,1.002482,0.997668
3214.365646,1.002174,0.997568
3214.367035,0.997026,0.992425
3214.368424,1.021339,1.016560
3214.369812,1.010576,1.005648
3214.371201,1.015901,1.010955
3214.372590,1.007700,1.002730
3214.373979,1.012765,1.007894
3214.375368,1.003050,0.998032
3214.376757,0.999314,0.994337
3214.378145,0.992432,0.987525
3214.379534,1.007862,1.002792
3214.380923,1.011454,1.006330
3214.382312,1.005760,1.000622
3214.383701,1.006186,1.001096
3214.385090,0.998302,0.993241
3214.386478,0.999963,0.994885
3214.387867,0.991049,0.986008
3214.389256,1.009487,1.004344
3214.390645,1.005973,1.000841
3214.392034,1.010345,1.005184
3214.393423,1.017385,1.012182
3214.394812,1.006608,1.001454
3214.396200,1.022183,1.016945
3214.397589,1.034745,1.029437
3214.398978,1.000069,0.994936
3214.400367,1.003862,0.998705
3214.401756,1.005505,1.000338
3214.403145,0.999604,0.994465
3214.404533,0.993351,0.988242
3214.405922,1.020600,1.015350
3214.407311,1.021464,1.016210
3214.408700,1.014574,1.009355
3214.410089,0.997693,0.992562
3214.411478,1.026525,1.021248
3214.412866,0.992075,0.986976
3214.414255,1.023270,1.018013
3214.415644,1.003667,0.998514
3214.417033,1.021711,1.016470
3214.418422,1.002245,0.997108
3214.419811,1.011610,1.006430
3214.421200,1.013546,1.008361
3214.422588,1.014622,1.009438
3214.423977,0.987634,0.982594
3214.425366,1.001914,0.996809
3214.426755,1.020157,1.014966
3214.428144,1.034088,1.028835
3214.429533,1.001151,0.996075
3214.430921,1.011046,1.005929
3214.432310,1.014011,1.008890
3214.433699,1.000488,0.995445
3214.435088,0.985861,0.980903
3214.436477,1.011614,1.006539
3214.437866,1.008010,1.002965
3214.439254,1.002409,0.997405
3214.440643,0.993756,0.988808
3214.442032,1.007847,1.002844
3214.443421,0.993646,0.988728
3214.444810,0.989718,0.984835
3214.446199,0.995956,0.991058
3214.447588,0.997494,0.992604
3214.448976,0.993749,0.988895
3214.450365,0.993155,0.988321
3214.451754,0.998283,0.993442
3214.453143,0.976427,0.971711
3214.454532,1.007798,1.002949
3214.455921,0.994999,0.990232
3214.457309,1.022639,1.017760
3214.458698,0.997559,0.992821
3214.460087,0.981982,0.977340
3214.461476,1.013543,1.008774
3214.462865,1.010825,1.006092
3214.464254,0.991059,0.986442
3214.465642,1.023254,1.018511
3214.467031,1.017542,1.012850
3214.468420,1.002120,0.997525
3214.469809,1.041115,1.036368
3214.471198,0.997062,0.992542
3214.472587,1.008277,1.003733
3214.473976,0.966579,0.962250
3214.475364,1.012712,1.008205
3214.476753,0.989527,0.985151
3214.478142,0.997541,0.993159
3214.479531,0.998577,0.994220
3214.480920,0.982509,0.978252
3214.482309,0.994943,0.990663
3214.483697,0.995860,0.991608
3214.485086,1.005526,1.001265
3214.486475,1.030376,1.026043
3214.487864,1.033522,1.029210
3214.489253,1.000512,0.996371
3214.490642,1.015183,1.011017
3214.492030,1.001305,0.997231
3214.493419,0.990335,0.986341
3214.494808,1.000596,0.996597
3214.496197,0.993088,0.989155
3214.497586,0.992008,0.988117
3214.498975,1.004223,1.000322
3214.500364,1.005564,1.001697
3214.501752,1.019213,1.015333
3214.503141,1.023875,1.020017
3214.504530,1.011289,1.007520
3214.505919,0.997691,0.994013
3214.507308,0.995471,0.991842
3214.508697,0.995546,0.991959
3214.510085,0.999312,0.995754
3214.511474,1.006514,1.002974
3214.512863,1.019227,1.015687
3214.514252,0.991244,0.987845
3214.515641,1.025181,1.021713
3214.517030,0.992969,0.989654
3214.518418,0.986091,0.982845
3214.519807,0.993887,0.990662
3214.521196,0.991036,0.987866
3214.522585,1.007342,1.004169
3214.523974,1.022788,1.019615
3214.525363,0.998867,0.995818
3214.526752,0.992930,0.989948
3214.528140,1.005749,1.002780
3214.529529,0.991318,0.988442
3214.530918,1.007874,1.005001
3214.532307,1.027528,1.024653
3214.533696,1.005516,1.002755
3214.535085,1.007023,1.004312
3214.536473,1.004193,1.001543
3214.537862,0.987600,0.985047
3214.539251,0.996642,0.994121
3214.540640,1.015832,1.013319
3214.542029,0.986902,0.984516
3214.543418,1.015649,1.013251
3214.544806,1.014434,1.012097
3214.546195,1.000652,0.998405
3214.547584,0.988965,0.986801
3214.548973,1.002979,1.000844
3214.550362,1.005154,1.003074
3214.765632,1.008624,1.010289
3214.767021,0.986124,0.987661
3214.768410,0.972086,0.973513
3214.769799,0.997405,0.998777
3214.771188,1.000623,1.001909
3214.772577,1.004788,1.005989
3214.773965,0.996083,0.997184
3214.775354,1.010907,1.011934
3214.776743,1.008758,1.009693
3214.778132,0.998435,0.999271
3214.779521,1.007484,1.008239
3214.780910,0.988662,0.989316
3214.782298,0.995415,0.995987
3214.783687,0.995092,0.995578
3214.785076,1.012374,1.012780
3214.786465,1.020264,1.020585
3214.787854,1.003493,1.003723
3214.789243,1.020990,1.021137
3214.790631,1.001426,1.001485
3214.792020,0.986244,0.986219
3214.793409,1.015321,1.015210
3214.794798,0.991016,0.990825
3214.796187,0.970849,0.970581
3214.797576,1.000961,1.000602
3214.798965,0.982947,0.982514
3214.800353,0.995396,0.994875
3214.801742,0.993375,0.992775
3214.803131,1.003131,1.002443
3214.804520,1.013830,1.013053
3214.805909,1.034090,1.033215
3214.807298,0.986866,0.985952
3214.808686,0.989786,0.988791
3214.810075,1.002700,1.001613
3214.811464,1.006936,1.005765
3214.812853,0.991330,0.990100
3214.814242,0.976577,0.975289
3214.815631,1.022448,1.021021
3214.817019,0.979005,0.977563
3214.818408,0.985332,0.983805
3214.819797,1.013593,1.011945
3214.821186,1.003630,1.001922
3214.822575,0.990239,0.988480
3214.823964,0.991918,0.990082
3214.825352,0.967469,0.965606
3214.826741,1.030370,1.028309
3214.828130,0.991754,0.989698
3214.829519,1.008109,1.005945
3214.830908,1.005239,1.003008
3214.832297,1.000234,0.997942
3214.833686,0.991874,0.989530
3214.835074,1.012121,1.009657
3214.836463,1.015683,1.013138
3214.837852,1.006565,1.003972
3214.839241,1.006742,1.004078
3214.840630,1.006850,1.004116
3214.842019,0.986978,0.984229
3214.843407,1.023867,1.020945
3214.844796,1.010807,1.007852
3214.846185,1.020729,1.017676
3214.847574,1.014962,1.011858
3214.848963,0.992432,0.989329
3214.850352,1.010202,1.006976
3214.851740,0.987381,0.984162
3214.853129,0.978483,0.975228
3214.854518,1.014349,1.010909
3214.855907,0.979906,0.976519
3214.857296,1.019709,1.016118
3214.858685,1.015923,1.012280
3214.860074,1.008589,1.004908
3214.861462,0.988443,0.984772
3214.862851,0.998008,0.994239
3214.864240,1.011217,1.007334
3214.865629,0.998324,0.994428
3214.867018,1.018322,1.014286
3214.868407,1.011924,1.007851
3214.869795,0.990597,0.986549
3214.871184,1.021151,1.016916
3214.872573,1.007349,1.003111
3214.873962,1.010231,1.005919
3214.875351,1.009300,1.004933
3214.876740,1.004384,0.999978
3214.878128,0.990035,0.985634
3214.879517,1.002438,0.997924
3214.880906,0.999228,0.994671
3214.882295,1.028083,1.023335
3214.883684,0.984679,0.980075
3214.885073,1.012031,1.007242
3214.886462,1.006370,1.001552
3214.887850,1.014659,1.009744
3214.889239,1.020229,1.015230
3214.890628,0.993988,0.989063
3214.892017,1.011981,1.006912
3214.893406,1.016588,1.011441
3214.894795,0.997785,0.992680
3214.896183,0.990705,0.985583
3214.897572,0.997548,0.992338
3214.898961,0.992674,0.987436
3214.900350,1.017115,1.011696
3214.901739,0.996328,0.990968
3214.903128,1.031297,1.025696
3214.904516,0.986312,0.980905
3214.905905,0.998433,0.992909
3214.907294,0.997615,0.992046
3214.908683,0.992876,0.987284
3214.910072,1.017724,1.011942
3214.911461,1.010682,1.004891
3214.912849,1.002132,0.996341
3214.914238,1.025953,1.019975
3214.915627,1.023437,1.017424
3214.917016,0.998284,0.992372
3214.918405,1.014918,1.008861
3214.919794,1.009244,1.003173
3214.921183,1.010174,1.004051
3214.922571,1.002529,0.996407
3214.923960,1.014813,1.008570
3214.925349,1.020983,1.014656
3214.926738,0.986614,0.980456
3214.928127,0.995724,0.989466
3214.929516,1.019162,1.012712
3214.930904,1.014104,1.007642
3214.932293,1.008140,1.001673
3214.933682,0.996393,0.989917
3214.935071,1.002160,0.995708
3214.936460,1.006778,1.000398
3214.937849,1.017016,1.010462
3214.939237,0.986394,0.979899
3214.940626,1.001126,0.994602
3214.942015,0.989359,0.982862
3214.943404,0.995001,0.988387
3214.944793,1.014786,1.007888
3214.946182,0.995101,0.988380
3214.947571,0.999503,0.992603
3214.948959,1.000964,0.994079
3214.950348,1.021599,1.014493
3214.951737,1.018376,1.011168
3214.953126,1.004038,0.996751
3214.954515,1.000675,0.993279
3214.955904,1.026274,1.018644
3214.957292,1.023648,1.015732
3214.958681,0.994391,0.986652
3214.960070,1.006340,0.998571
3214.961459,0.987428,0.979774
3214.962848,1.013099,1.005300
3214.964237,0.980734,0.973323
3214.965625,1.007749,1.000061
3214.967014,1.020049,1.012319
3214.968403,1.017910,1.010221
3214.969792,0.992386,0.984769
3214.971181,1.005660,0.997885
3214.972570,0.979026,0.971397
3214.973958,1.042078,1.033754
3214.975347,1.001156,0.993079
3214.976736,1.028947,1.020663
3214.978125,1.003069,0.994995
3214.979514,1.008191,0.999988
3214.980903,1.022846,1.014600
3214.982292,1.008966,1.000964
3214.983680,1.011748,1.003720
3214.985069,1.015448,1.007477
3214.986458,1.000944,0.993199
3214.987847,0.991267,0.983532
3214.989236,0.983537,0.975824
3214.990625,1.002650,0.994834
3214.992013,1.026835,1.018836
3214.993402,1.009398,1.001733
3214.994791,1.008962,1.001273
3214.996180,0.997094,0.989625
3214.997569,0.998280,0.990698
3214.998958,1.009224,1.001634
3215.000346,1.004508,0.996931
3215.001735,0.996920,0.989413
3215.003124,1.011619,1.003907
3215.004513,1.019617,1.011560
3215.005902,1.003797,0.995858
3215.007291,0.996379,0.988514
3215.008680,0.994391,0.986488
3215.010068,1.015145,1.007121
3215.011457,1.007677,0.999624
3215.012846,1.014124,1.005991
3215.014235,1.050628,1.042130
3215.015624,0.995333,0.987213
3215.017013,1.034897,1.026376
3215.018401,1.012473,1.004418
3215.019790,1.003198,0.995134
3215.021179,0.997239,0.989456
3215.022568,1.025587,1.017759
3215.023957,1.033448,1.025614
3215.025346,1.002480,0.994967
3215.026734,1.015039,1.007300
3215.028123,1.015372,1.007461
3215.029512,1.015269,1.007174
3215.030901,1.015584,1.007410
3215.032290,0.998208,0.990213
3215.033679,1.012016,1.003891
3215.035067,1.015152,1.007038
3215.036456,1.023586,1.015241
3215.037845,1.003772,0.995529
3215.039234,0.986931,0.979091
3215.040623,0.997410,0.989550
3215.042012,0.990281,0.982506
3215.043401,1.013104,1.005230
3215.044789,1.004025,0.996355
3215.046178,0.998118,0.990429
3215.047567,0.994438,0.986846
3215.048956,1.026103,1.018221
3215.050345,0.992132,0.984484
3215.051734,1.005841,0.997962
3215.053122,1.023938,1.015973
3215.054511,1.008448,1.000416
3215.055900,1.018401,1.010315
3215.057289,0.980987,0.973167
3215.058678,1.005631,0.997497
3215.060067,1.021557,1.013392
3215.061455,1.017180,1.009025
3215.062844,0.994623,0.986722
3215.064233,0.999598,0.991678
3215.065622,1.001624,0.993868
3215.067011,0.999926,0.992231
3215.068400,1.028611,1.020863
3215.069788,1.021218,1.013558
3215.071177,1.004300,0.996834
3215.072566,0.998971,0.991424
3215.073955,0.999918,0.992485
3215.075344,1.015673,1.008285
3215.076733,1.017361,1.009968
3215.078122,1.021845,1.014365
3215.079510,1.007596,1.000251
3215.080899,1.007329,0.999901
3215.082288,0.994931,0.987679
3215.083677,1.025826,1.018241
3215.085066,1.018294,1.010754
3215.086455,1.023083,1.015545
3215.087843,1.001245,0.993818
3215.089232,0.999822,0.992364
3215.090621,0.997438,0.989830
3215.092010,1.019690,1.011929
3215.093399,1.024520,1.016733
3215.094788,0.981092,0.973431
3215.096176,0.997469,0.989794
3215.097565,1.025007,1.017130
3215.098954,1.005234,0.997378
3215.100343,1.016574,1.008647
3215.101732,1.012320,1.004415
3215.103121,1.013708,1.005732
3215.104510,1.004965,0.997104
3215.105898,0.995622,0.987947
3215.107287,0.992423,0.984857
3215.108676,1.030829,1.023209
3215.110065,1.003035,0.995747
3215.111454,1.012950,1.005861
3215.112843,0.999708,0.992778
3215.114231,1.020942,1.013710
3215.115620,0.998751,0.991694
3215.117009,1.007862,1.000845
3215.118398,0.997177,0.990095
3215.119787,0.988585,0.981736
3215.121176,0.995814,0.988821
3215.122564,1.011734,1.004678
3215.123953,1.010087,1.002999
3215.125342,0.985901,0.979036
3215.126731,1.006730,0.999403
3215.128120,1.009384,1.002199
3215.129509,1.023613,1.016311
3215.130897,1.013373,1.006457
3215.132286,1.006929,1.000140
3215.133675,1.001177,0.994733
3215.135064,1.002230,0.995842
3215.136453,1.009930,1.003559
3215.137842,0.983254,0.977024
3215.139231,1.002786,0.996597
3215.140619,1.012791,1.006499
3215.142008,1.012077,1.005913
3215.143397,0.983651,0.977623
3215.144786,1.001087,0.994890
3215.146175,1.011045,1.004586
3215.147564,1.000897,0.994497
3215.148952,1.011362,1.004855
3215.150341,1.004774,0.998312
3215.151730,1.029010,1.022459
3215.153119,0.999971,0.993635
3215.154508,1.010030,1.003577
3215.155897,1.008864,1.002425
3215.157285,1.003385,0.997063
3215.158674,1.003524,0.997403
3215.160063,0.997597,0.991448
3215.161452,1.002698,0.996478
3215.162841,1.029394,1.023121
3215.164230,1.017355,1.011309
3215.165618,0.995090,0.989224
3215.167007,1.021472,1.015555
3215.168396,1.000739,0.995143
3215.169785,0.997267,0.991575
3215.171174,0.999730,0.994126
3215.172563,0.972432,0.967124
3215.173952,1.007122,1.001560
3215.175340,1.011322,1.005707
3215.176729,0.999718,0.994090
3215.178118,0.995136,0.989656
3215.179507,1.010608,1.005028
3215.180896,1.007547,1.002131
3215.182285,0.999912,0.994511
3215.183673,1.004664,0.999433
3215.185062,1.040320,1.034846
3215.186451,0.999556,0.994202
3215.187840,1.028512,1.022879
3215.189229,1.008927,1.003544
3215.190618,1.025299,1.019713
3215.192006,0.996017,0.990390
3215.193395,1.000135,0.994755
3215.194784,0.990097,0.984841
3215.196173,0.979736,0.974451
3215.197562,0.975522,0.970286
3215.198951,1.002241,0.996986
3215.200339,1.005916,1.000685
3215.201728,1.001684,0.996450
3215.203117,0.989733,0.984512
3215.204506,0.999195,0.993928
3215.205895,1.031723,1.026278
3215.207284,1.029699,1.024449
3215.208673,1.011221,1.006073
3215.210061,1.022898,1.017774
3215.211450,1.031594,1.026588
3215.212839,0.994837,0.989985
3215.214228,1.001519,0.996735
3215.215617,0.994093,0.989561
3215.217006,0.993487,0.988926
3215.218394,1.006375,1.001955
3215.219783,0.991709,0.987378
3215.221172,0.978879,0.974556
3215.222561,1.007030,1.002514
3215.223950,1.006223,1.001813
3215.225339,0.998203,0.994144
3215.226727,1.006473,1.002367
3215.228116,1.004815,1.000762
3215.229505,1.026075,1.022033
3215.230894,0.998987,0.995231
3215.232283,1.017185,1.013481
3215.233672,1.002301,0.998814
3215.235060,1.015842,1.012418
3215.236449,1.019110,1.015547
3215.237838,1.004346,1.000679
3215.239227,1.009270,1.005852
3215.240616,1.003423,1.000180
3215.242005,1.021701,1.018537
3215.243394,0.995560,0.992651
3215.244782,0.979810,0.976792
3215.246171,1.018073,1.014813
3215.247560,0.992451,0.989380
3215.248949,1.011241,1.008313
3215.250338,1.004369,1.001518
3215.251727,1.018186,1.015180
3215.253115,1.001299,0.998387
3215.254504,1.003538,1.000478
3215.255893,0.999105,0.996257
3215.257282,0.978819,0.976102
3215.258671,1.000781,0.998133
3215.260060,1.011992,1.009152
3215.261448,0.982683,0.979779
3215.262837,1.000225,0.997413
3215.264226,0.991348,0.988570
3215.265615,0.991116,0.988205
3215.267004,1.010525,1.007798
3215.268393,1.000079,0.997313
3215.269781,0.979382,0.976535
3215.271170,1.001788,0.998819
3215.272559,1.017327,1.014367
3215.273948,1.023757,1.020677
3215.275337,1.017400,1.014378
3215.276726,1.014940,1.011780
3215.278115,1.026422,1.023256
3215.279503,0.998821,0.995777
3215.280892,0.982235,0.979365
3215.282281,0.989486,0.986585
3215.283670,1.007049,1.004193
3215.285059,0.967931,0.965128
3215.286448,1.039615,1.036679
3215.287836,0.993906,0.991137
3215.289225,1.002642,0.999891
3215.290614,0.983505,0.980853
3215.292003,1.025272,1.022426
3215.293392,0.963011,0.960431
3215.294781,1.010137,1.007462
3215.296169,0.993446,0.990825
3215.297558,1.026981,1.024282
3215.298947,1.016140,1.013368
3215.300336,1.020475,1.017563
3215.301725,1.007601,1.004725
3215.303114,1.021040,1.018159
3215.304502,1.004403,1.001527
3215.305891,1.010244,1.007624
3215.307280,0.989540,0.987080
3215.308669,0.988226,0.985763
3215.310058,1.025554,1.022975
3215.311447,0.980953,0.978714
3215.312836,0.948845,0.946735
3215.314224,0.986292,0.984156
3215.315613,0.991302,0.989246
3215.317002,0.990395,0.988653
3215.318391,1.012042,1.010377
3215.319780,1.009027,1.007597
3215.321169,1.006378,1.004839
3215.322557,0.996753,0.995286
3215.323946,0.991405,0.990014
3215.325335,0.993175,0.991851
3215.326724,1.003863,1.002694
3215.328113,0.978630,0.977775
3215.329502,1.006644,1.005663
3215.330890,1.014261,1.013328
3215.332279,1.021123,1.020089
3215.333668,0.992618,0.991548
3215.335057,1.001869,1.000777
3215.336446,1.029191,1.028004
3215.337835,0.972790,0.971799
3215.339223,0.999810,0.998681
3215.340612,1.021785,1.020752
3215.342001,0.996250,0.995464
3215.343390,0.985522,0.984776
3215.344779,0.968991,0.968226
3215.346168,0.998338,0.997559
3215.347557,0.996393,0.995713
3215.348945,1.015234,1.014580
3215.350334,0.994015,0.993302
3215.351723,1.010876,1.010261
3215.353112,1.010558,1.009965
3215.354501,0.982081,0.981403
3215.355890,0.967487,0.966795
3215.357278,1.003174,1.002445
3215.358667,0.990138,0.989480
3215.360056,0.983746,0.982945
3215.361445,1.030189,1.029557
3215.362834,1.011297,1.010763
3215.364223,0.986319,0.985884
3215.365611,1.004620,1.004361
3215.367000,1.021294,1.021256
3215.368389,0.991196,0.991341
3215.369778,0.993536,0.993901
3215.371167,0.992349,0.992936
3215.372556,1.010128,1.010752
3215.373944,0.988737,0.989468
3215.375333,1.001324,1.001981
3215.376722,0.983056,0.983758
3215.378111,0.986537,0.987134
3215.379500,1.021619,1.022126
3215.380889,0.983278,0.983708
3215.382278,0.996739,0.997351
3215.383666,1.011824,1.012466
3215.385055,1.003649,1.004338
3215.386444,1.007213,1.008086
3215.387833,0.992287,0.993355
3215.389222,0.998380,0.999554
3215.390611,0.979886,0.981256
3215.391999,1.017552,1.019034
3215.393388,1.015247,1.016790
3215.394777,0.985862,0.987426
3215.396166,1.011582,1.013173
3215.397555,1.016003,1.017629
3215.398944,1.007996,1.009503
3215.400332,1.002444,1.003926
3215.401721,1.011785,1.013095
3215.403110,1.001298,1.002553
3215.404499,0.992279,0.993455
3215.405888,0.980305,0.981413
3215.407277,1.031771,1.033088
3215.408665,1.009091,1.010338
3215.410054,1.006976,1.008245
3215.411443,1.029973,1.031167
3215.412832,0.978360,0.979591
3215.414221,0.988594,0.989912
3215.415610,1.011605,1.012909
3215.416999,1.027129,1.028589
3215.418387,0.991710,0.993074
3215.419776,0.994981,0.996412
3215.421165,1.013648,1.014997
3215.422554,0.989238,0.990612
3215.423943,1.022833,1.024245
3215.425332,1.001471,1.002689
3215.426720,1.008150,1.009456
3215.428109,0.983277,0.984600
3215.429498,0.989879,0.991069
3215.430887,0.993445,0.994620
3215.432276,0.986665,0.987839
3215.433665,0.991021,0.992194
3215.435053,1.032327,1.033529
3215.436442,0.994866,0.995888
3215.437831,0.978501,0.979524
3215.439220,0.993332,0.994435
3215.440609,1.002608,1.003638
3215.441998,0.967563,0.968432
3215.443386,0.985197,0.985868
3215.444775,0.994010,0.994546
3215.446164,0.994375,0.994773
3215.447553,1.005673,1.005981
3215.448942,1.007278,1.007584
3215.450331,1.006746,1.007086
3215.451720,1.002355,1.002716
3215.453108,0.985815,0.986093
3215.454497,0.995973,0.996625
3215.455886,0.981049,0.981415
3215.457275,0.987836,0.988298
3215.458664,1.004231,1.004713
3215.460053,0.982070,0.982703
3215.461441,0.985548,0.986122
3215.462830,0.994804,0.995767
3215.464219,0.994146,0.995170
3215.465608,1.009123,1.010350
3215.466997,0.981276,0.982445
3215.468386,0.970150,0.971229
3215.469774,0.983446,0.984439
3215.471163,0.989352,0.990406
3215.472552,0.984639,0.985444
3215.473941,1.007863,1.008788
3215.475330,1.000919,1.001665
3215.476719,0.992543,0.993191
3215.478107,0.989310,0.990026
3215.479496,1.001705,1.002283
3215.480885,0.999934,1.000645
3215.482274,1.006133,1.007057
3215.483663,1.033106,1.034049
3215.485052,1.011900,1.012829
3215.486440,1.024873,1.025663
3215.487829,0.995220,0.995898
3215.489218,0.993872,0.994450
3215.490607,1.005601,1.006315
3215.491996,1.005371,1.006129
3215.493385,1.016299,1.017152
3215.494774,1.037094,1.037952
3215.496162,0.968237,0.969055
3215.497551,0.997438,0.998432
3215.498940,1.000938,1.001807
3215.500329,0.994185,0.995087
3215.501718,0.979973,0.980941
3215.503107,0.997982,0.998932
3215.504495,1.009681,1.010353
3215.505884,0.966123,0.966851
3215.507273,1.004555,1.005215
3215.508662,0.993229,0.993826
3215.510051,0.996597,0.997143
3215.511440,0.990500,0.991206
3215.512828,0.985389,0.986300
3215.514217,0.994199,0.995268
3215.515606,1.000133,1.001205
3215.516995,0.979073,0.980121
3215.518384,1.000367,1.001659
3215.519773,0.990813,0.992135
3215.521161,1.007426,1.008649
3215.522550,0.979556,0.980953
3215.523939,1.011193,1.012859
3215.525328,1.004451,1.006024
3215.526717,0.987279,0.988830
3215.528106,1.014832,1.016537
3215.529495,1.000595,1.002157
3215.530883,0.990362,0.991844
3215.532272,0.994458,0.995970
3215.533661,0.995153,0.996651
3215.535050,1.015585,1.016909
3215.536439,1.026361,1.027767
3215.537828,1.023707,1.025188
3215.539216,0.979819,0.981291
3215.540605,1.003892,1.005217
3215.541994,1.004405,1.005693
3215.543383,1.027045,1.028427
3215.544772,0.982550,0.983907
3215.546161,0.994485,0.995915
3215.547549,1.012567,1.013874
3215.548938,1.014508,1.015991
3215.550327,0.996424,0.997769
3215.551716,0.993761,0.995071
3215.553105,1.013421,1.014679
3215.554494,1.031967,1.033267
3215.555882,1.000423,1.001819
3215.557271,1.006396,1.007781
3215.558660,1.008495,1.009968
3215.560049,1.009108,1.010524
3215.561438,1.001895,1.003274
3215.562827,0.997195,0.998608
3215.564216,1.002292,1.003683
3215.565604,1.003049,1.004389
3215.566993,0.990514,0.991716
3215.568382,0.981578,0.982856
3215.569771,0.989346,0.990594
3215.571160,0.998712,0.999858
3215.572549,1.004761,1.006095
3215.573937,1.023427,1.024855
3215.575326,0.999046,1.000282
3215.576715,1.004079,1.005271
3215.578104,1.002765,1.004030
3215.579493,1.009420,1.010512
3215.580882,0.989099,0.990288
3215.582270,1.008180,1.009363
3215.583659,1.011496,1.012648
3215.585048,1.002111,1.003110
3215.586437,1.013249,1.014448
3215.587826,1.000529,1.001750
3215.589215,1.010771,1.011951
3215.590603,1.002599,1.003798
3215.591992,0.972976,0.973968
3215.593381,0.990292,0.991346
3215.594770,1.007065,1.007968
3215.596159,0.987644,0.988472
3215.597548,0.977181,0.978040
3215.598936,0.998106,0.998874
3215.600325,0.986616,0.987393
3215.601714,0.983394,0.984127
3215.603103,0.983212,0.983675
3215.604492,0.997445,0.998016
3215.605881,0.983328,0.983998
3215.607270,0.981142,0.981838
3215.608658,0.988924,0.989602
3215.610047,0.981504,0.982456
3215.611436,0.987462,0.988425
3215.612825,0.985720,0.986598
3215.614214,1.004974,1.005829
3215.615603,0.992864,0.993750
3215.616991,0.981012,0.981750
3215.618380,0.985439,0.985937
3215.619769,0.986072,0.986613
3215.621158,1.018900,1.019436
3215.622547,0.986139,0.986642
3215.623936,1.001218,1.001946
3215.625324,0.996687,0.997388
3215.626713,1.001850,1.002393
3215.628102,1.007632,1.008298
3215.629491,1.017372,1.018039
3215.630880,1.012988,1.013584
3215.632269,1.016643,1.017229
3215.633657,1.017963,1.018439
3215.635046,0.999455,1.000234
3215.636435,1.000960,1.001923
3215.637824,1.014384,1.015513
3215.639213,0.979602,0.980811
3215.640602,1.019579,1.021021
3215.641990,0.981888,0.983205
3215.643379,0.973357,0.974590
3215.644768,0.997172,0.998494
3215.646157,0.999883,1.001284
3215.647546,1.000617,1.002042
3215.648935,1.017449,1.019013
3215.650324,0.987979,0.989528
3215.651712,0.988069,0.989256
3215.653101,0.984825,0.985980
3215.654490,0.991119,0.992178
3215.655879,0.986768,0.987865
3215.657268,1.014029,1.015185
3215.658657,0.995103,0.996108
3215.660045,1.003195,1.004056
3215.661434,0.998336,0.998899
3215.662823,0.977108,0.977464
3215.664212,1.026518,1.027034
3215.665601,0.990064,0.990381
3215.666990,1.024890,1.025206
3215.668378,1.004068,1.004424
3215.669767,0.994671,0.995255
3215.671156,0.981935,0.982531
3215.672545,0.984879,0.985332
3215.673934,0.981482,0.982153
3215.675323,1.010172,1.010735
3215.676711,0.985568,0.986100
3215.678100,1.009539,1.010176
3215.679489,0.999533,1.000278
3215.680878,1.019285,1.020224
3215.682267,0.992683,0.993429
3215.683656,1.012162,1.012799
3215.685045,1.027863,1.028579
3215.686433,1.017353,1.017954
3215.687822,0.991429,0.992202
3215.689211,1.016504,1.017155
3215.690600,1.002530,1.003411
3215.691989,0.989188,0.990093
3215.693378,0.989662,0.990480
3215.694766,0.998993,0.999877
3215.696155,1.009518,1.010167
3215.697544,1.000282,1.000978
3215.698933,0.989646,0.990484
3215.700322,1.001099,1.001926
3215.701711,0.988643,0.989466
3215.703099,1.001281,1.002204
3215.704488,1.005290,1.006222
3215.705877,1.000484,1.001280
3215.707266,0.980056,0.981130
3215.708655,0.981155,0.982198
3215.710044,1.009554,1.010685
3215.711432,0.986480,0.987529
3215.712821,0.992282,0.993491
3215.714210,0.994716,0.996076
3215.715599,1.007732,1.009010
3215.716988,0.974992,0.975995
3215.718377,1.002921,1.004028
3215.719765,0.987464,0.988595
3215.721154,1.006731,1.007627
3215.722543,1.010988,1.011696
3215.723932,0.992279,0.992980
3215.725321,0.989724,0.990340
3215.726710,1.004403,1.005061
3215.728099,1.008003,1.008534
3215.729487,0.989676,0.990226
3215.730876,1.004051,1.004597
3215.732265,1.005804,1.006343
3215.733654,0.986804,0.987384
3215.735043,1.015489,1.016223
3215.736432,1.004859,1.005857
3215.737820,0.982926,0.983712
3215.739209,1.021054,1.021739
3215.740598,0.990742,0.991427
3215.741987,1.006495,1.007102
3215.743376,1.002139,1.002595
3215.744765,1.020920,1.021361
3215.746153,1.004672,1.005124
3215.747542,1.001546,1.001936
3215.748931,0.986968,0.987353
3215.750320,1.009112,1.009455
3215.751709,1.008734,1.008827
3215.753098,1.027126,1.027163
3215.754486,1.007264,1.007080
3215.755875,1.011855,1.011644
3215.757264,1.001059,1.000815
3215.758653,1.002253,1.002177
3215.760042,1.017267,1.017232
3215.761431,0.990624,0.990648
3215.762819,0.982375,0.982436
3215.764208,1.004113,1.004166
3215.765597,0.983096,0.983259
3215.766986,0.996214,0.996140
3215.768375,0.990142,0.990149
3215.769764,0.994477,0.994530
3215.771153,1.018355,1.018505
3215.772541,1.003013,1.003119
3215.773930,1.004449,1.004588
3215.775319,1.005973,1.006106
3215.776708,1.020022,1.020351
3215.778097,0.992486,0.992935
3215.779486,0.985892,0.986307
3215.780874,0.992924,0.993410
3215.782263,1.017857,1.018267
3215.783652,0.990560,0.991012
3215.785041,0.972370,0.972892
3215.786430,1.014777,1.015519
3215.787819,0.987414,0.988268
3215.789207,0.998107,0.998805
3215.790596,1.020539,1.021350
3215.791985,0.988219,0.989005
3215.793374,0.982033,0.982800
3215.794763,1.004250,1.004948
3215.796152,0.986901,0.987583
3215.797540,0.985403,0.986030
3215.798929,0.992881,0.993255
3215.800318,0.992421,0.992686
3215.801707,1.032255,1.032386
3215.803096,1.000232,1.000398
3215.804485,1.007522,1.007721
3215.805873,1.008500,1.008525
3215.807262,1.013255,1.013327
3215.808651,0.996115,0.996153
3215.810040,0.988670,0.988693
3215.811429,1.001205,1.001204
3215.812818,1.000518,1.000640
3215.814207,1.004462,1.004557
3215.815595,1.017517,1.017635
3215.816984,1.011381,1.011262
3215.818373,0.975209,0.975252
3215.819762,1.008879,1.008990
3215.821151,1.010882,1.011037
3215.822540,1.005592,1.005812
3215.823928,1.001874,1.002115
3215.825317,0.987875,0.988055
3215.826706,1.043443,1.043616
3215.828095,0.984172,0.984320
3215.829484,0.971595,0.971512
3215.830873,1.008384,1.008139
3215.832261,0.994083,0.993811
3215.833650,0.970207,0.969796
3215.835039,1.000737,1.000329
3215.836428,1.003294,1.002571
3215.837817,1.018865,1.018059
3215.839206,1.002803,1.002046
3215.840594,0.988051,0.987411
3215.841983,1.003057,1.002551
3215.843372,0.984691,0.984192
3215.844761,0.990247,0.989596
3215.846150,1.010901,1.010273
3215.847539,1.008802,1.008059
3215.848927,1.013292,1.012450
3215.850316,0.966171,0.965165
3215.851705,0.978377,0.977424
3215.853094,0.986646,0.985505
3215.854483,0.979003,0.977645
3215.855872,1.016792,1.015279
3215.857261,0.980584,0.979135
3215.858649,1.012891,1.011198
3215.860038,1.012468,1.010591
3215.861427,0.986023,0.984275
3215.862816,0.992011,0.990038
3215.864205,0.970588,0.968469
3215.865594,1.003403,1.000985
3215.866982,1.009281,1.006673
3215.868371,0.985359,0.982754
3215.869760,0.989692,0.986946
3215.871149,1.024083,1.021345
3215.872538,1.023261,1.020406
3215.873927,1.000185,0.997288
3215.875315,1.026401,1.023301
3215.876704,0.997278,0.994226
3215.878093,1.012502,1.009293
3215.879482,1.018211,1.014874
3215.880871,1.008674,1.005378
3215.882260,1.019643,1.016421
3215.883648,0.998742,0.995420
3215.885037,0.977975,0.974657
3215.886426,1.010528,1.007097
3215.887815,1.002723,0.999094
3215.889204,0.974401,0.970990
3215.890593,1.004100,1.000567
3215.891981,1.004848,1.001184
3215.893370,0.996466,0.992819
3215.894759,1.018324,1.014471
3215.896148,0.993466,0.989661
3215.897537,1.012043,1.008123
3215.898926,1.000962,0.997095
3215.900315,1.007114,1.003080
3215.901703,1.018291,1.014174
3215.903092,1.019525,1.015541
3215.904481,1.032875,1.028757
3215.905870,0.965862,0.962074
3215.907259,0.984289,0.980533
3215.908648,1.014418,1.010383
3215.910036,1.016843,1.012815
3215.911425,0.983483,0.979511
3215.912814,1.008306,1.004423
3215.914203,1.014449,1.010466
3215.915592,1.047732,1.043646
3215.916981,1.009355,1.005445
3215.918369,0.999030,0.995106
3215.919758,1.009814,1.005924
3215.921147,0.982143,0.978216
3215.922536,1.003226,0.999169
3215.923925,0.988459,0.984237
3215.925314,1.061817,1.057263
3215.926702,1.047126,1.042616
3215.928091,1.007101,1.002745
3215.929480,1.016833,1.012312
3215.930869,1.042582,1.038047
3215.932258,0.992993,0.988663
3215.933647,1.012589,1.008062
3215.935035,1.026519,1.021874
3215.936424,1.000264,0.995736
3215.937813,1.008761,1.004097
3215.939202,0.972208,0.967866
3215.940591,1.011673,1.007320
3215.941980,1.002536,0.998300
3215.943368,1.009556,1.005401
3215.944757,1.001799,0.997448
3215.946146,0.999266,0.994896
3215.947535,0.989731,0.985360
3215.948924,1.029185,1.024680
3215.950313,1.011914,1.007355
3215.951702,0.991515,0.987108
3215.953090,1.005089,1.000644
3215.954479,0.999385,0.995036
3215.955868,1.009610,1.005168
3215.957257,1.002012,0.997468
3215.958646,1.024481,1.019939
3215.960035,1.015632,1.011175
3215.961423,1.000683,0.996405
3215.962812,1.009855,1.005462
3215.964201,1.010089,1.005566
3215.965590,1.003125,0.998666
3215.966979,0.996795,0.992387
3215.968368,1.016178,1.011785
3215.969756,1.018747,1.014383
3215.971145,0.982098,0.977965
3215.972534,1.010256,1.006040
3215.973923,1.007494,1.003384
3215.975312,1.018655,1.014230
3215.976701,1.019874,1.015353
3215.978089,1.001042,0.996555
3215.979478,1.001261,0.996899
3215.980867,1.029174,1.024663
3215.982256,0.994521,0.990350
3215.983645,0.983176,0.979199
3215.985034,1.030286,1.026198
3215.986422,1.009510,1.005433
3215.987811,1.018370,1.014319
3215.989200,0.994875,0.990859
3215.990589,1.029293,1.025010
3215.991978,1.014621,1.010501
3215.993367,1.007087,1.002977
3215.994756,1.017044,1.012860
3215.996144,1.005314,1.001033
3215.997533,1.020396,1.016075
3215.998922,1.006171,1.001915
3216.000311,0.980962,0.976865
3216.001700,0.987981,0.984155
3216.003089,0.985947,0.982109
3216.004477,1.016032,1.012018
3216.005866,1.007129,1.003436
3216.007255,0.988904,0.985316
3216.008644,1.007487,1.003892
3216.010033,1.015522,1.011807
3216.011422,1.014302,1.010716
3216.012810,1.022938,1.019260
3216.014199,0.995633,0.992037
3216.015588,1.000016,0.996512
3216.016977,1.005170,1.001815
3216.018366,1.004948,1.001562
3216.019755,0.998171,0.994769
3216.021143,0.999586,0.996157
3216.022532,1.018010,1.014855
3216.023921,0.997533,0.994545
3216.025310,1.006016,1.003119
3216.026699,1.017944,1.015119
3216.028088,1.010380,1.007348
3216.029476,1.002883,1.000093
3216.030865,0.990769,0.988037
3216.032254,1.019677,1.016913
3216.033643,0.971641,0.969230
3216.035032,0.982974,0.980562
3216.036421,0.987725,0.985591
3216.037809,0.986535,0.984353
3216.039198,0.993291,0.991097
3216.040587,0.992936,0.990968
3216.041976,1.017645,1.015676
3216.043365,0.994981,0.993083
3216.044754,1.000687,0.998580
3216.046143,0.992626,0.990489
3216.047531,0.984715,0.982495
3216.048920,0.973214,0.971004
3216.050309,1.000398,0.998219
3216.051698,0.996361,0.994122
3216.053087,1.017507,1.015317
3216.054476,0.975111,0.973009
3216.055864,1.003894,1.001738
3216.057253,0.980396,0.978510
3216.058642,0.970962,0.969105
3216.060031,1.010215,1.008313
3216.061420,1.007359,1.005807
3216.062809,0.994201,0.992679
3216.064197,0.993530,0.992070
3216.065586,0.972154,0.970844
3216.066975,0.998096,0.996676
3216.068364,1.002723,1.001477
3216.069753,0.992397,0.991055
3216.071142,0.981533,0.980295
3216.072530,0.999791,0.998565
3216.073919,1.008589,1.007396
3216.075308,1.002788,1.001600
3216.076697,1.016199,1.015025
3216.078086,1.000796,1.000005
3216.079475,0.995657,0.995046
3216.080863,0.993779,0.993122
3216.082252,0.993986,0.993267
3216.083641,1.033227,1.032710
3216.085030,1.010595,1.010144
3216.086419,1.016007,1.015494
3216.087808,0.995816,0.995184
3216.089196,1.001860,1.001369
3216.090585,0.987740,0.987290
3216.091974,1.003485,1.003202
3216.093363,0.993004,0.992922
3216.094752,1.001805,1.001995
3216.096141,0.995652,0.995851
3216.097530,1.020525,1.020558
3216.098918,1.004910,1.004818
3216.100307,1.004268,1.004351
3216.101696,0.986689,0.986936
3216.103085,0.985347,0.985366
3216.104474,0.991025,0.991131
3216.105863,1.010958,1.011049
3216.107251,1.024963,1.025319
3216.108640,1.005366,1.005653
3216.110029,1.014701,1.015177
3216.111418,0.984301,0.984734
3216.112807,1.000663,1.001223
3216.114196,1.000031,1.000822
3216.115584,1.015536,1.016505
3216.116973,1.003027,1.003770
3216.118362,1.006519,1.007163
3216.119751,0.992907,0.993703
3216.121140,1.007440,1.008176
3216.122529,1.013609,1.014551
3216.123917,0.971959,0.972852
3216.125306,0.990354,0.991356
3216.126695,1.023557,1.024474
3216.128084,1.007585,1.008412
3216.129473,0.987554,0.988337
3216.130862,1.001181,1.001858
3216.132250,0.994803,0.995485
3216.133639,0.985983,0.986744
3216.135028,1.020073,1.020712
3216.136417,0.993293,0.993834
3216.137806,0.996408,0.996712
3216.139195,0.996762,0.997102
3216.140583,1.005150,1.005395
3216.141972,0.987424,0.987699
3216.143361,0.983557,0.983734
3216.144750,0.997093,0.997051
3216.146139,1.026934,1.026807
3216.147528,1.008037,1.008039
3216.148917,1.026600,1.026507
3216.150305,1.012981,1.012960
3216.151694,1.014162,1.014346
3216.153083,0.989558,0.989532
3216.154472,1.014753,1.014650
3216.155861,1.009205,1.009044
3216.157250,0.992752,0.992548
3216.158638,0.992562,0.992075
3216.160027,1.005928,1.005312
3216.161416,1.006496,1.005939
3216.162805,0.983007,0.982543
3216.164194,1.006403,1.005774
3216.165583,0.988760,0.987944
3216.166971,0.991911,0.990997
3216.168360,1.018919,1.018074
3216.169749,1.003197,1.002423
3216.171138,0.982306,0.981557
3216.172527,1.012786,1.011841
3216.173916,1.003086,1.001909
3216.175304,1.009309,1.008261
3216.176693,1.001059,0.999907
3216.178082,1.020227,1.018805
3216.179471,0.975425,0.974003
3216.180860,0.996433,0.994760
3216.182249,0.997747,0.995923
3216.183637,1.011928,1.010033
3216.185026,1.001098,0.999290
3216.186415,0.997827,0.995851
3216.187804,1.005211,1.003312
3216.189193,1.015288,1.013477
3216.190582,0.989377,0.987408
3216.191970,0.998281,0.996285
3216.193359,0.987751,0.985777
3216.194748,0.971072,0.968937
3216.196137,1.005810,1.003449
3216.197526,1.006637,1.004258
3216.198915,1.010644,1.008218
3216.200304,1.013714,1.011163
3216.201692,0.986726,0.984507
3216.203081,1.006798,1.004557
3216.204470,0.983331,0.981127
3216.205859,0.997381,0.995108
3216.207248,1.009487,1.007163
3216.208637,0.983955,0.981854
3216.210025,1.015202,1.012926
3216.211414,0.978654,0.976463
3216.212803,0.979537,0.977442
3216.214192,0.996516,0.994416
3216.215581,0.981088,0.979007
3216.216970,1.013915,1.011908
3216.218358,0.993981,0.992028
3216.219747,1.011621,1.009619
3216.221136,1.007451,1.005293
3216.222525,0.988496,0.986343
3216.223914,1.001820,0.999699
3216.225303,0.999479,0.997426
3216.226691,0.994857,0.993122
3216.228080,1.016299,1.014539
3216.229469,0.992102,0.990325
3216.230858,1.000985,0.999308
3216.232247,1.002131,1.000433
3216.233636,0.992468,0.990921
3216.235024,1.008957,1.007333
3216.236413,0.980254,0.978770
3216.237802,1.001462,0.999925
3216.239191,0.998492,0.997066
3216.240580,1.011736,1.010318
3216.241969,1.006345,1.004986
3216.243357,1.026680,1.025425
3216.244746,1.014378,1.013091
3216.246135,1.001337,1.000054
3216.247524,0.995420,0.994074
3216.248913,0.995568,0.994340
3216.250302,1.008180,1.006934
3216.251691,1.005758,1.004255
3216.253079,0.993916,0.992373
3216.254468,0.977233,0.975671
3216.255857,1.010767,1.009203
3216.257246,1.004277,1.002715
3216.258635,0.998510,0.997065
3216.260024,1.024024,1.022377
3216.261412,1.021388,1.019779
3216.262801,0.998151,0.996668
3216.264190,0.979080,0.977480
3216.265579,1.012909,1.011062
3216.266968,1.012139,1.010271
3216.268357,1.031602,1.029770
3216.269745,0.982551,0.980851
3216.271134,1.007624,1.006033
3216.272523,0.999414,0.997899
3216.273912,1.006671,1.005121
3216.275301,0.994279,0.992506
3216.276690,1.025269,1.023318
3216.278078,0.998453,0.996538
3216.279467,1.015097,1.013378
3216.280856,1.031313,1.029589
3216.282245,1.011280,1.009448
3216.283634,0.990572,0.988700
3216.285023,0.991704,0.989761
3216.286411,1.013629,1.011581
3216.287800,0.989491,0.987615
3216.289189,1.027218,1.025262
3216.290578,1.004746,1.002672
3216.291967,1.014229,1.012202
3216.293356,1.003906,1.002115
3216.294744,1.002456,1.000523
3216.296133,0.995076,0.993277
3216.297522,0.989858,0.988069
3216.298911,1.010489,1.008619
3216.300300,1.016751,1.014888
3216.301689,0.972682,0.971047
3216.303078,1.001985,1.000188
3216.304466,0.979319,0.977672
3216.305855,0.986235,0.984709
3216.307244,0.992073,0.990597
3216.308633,1.011014,1.009495
3216.310022,1.001120,0.999942
3216.311411,0.983061,0.982044
3216.312799,0.986688,0.985593
3216.314188,1.020031,1.018670
3216.315577,1.014079,1.012669
3216.316966,1.006443,1.004791
3216.318355,1.016391,1.014692
3216.319744,0.997922,0.996073
3216.321132,0.999034,0.997294
3216.322521,1.011365,1.009519
3216.323910,0.990086,0.988224
3216.325299,0.985999,0.984304
3216.326688,0.998127,0.996405
3216.328077,1.020249,1.018523
3216.329465,1.035626,1.033788
3216.330854,0.986794,0.985163
3216.332243,0.994565,0.992882
3216.333632,0.997115,0.995659
3216.335021,1.001907,1.000372
3216.336410,1.002928,1.001267
3216.337798,0.992336,0.990722
3216.339187,0.993035,0.991495
3216.340576,0.972557,0.971078
3216.341965,1.014450,1.012934
3216.343354,0.993002,0.991510
3216.344743,0.980024,0.978582
3216.346131,1.008054,1.006518
3216.347520,0.991972,0.990653
3216.348909,0.975954,0.974762
3216.350298,0.996611,0.995656
3216.351687,1.019814,1.018819
3216.353076,0.981088,0.980330
3216.354464,1.017162,1.016331
3216.355853,1.021435,1.020645
3216.357242,0.990218,0.989368
3216.358631,1.001615,1.000911
3216.360020,1.012307,1.011603
3216.361409,0.992001,0.991417
3216.362798,0.993277,0.993099
3216.364186,1.007195,1.007000
3216.365575,0.991682,0.991377
3216.366964,1.007948,1.007669
3216.368353,1.022221,1.022029
3216.369742,0.993455,0.993332
3216.371131,0.991130,0.990907
3216.372519,0.985214,0.984988
3216.373908,0.993124,0.992994
3216.375297,1.023914,1.023776
3216.376686,1.004935,1.004895
3216.378075,1.000446,1.000329
3216.379464,1.022105,1.022114
3216.380852,1.003258,1.003374
3216.382241,0.987216,0.987290
3216.383630,0.999747,0.999985
3216.385019,1.005796,1.005903
3216.386408,0.997152,0.997272
3216.387797,0.994442,0.994592
3216.389185,0.971204,0.971396
3216.390574,1.015109,1.015427
3216.391963,0.991814,0.992004
3216.393352,1.021081,1.021072
3216.394741,1.012789,1.012889
3216.396130,0.998820,0.998874
3216.397518,1.014157,1.014245
3216.398907,0.991327,0.991399
3216.400296,0.993939,0.994022
3216.401685,0.988701,0.988876
3216.403074,1.017020,1.017143
3216.404463,0.987732,0.987927
3216.405851,0.996527,0.996790
3216.407240,1.001197,1.001275
3216.408629,1.014461,1.014374
3216.410018,1.021684,1.021555
3216.411407,1.008115,1.007870
3216.412796,0.998512,0.998184
3216.414184,0.983624,0.983421
3216.415573,1.011401,1.011123
3216.416962,0.992133,0.991873
3216.418351,0.990239,0.989928
3216.419740,1.000167,0.999844
3216.421129,1.008464,1.008212
3216.422518,1.004169,1.004144
3216.423906,1.000755,1.000597
3216.425295,1.005154,1.004954
3216.426684,0.976820,0.976856
3216.428073,0.996879,0.996770
3216.429462,1.014948,1.014679
3216.430851,0.969700,0.969449
3216.432239,0.987692,0.987582
3216.433628,0.999027,0.998997
3216.435017,1.013383,1.013358
3216.436406,0.992128,0.991875
3216.437795,1.006898,1.006664
3216.439184,0.997748,0.997530
3216.440572,1.003951,1.003641
3216.441961,0.982675,0.982218
3216.443350,0.983102,0.982733
3216.444739,1.009342,1.008821
3216.446128,1.018152,1.017595
3216.447517,1.001931,1.001246
3216.448905,0.974523,0.973715
3216.450294,0.999759,0.998839
3216.451683,0.988608,0.987776
3216.453072,0.993432,0.992551
3216.454461,1.009500,1.008593
3216.455850,1.003094,1.002305
3216.457238,0.984726,0.983831
3216.458627,0.978366,0.977497
3216.460016,1.019986,1.019022
3216.461405,0.995723,0.994802
3216.462794,1.023523,1.022534
3216.464183,0.984321,0.983565
3216.465571,0.990025,0.989319
3216.466960,0.992885,0.992235
3216.468349,1.005087,1.004330
3216.469738,0.996885,0.996205
3216.471127,1.006298,1.005554
3216.472516,1.013561,1.012939
3216.473904,1.001740,1.001439
3216.475293,0.998049,0.997842
3216.476682,1.035701,1.035473
3216.478071,1.002546,1.002338
3216.479460,0.979875,0.979820
3216.480849,0.985692,0.985786
3216.482238,0.994259,0.994275
3216.483626,0.981418,0.981398
3216.485015,1.003687,1.003726
3216.486404,0.980853,0.980685
3216.487793,1.003065,1.003023
3216.489182,0.996999,0.997106
3216.490571,0.996350,0.996446
3216.491959,1.015105,1.015171
3216.493348,0.987608,0.987814
3216.494737,1.006975,1.007259
3216.496126,0.989188,0.989234
3216.497515,0.998101,0.997898
3216.498904,0.995217,0.995206
3216.500292,1.021320,1.021254
3216.501681,0.975302,0.975317
3216.503070,0.993086,0.993034
3216.504459,1.002876,1.002859
3216.505848,0.988597,0.988680
3216.507237,1.011623,1.011766
3216.508625,1.001986,1.002382
3216.510014,1.003002,1.003373
3216.511403,1.001318,1.001804
3216.512792,1.007743,1.008441
3216.514181,1.002678,1.003300
3216.515570,1.009629,1.010322
3216.516958,1.036575,1.037444
3216.518347,1.006612,1.007456
3216.519736,1.032197,1.032808
3216.521125,0.989770,0.990498
3216.522514,1.011186,1.011697
3216.523903,1.001244,1.001708
3216.525291,1.014169,1.014773
3216.526680,0.999563,1.000196
3216.528069,1.004677,1.005211
3216.529458,1.036378,1.036937
3216.530847,1.003402,1.004077
3216.532236,0.988327,0.988931
3216.533624,1.015725,1.016485
3216.535013,1.029722,1.030425
3216.536402,0.999095,0.999618
3216.537791,0.992410,0.992949
3216.539180,0.983595,0.984316
3216.540569,1.013627,1.014436
3216.541957,1.009813,1.010605
3216.543346,1.000042,1.000701
3216.544735,1.003720,1.004275
3216.546124,0.999770,1.000216
3216.547513,0.996342,0.996513
3216.548902,0.988974,0.989173
3216.550291,1.005287,1.005512
3216.551679,0.990601,0.990714
3216.553068,0.993882,0.994103
3216.554457,1.014207,1.014432
3216.555846,1.013640,1.013961
3216.557235,1.005914,1.006584
3216.558624,0.980527,0.981150
3216.560012,0.964298,0.964906
3216.561401,1.008474,1.009070
3216.562790,1.005924,1.006438
3216.564179,0.994077,0.994585
3216.565568,0.995148,0.995642
3216.566957,0.999972,1.000587
3216.568345,1.003401,1.004112
3216.569734,0.996222,0.996994
3216.571123,0.987719,0.988519
3216.572512,1.007105,1.008081
3216.573901,0.962418,0.963591
3216.575290,0.978659,0.979924
3216.576678,0.992361,0.993524
3216.578067,1.001038,1.002050
3216.579456,0.994585,0.995627
3216.580845,1.015147,1.016333
3216.582234,0.978597,0.979967
3216.583623,0.990856,0.992210
3216.585011,0.992711,0.994215
3216.586400,0.997257,0.998830
3216.587789,0.998444,1.000102
3216.589178,1.005743,1.007333
3216.590567,0.981084,0.982554
3216.591956,0.988938,0.990453
3216.593344,1.028280,1.029851
3216.594733,0.992883,0.994541
3216.596122,0.989755,0.991482
3216.597511,0.992176,0.993898
3216.598900,0.995133,0.996993
3216.600289,1.018392,1.020371
3216.601677,1.006523,1.008609
3216.603066,0.988921,0.990901
3216.604455,0.979981,0.981944
3216.605844,1.003327,1.005468
3216.607233,0.977975,0.980006
3216.608622,0.973691,0.975708
3216.610010,1.000450,1.002768
3216.611399,0.994685,0.997294
3216.612788,0.985481,0.987892
3216.614177,0.985062,0.987420
3216.615566,1.000394,1.002812
3216.616955,0.990001,0.992606
3216.618344,0.996104,0.998840
3216.619732,0.976580,0.979533
3216.621121,1.003559,1.006853
3216.622510,0.999701,1.003059
3216.623899,1.000026,1.003377
3216.625288,1.001371,1.004796
3216.626677,0.998851,1.002478
3216.628065,1.001043,1.004523
3216.629454,0.990275,0.993852
3216.630843,1.021155,1.024672
3216.632232,0.993236,0.996606
3216.633621,1.014676,1.018195
3216.635010,0.996577,0.999978
3216.636398,0.978910,0.982316
3216.637787,0.986542,0.990015
3216.639176,0.992668,0.996218
3216.640565,1.029258,1.032797
3216.641954,1.000159,1.003538
3216.643343,1.002061,1.005372
3216.644731,0.996750,0.999739
3216.646120,1.000501,1.003493
3216.647509,1.003777,1.006809
3216.648898,1.000085,1.003222
3216.650287,1.001955,1.005197
3216.651676,1.010444,1.013884
3216.653064,0.977475,0.980786
3216.654453,1.013558,1.017183
3216.655842,1.018589,1.022251
3216.657231,1.005968,1.009531
3216.658620,0.981219,0.984860
3216.660009,1.004598,1.008248
3216.661397,1.005260,1.009080
3216.662786,0.977859,0.981460
3216.664175,0.991486,0.995035
3216.665564,1.014465,1.018117
3216.666953,0.982269,0.985754
3216.668342,1.006127,1.009541
3216.669730,0.986743,0.990231
3216.671119,1.004655,1.008164
3216.672508,1.004593,1.008051
3216.673897,0.998207,1.001781
3216.675286,1.008709,1.012285
3216.676675,1.005734,1.009380
3216.678063,1.007595,1.011355
3216.679452,1.009161,1.012975
3216.680841,0.992162,0.995973
3216.682230,0.998015,1.001858
3216.683619,0.995262,0.998921
3216.685008,0.990430,0.993800
3216.686397,0.973876,0.977257
3216.687785,0.997089,1.000294
3216.689174,0.972757,0.976011
3216.690563,1.007770,1.010993
3216.691952,1.004721,1.007815
3216.693341,1.001196,1.004294
3216.694730,0.989786,0.992910
3216.696118,0.986768,0.989811
3216.697507,1.007463,1.010353
3216.698896,0.990624,0.993529
3216.700285,1.006574,1.009421
3216.701674,0.990604,0.993374
3216.703063,0.990067,0.992649
3216.704451,0.989993,0.992631
3216.705840,1.014826,1.017503
3216.707229,0.988639,0.991284
3216.708618,0.982841,0.985368
3216.710007,0.995895,0.998438
3216.711396,0.980029,0.982269
3216.712784,0.974847,0.976931
3216.714173,0.968869,0.971084
3216.715562,0.998896,1.001265
3216.716951,0.981365,0.983783
3216.718340,0.971487,0.973839
3216.719729,1.012319,1.014783
3216.721117,0.986344,0.988707
3216.722506,0.998726,1.000890
3216.723895,1.016314,1.018527
3216.725284,0.999105,1.001131
3216.726673,0.979884,0.981933
3216.728062,1.003506,1.005716
3216.729450,0.989658,0.991595
3216.730839,0.988380,0.990244
3216.732228,1.001481,1.003222
3216.733617,1.000441,1.002164
3216.735006,0.998961,1.000462
3216.736395,0.988633,0.990059
3216.737783,1.012552,1.013929
3216.739172,1.003555,1.004840
3216.740561,1.027345,1.028434
3216.741950,1.004705,1.006043
3216.743339,0.986992,0.988261
3216.744728,0.988172,0.989277
3216.746116,1.006947,1.007847
3216.747505,1.011319,1.012062
3216.748894,1.014684,1.015389
3216.750283,1.000566,1.001238
3216.751672,1.010619,1.011106
3216.753061,0.994782,0.995259
3216.754449,1.008294,1.008799
3216.755838,0.990826,0.991278
3216.757227,0.985670,0.985888
3216.758616,1.001173,1.001360
3216.760005,0.999662,0.999819
3216.761394,0.994302,0.994233
3216.762783,1.003411,1.003111
3216.764171,1.008421,1.007931
3216.765560,0.985903,0.985237
3216.766949,0.993066,0.992246
3216.768338,1.013269,1.012219
3216.769727,0.996400,0.995185
3216.771116,0.986156,0.984870
3216.772504,1.022247,1.020860
3216.773893,0.983371,0.981909
3216.775282,0.997833,0.996248
3216.776671,1.016491,1.014989
3216.778060,1.026999,1.025410
3216.779449,0.976153,0.974488
3216.780837,1.005172,1.003327
3216.782226,1.001617,0.999725
3216.783615,1.004623,1.002580
3216.785004,1.013979,1.011918
3216.786393,1.029462,1.027193
3216.787782,1.032242,1.030030
3216.789170,1.020714,1.018363
3216.790559,1.001400,0.998990
3216.791948,0.995282,0.992728
3216.793337,1.010912,1.008125
3216.794726,0.994223,0.991460
3216.796115,1.017121,1.014223
3216.797503,0.997247,0.994338
3216.798892,0.976313,0.973142
3216.800281,1.001148,0.997896
3216.801670,0.982760,0.979299
3216.803059,1.014344,1.010659
3216.804448,1.002724,0.999237
3216.805836,1.014703,1.011159
3216.807225,0.991951,0.988430
3216.808614,0.992366,0.988489
3216.810003,0.986300,0.982307
3216.811392,0.987142,0.983248
3216.812781,1.002156,0.998182
3216.814169,0.984906,0.980809
3216.815558,1.003924,0.999537
3216.816947,1.009655,1.005197
3216.818336,1.007782,1.003467
3216.819725,1.000360,0.995947
3216.821114,1.010357,1.005918
3216.822502,1.005652,1.001038
3216.823891,0.987858,0.983128
3216.825280,1.022895,1.017932
3216.826669,1.003424,0.998646
3216.828058,1.015163,1.010294
3216.829447,0.989267,0.984355
3216.830835,0.972994,0.968299
3216.832224,1.000922,0.996147
3216.833613,0.986039,0.981154
3216.835002,0.996013,0.991089
3216.836391,0.996994,0.991869
3216.837780,0.984687,0.979734
3216.839169,0.992481,0.987588
3216.840557,1.008238,1.003053
3216.841946,1.004012,0.998807
3216.843335,1.013389,1.008047
3216.844724,1.019677,1.014310
3216.846113,1.009221,1.003736
3216.847502,1.018789,1.013188
3216.848890,1.006166,1.000566
3216.850279,0.983864,0.978334
3216.851668,0.995756,0.990250
3216.853057,1.021844,1.016134
3216.854446,0.996483,0.991061
3216.855835,1.016860,1.011473
3216.857223,0.994224,0.989134
3216.858612,0.988765,0.983646
3216.860001,1.023706,1.018298
3216.861390,1.017975,1.012570
3216.862779,1.002103,0.996847
3216.864168,1.012368,1.007190
3216.865556,1.025586,1.020253
3216.866945,0.983940,0.978797
3216.868334,1.022916,1.017490
3216.869723,1.013839,1.008637
3216.871112,1.023867,1.018726
3216.872501,1.004298,0.999452
3216.873889,1.005775,1.000922
3216.875278,1.013154,1.008254
3216.876667,1.024926,1.020150
3216.878056,0.975168,0.970654
3216.879445,0.997828,0.993310
3216.880834,1.042124,1.037462
3216.882222,1.029930,1.025534
3216.883611,1.024931,1.020619
3216.885000,1.020138,1.015923
3216.886389,1.015269,1.011134
3216.887778,1.010522,1.006447
3216.889167,1.000820,0.996894
3216.890555,1.039911,1.035878
3216.891944,1.008224,1.004319
3216.893333,1.016983,1.013118
3216.894722,1.007806,1.004265
3216.896111,0.994342,0.990838
3216.897500,1.020426,1.016857
3216.898888,0.996685,0.993220
3216.900277,1.018747,1.015218
3216.901666,0.991056,0.987748
3216.903055,1.020345,1.016818
3216.904444,1.010263,1.006794
3216.905833,1.002171,0.998514
3216.907221,0.998683,0.995040
3216.908610,1.032896,1.028995
3216.909999,0.997658,0.993857
3216.911388,0.990992,0.987415
3216.912777,0.989857,0.986255
3216.914166,0.993534,0.989734
3216.915554,1.033573,1.029661
3216.916943,1.000674,0.996974
3216.918332,0.984971,0.981389
3216.919721,1.016464,1.012619
3216.921110,1.025521,1.021748
3216.922499,1.016709,1.012789
3216.923888,0.993734,0.990065
3216.925276,1.000884,0.997237
3216.926665,1.008898,1.005391
3216.928054,1.017396,1.013889
3216.929443,0.981932,0.978666
3216.930832,0.984384,0.981187
3216.932221,0.985315,0.982199
3216.933609,0.993697,0.990861
3216.934998,1.007782,1.005143
3216.936387,1.000602,0.997867
3216.937776,0.998819,0.996162
3216.939165,0.994063,0.991599
3216.940554,1.004558,1.002050
3216.941942,0.982925,0.980696
3216.943331,1.011725,1.009606
3216.944720,1.009263,1.007070
3216.946109,0.988709,0.986300
3216.947498,0.983307,0.981159
3216.948887,0.993854,0.991699
3216.950275,0.993902,0.991990
3216.951664,1.006583,1.004751
3216.953053,0.984446,0.982824
3216.954442,1.001353,0.999643
3216.955831,0.991961,0.990186
3216.957220,0.996918,0.995134
3216.958608,0.987863,0.986108
3216.959997,0.983371,0.981745
3216.961386,1.007884,1.006379
3216.962775,1.002504,1.001357
3216.964164,0.991523,0.990246
3216.965553,0.979468,0.978340
3216.966941,1.005116,1.004178
3216.968330,0.981938,0.981026
3216.969719,0.989574,0.988838
3216.971108,1.014609,1.013866
3216.972497,0.994070,0.993457
3216.973886,0.992569,0.991829
3216.975274,0.980403,0.979590
3216.976663,0.985915,0.985216
3216.978052,1.027915,1.027349
3216.979441,1.003008,1.002521
3216.980830,0.978091,0.977767
3216.982219,0.977929,0.977724
3216.983607,1.000171,1.000215
3216.984996,1.032052,1.032231
3216.986385,0.998484,0.998684
3216.987774,0.989050,0.989254
3216.989163,0.989816,0.990048
3216.990552,0.994348,0.994684
3216.991940,1.004139,1.004592
3216.993329,1.004021,1.004360
3216.994718,1.007372,1.007620
3216.996107,0.986047,0.986266
3216.997496,1.008284,1.008525
3216.998885,1.007661,1.008225
3217.000273,0.991959,0.992641
3217.001662,0.990972,0.991996
3217.003051,0.980195,0.981324
3217.004440,1.010000,1.011349
3217.005829,1.026939,1.028466
3217.007218,0.976341,0.977842
3217.008606,0.997257,0.998942
3217.009995,1.000124,1.001759
3217.011384,1.013210,1.014835
3217.012773,0.986216,0.987836
3217.014162,1.005498,1.007151
3217.015551,0.987450,0.988927
3217.016940,0.994708,0.996251
3217.018328,1.015643,1.017503
3217.019717,0.986278,0.988142
3217.021106,1.002183,1.004032
3217.022495,1.024460,1.026452
3217.023884,1.005828,1.007746
3217.025273,1.002071,1.004088
3217.026661,0.948846,0.950801
3217.028050,0.991535,0.993624
3217.029439,1.000612,1.002729
3217.030828,1.003680,1.005881
3217.032217,1.011067,1.013155
3217.033606,0.996807,0.998950
3217.034994,0.988805,0.990694
3217.036383,0.996255,0.998321
3217.037772,1.021283,1.023440
3217.039161,1.010636,1.012734
3217.040550,1.024503,1.026374
3217.041939,1.018566,1.020490
3217.043327,0.990605,0.992544
3217.044716,1.014658,1.016739
3217.046105,1.003966,1.006014
3217.047494,0.998916,1.001120
3217.048883,0.984564,0.986886
3217.050272,1.001579,1.003597
3217.051660,1.007350,1.009335
3217.053049,0.991849,0.993744
3217.054438,0.977418,0.979242
3217.055827,1.014575,1.016431
3217.057216,0.999927,1.001776
3217.058605,1.001416,1.003197
3217.059993,1.012810,1.014345
3217.061382,1.007175,1.008607
3217.062771,1.022722,1.024034
3217.064160,0.998020,0.999275
3217.065549,0.989639,0.990803
3217.066938,0.986424,0.987360
3217.068326,0.997031,0.997933
3217.069715,1.014813,1.015601
3217.071104,0.973194,0.974083
3217.072493,0.984378,0.985064
3217.073882,0.968756,0.969444
3217.075271,0.994157,0.994768
3217.076659,0.997037,0.997730
3217.078048,0.990323,0.990694
3217.079437,1.009980,1.010177
3217.080826,0.973014,0.973147
3217.082215,0.964934,0.965150
3217.083604,1.005301,1.005480
3217.084992,1.017338,1.017212
3217.086381,0.999419,0.999358
3217.087770,0.975744,0.975834
3217.089159,0.999630,0.999586
3217.090548,0.967127,0.966859
3217.091937,1.003851,1.003445
3217.093325,0.978992,0.978603
3217.094714,1.013434,1.012986
3217.096103,0.989573,0.988996
3217.097492,0.998297,0.997597
3217.098881,1.000490,0.999887
3217.100270,1.006830,1.006282
3217.101658,1.020823,1.020344
3217.103047,1.016231,1.015639
3217.104436,0.979960,0.979346
3217.105825,0.992853,0.992108
3217.107214,0.999467,0.998732
3217.108603,1.003412,1.002509
3217.109992,1.004730,1.003645
3217.111380,1.009844,1.008675
3217.112769,0.987945,0.986732
3217.114158,0.968578,0.967168
3217.115547,1.000180,0.998664
3217.116936,0.990423,0.988989
3217.118325,1.024073,1.022659
3217.119713,1.005000,1.003585
3217.121102,1.026299,1.024796
3217.122491,1.005951,1.004584
3217.123880,1.006384,1.004945
3217.125269,1.009615,1.008274
3217.126658,0.992720,0.991374
3217.128046,1.004018,1.002654
3217.129435,1.026334,1.025067
3217.130824,1.041461,1.040117
3217.132213,0.985734,0.984408
3217.133602,1.010955,1.009737
3217.134991,1.002882,1.001735
3217.136379,0.949394,0.948263
3217.137768,0.992756,0.991527
3217.139157,1.002787,1.001655
3217.140546,1.006408,1.005378
3217.141935,1.012225,1.011047
3217.143324,0.985020,0.983945
3217.144712,0.968518,0.967407
3217.146101,1.000837,0.999830
3217.147490,1.000261,0.999334
3217.148879,0.985163,0.984208
3217.150268,1.014124,1.013164
3217.151657,0.991288,0.990452
3217.153045,1.031742,1.031099
3217.154434,1.018790,1.018187
3217.155823,1.000923,1.000190
3217.157212,0.990193,0.989537
3217.158601,1.003406,1.002850
3217.159990,1.011562,1.011048
3217.161378,0.995202,0.994774
3217.162767,0.993455,0.992908
3217.164156,0.977508,0.977054
3217.165545,0.999962,0.999645
3217.166934,0.980108,0.980024
3217.168323,1.011558,1.011418
3217.169711,1.008272,1.008313
3217.171100,1.028895,1.028974
3217.172489,1.002264,1.002292
3217.173878,1.013975,1.014077
3217.175267,0.995957,0.995853
3217.176656,0.986718,0.986503
3217.178044,1.018811,1.018843
3217.179433,0.981507,0.981570
3217.180822,0.994237,0.994274
3217.182211,1.012690,1.012615
3217.183600,0.996622,0.996750
3217.184989,0.982414,0.982587
3217.186377,1.002587,1.002918
3217.187766,1.016179,1.016658
3217.189155,0.992241,0.992514
3217.190544,1.002015,1.002294
3217.191933,0.999885,1.000108
3217.193322,0.998715,0.998872
3217.194710,0.998821,0.998892
3217.196099,0.990984,0.990953
3217.197488,1.012298,1.012202
3217.198877,1.019077,1.019087
3217.200266,0.970484,0.970441
3217.201655,1.014694,1.014393
3217.203043,0.976590,0.976390
3217.204432,0.998827,0.998647
3217.205821,1.018388,1.018085
3217.207210,0.998220,0.997764
3217.208599,0.974275,0.973766
3217.209988,1.004844,1.004134
3217.211376,1.007574,1.006635
3217.212765,1.020146,1.019342
3217.214154,1.016361,1.015415
3217.215543,0.995161,0.994243
3217.216932,1.015294,1.014280
3217.218321,0.980921,0.980122
3217.219710,1.017866,1.017034
3217.221098,1.012202,1.011374
3217.222487,1.011277,1.010526
3217.223876,1.008667,1.008218
3217.225265,1.013989,1.013394
3217.226654,0.990102,0.989461
3217.228043,0.998939,0.998338
3217.229431,0.995335,0.994534
3217.230820,0.997073,0.996300
3217.232209,1.006507,1.005584
3217.233598,0.984084,0.983233
3217.234987,0.986549,0.985823
3217.236376,0.991971,0.991466
3217.237764,1.000704,1.000216
3217.239153,1.016215,1.015563
3217.240542,0.988994,0.988540
3217.241931,1.016748,1.016490
3217.243320,0.991331,0.991311
3217.244709,1.016585,1.016660
3217.246097,0.987056,0.987080
3217.247486,0.974397,0.974347
3217.248875,0.985869,0.985809
3217.250264,1.007850,1.007979
3217.251653,0.989651,0.989836
3217.253042,0.988874,0.989175
3217.254430,1.015365,1.015702
3217.255819,1.014490,1.014973
3217.257208,0.999693,1.000424
3217.258597,0.994392,0.995192
3217.259986,1.003001,1.004081
3217.261375,1.002216,1.003295
3217.262763,1.001023,1.002309
3217.264152,0.993664,0.994941
3217.265541,1.006313,1.007834
3217.266930,1.006107,1.007726
3217.268319,1.001746,1.003345
3217.269708,1.004704,1.006466
3217.271096,0.982079,0.983760
3217.272485,1.007314,1.008980
3217.273874,0.987483,0.989219
3217.275263,1.007892,1.009848
3217.276652,0.973691,0.975759
3217.278041,0.980702,0.982971
3217.279429,0.974432,0.976757
3217.280818,1.003984,1.006412
3217.282207,0.976320,0.978712
3217.283596,0.982006,0.984443
3217.284985,0.995999,0.998503
3217.286374,1.006014,1.008574
3217.287762,0.991037,0.993589
3217.289151,0.998441,1.001042
3217.290540,1.002511,1.005153
3217.291929,0.990617,0.993256
3217.293318,1.008940,1.011656
3217.294707,0.992816,0.995518
3217.296095,0.987314,0.990028
3217.297484,1.002250,1.005033
3217.298873,0.997880,1.000678
3217.300262,0.992638,0.995447
3217.301651,1.013088,1.015981
3217.303040,0.987778,0.990625
3217.304428,0.987805,0.990677
3217.305817,0.996743,0.999666
3217.307206,1.003150,1.006116
3217.308595,0.988644,0.991591
3217.309984,1.002454,1.005466
3217.311373,0.979813,0.982780
3217.312761,0.998087,1.001131
3217.314150,0.993088,0.996139
3217.315539,1.015873,1.019017
3217.316928,1.002552,1.005676
3217.318317,0.990314,0.993420
3217.319706,1.007675,1.010856
3217.321094,0.999623,1.002799
3217.322483,1.004550,1.007762
3217.323872,1.005779,1.009014
3217.325261,1.002382,1.005625
3217.326650,0.992609,0.995838
3217.328039,1.001925,1.005202
3217.329427,0.979317,0.982537
3217.330816,1.012592,1.015939
3217.332205,1.027094,1.030506
3217.333594,1.019802,1.023206
3217.334983,0.996727,1.000071
3217.336372,1.034556,1.038042
3217.337760,0.996300,0.999672
3217.339149,0.980951,0.984285
3217.340538,0.988345,0.991718
3217.341927,0.972758,0.976091
3217.343316,1.004742,1.008198
3217.344705,1.012788,1.016285
3217.346094,0.998601,1.002060
3217.347482,0.991669,0.995117
3217.348871,0.991182,0.994639
3217.350260,1.014748,1.018299
3217.351649,1.009682,1.013226
3217.353038,1.008872,1.012423
3217.354427,1.014117,1.017696
3217.355815,0.981188,0.984660
3217.357204,0.982923,0.986409
3217.358593,0.988641,0.992157
3217.359982,1.010033,1.013632
3217.361371,0.988654,0.992184
3217.362760,0.981687,0.985200
3217.364148,0.976751,0.980253
3217.365537,1.012271,1.015906
3217.366926,0.990216,0.993777
3217.368315,0.965143,0.968619
3217.369704,1.005651,1.009278
3217.371093,0.986680,0.990243
3217.372481,0.970014,0.973521
3217.373870,0.988027,0.991602
3217.375259,0.992700,0.996296
3217.376648,0.987831,0.991411
3217.378037,0.975556,0.979094
3217.379426,1.006906,1.010559
3217.380814,0.985158,0.988734
3217.382203,0.998736,1.002363
3217.383592,0.979826,0.983384
3217.384981,1.007007,1.010664
3217.386370,0.993541,0.997149
3217.387759,0.999949,1.003580
3217.389147,0.996822,1.000440
3217.390536,1.038227,1.041994
3217.391925,1.017963,1.021656
3217.393314,0.984316,0.987885
3217.394703,0.951134,0.954581
3217.396092,0.982560,0.986120
3217.397480,1.000971,1.004595
3217.398869,0.972219,0.975735
3217.400258,1.004036,1.007664
3217.401647,0.992693,0.996275
3217.403036,0.999756,1.003360
3217.404425,1.003534,1.007145
3217.405813,1.016321,1.019973
3217.407202,0.993616,0.997180
3217.408591,0.983360,0.986881
3217.409980,0.995360,0.998917
3217.411369,1.009414,1.013014
3217.412758,0.997490,1.001040
3217.414146,1.000127,1.003679
3217.415535,0.979196,0.982665
3217.416924,0.967100,0.970517
3217.418313,0.996948,1.000461
3217.419702,0.991176,0.994659
3217.421091,0.960280,0.963644
3217.422479,1.008572,1.012094
3217.423868,1.007393,1.010900
3217.425257,1.009100,1.012602
3217.426646,1.002832,1.006299
3217.428035,0.997356,1.000792
3217.429424,0.995882,0.999300
3217.430812,0.988407,0.991786
3217.432201,0.996137,0.999529
3217.433590,0.997239,1.000620
3217.434979,1.009712,1.013120
3217.436368,0.998105,1.001460
3217.437757,0.981978,0.985262
3217.439145,1.016037,1.019419
3217.440534,0.999083,1.002392
3217.441923,0.992901,0.996173
3217.443312,0.981850,0.985069
3217.444701,1.006636,1.009918
3217.446090,1.013662,1.016949
3217.447478,1.019819,1.023107
3217.448867,1.002799,1.006013
3222.001467,1.012212,1.010744
3222.002855,0.990995,0.989538
3222.004244,0.991333,0.989858
3222.005633,0.994256,0.992758
3222.007022,1.008803,1.007265
3222.008411,1.009113,1.007557
3222.009800,0.984589,0.983054
3222.011188,0.993582,0.992015
3222.012577,0.996804,0.995216
3222.013966,1.009706,1.008080
3222.015355,1.009029,1.007388
3222.016744,1.013547,1.011882
3222.018133,1.001661,1.000000
3222.019521,1.009421,1.007731
3222.020910,1.010165,1.008459
3222.022299,1.002527,1.000819
3222.023688,0.998098,0.996383
3222.025077,0.985995,0.984286
3222.026466,1.027940,1.026145
3222.027854,0.986817,0.985080
3222.029243,0.982273,0.980530
3222.030632,0.995428,0.993649
3222.032021,0.998798,0.997000
3222.033410,1.013177,1.011340
3222.034799,1.010131,1.008287
3222.036187,0.992140,0.990317
3222.037576,1.011677,1.009806
3222.038965,0.998947,0.997088
3222.040354,0.997573,0.995705
3222.041743,1.011133,1.009229
3222.043132,1.038835,1.036869
3222.044520,1.008548,1.006628
3222.045909,0.993649,0.991748
3222.047298,0.993646,0.991734
3222.048687,0.998453,0.996523
3222.050076,1.009014,1.007055
3222.051465,1.001327,0.999373
3222.052853,1.016097,1.014106
3222.054242,0.968156,0.966251
3222.055631,0.996847,0.994877
3222.057020,0.985502,0.983546
3222.058409,1.023735,1.021696
3222.059798,1.007892,1.005877
3222.061187,1.030541,1.028474
3222.062575,1.010199,1.008166
3222.063964,1.000330,0.998310
3222.065353,0.995690,0.993673
3222.066742,0.998669,0.996641
3222.068131,0.996224,0.994194
3222.069520,1.000766,0.998722
3222.070908,1.027444,1.025341
3222.072297,0.983207,0.981189
3222.073686,1.003433,1.001370
3222.075075,1.003143,1.001076
3222.076464,1.009416,1.007332
3222.077853,0.995032,0.992974
3222.079241,0.994985,0.992923
3222.080630,1.015640,1.013533
3222.082019,0.992956,0.990893
3222.083408,0.992155,0.990092
3222.084797,1.009105,1.007004
3222.086186,1.015271,1.013155
3222.087574,1.016326,1.014206
3222.088963,0.989700,0.987634
3222.090352,1.009529,1.007421
3222.091741,0.996191,0.994110
3222.093130,1.001770,0.999676
3222.094519,1.011752,1.009638
3222.095907,1.018313,1.016185
3222.097296,0.989321,0.987254
3222.098685,1.001861,0.999768
3222.100074,0.987811,0.985749
3222.101463,0.993350,0.991277
3222.102852,0.998423,0.996341
3222.104240,1.007819,1.005719
3222.105629,0.998170,0.996092
3222.107018,1.016294,1.014181
3222.108407,0.986477,0.984428
3222.109796,0.980924,0.978890
3222.111185,0.997588,0.995522
3222.112573,0.993701,0.991647
3222.113962,0.992517,0.990469
3222.115351,1.005750,1.003679
3222.116740,1.010692,1.008615
3222.118129,1.010344,1.008272
3222.119518,0.992907,0.990875
3222.120906,1.004309,1.002259
3222.122295,0.993248,0.991226
3222.123684,1.028730,1.026642
3222.125073,1.012961,1.010911
3222.126462,1.000688,0.998669
3222.127851,0.998544,0.996536
3222.129239,1.004249,1.002236
3222.130628,0.987607,0.985634
3222.132017,0.970750,0.968818
3222.133406,0.998928,0.996948
3222.134795,0.995752,0.993786
3222.136184,1.002153,1.000183
3222.137572,0.983494,0.981568
3222.138961,0.999367,0.997419
3222.140350,0.999115,0.997177
3222.141739,1.008872,1.006924
3222.143128,0.992974,0.991067
3222.144517,1.009347,1.007418
3222.145905,0.979563,0.977701
3222.147294,0.971663,0.969826
3222.148683,1.001000,0.999119
3222.150072,1.004013,1.002137
3222.151461,0.991445,0.989603
3222.152850,1.010603,1.008738
3222.154238,1.018361,1.016494
3222.155627,1.008116,1.006280
3222.157016,1.001900,1.000087
3222.158405,1.008425,1.006614
3222.159794,0.998979,0.997198
3222.161183,0.995495,0.993733
3222.162571,1.008442,1.006671
3222.163960,0.990583,0.988857
3222.165349,0.995477,0.993756
3222.166738,0.998355,0.996644
3222.168127,1.026852,1.025107
3222.169516,0.989997,0.988286
3222.170904,1.019858,1.018284
3222.172293,0.972670,0.971341
3222.173682,0.996951,0.995825
3222.175071,1.021527,1.020372
3222.176460,0.997486,0.996323
3222.177849,1.008284,1.007074
3222.179237,1.011963,1.010817
3222.180626,0.979111,0.978031
3222.182015,0.997647,0.996488
3222.183404,1.022837,1.021604
3222.184793,0.986164,0.984886
3222.186182,1.008345,1.007014
3222.187570,0.979313,0.977937
3222.188959,0.993327,0.991852
3222.190348,1.006281,1.004932
3222.191737,0.990310,0.988994
3222.193126,0.985191,0.984025
3222.194515,0.991682,0.990269
3222.195903,0.984324,0.983143
3222.197292,1.002343,1.001317
3222.198681,1.013415,1.012453
3222.200070,1.017721,1.016749
3222.201459,0.998840,0.997993
3222.202848,0.979646,0.978747
3222.204236,0.993360,0.992419
3222.205625,0.977627,0.976649
3222.207014,1.011445,1.010367
3222.208403,0.988454,0.987419
3222.209792,0.993023,0.991893
3222.211181,1.002544,1.001269
3222.212569,1.030895,1.029467
3222.213958,1.000878,0.999577
3222.215347,1.005321,1.004182
3222.216736,1.009568,1.008563
3222.218125,1.003872,1.002765
3222.219514,0.991989,0.990733
3222.220902,1.000257,0.998846
3222.222291,1.010179,1.009001
3222.223680,1.026620,1.025454
3222.225069,0.987025,0.986062
3222.226458,1.021651,1.020473
3222.227847,1.004772,1.003713
3222.229235,0.999336,0.998253
3222.230624,1.001512,1.000371
3222.232013,0.954901,0.953834
3222.233402,1.017397,1.016283
3222.234791,1.006045,1.004802
3222.236180,0.994804,0.993637
3222.237568,1.021218,1.020206
3222.238957,1.014163,1.013135
3222.240346,0.997037,0.995927
3222.241735,0.995358,0.994284
3222.243124,1.005093,1.003866
3222.244512,1.013526,1.012294
3222.245901,1.008153,1.006768
3222.247290,1.005823,1.004515
3222.248679,1.003249,1.001910
3222.250068,1.011286,1.009745
3222.251457,1.008245,1.006736
3222.252845,1.006778,1.005265
3222.254234,1.004260,1.002772
3222.255623,0.975847,0.974262
3222.257012,1.027765,1.025902
3222.258401,0.993782,0.992176
3222.259790,0.983580,0.982082
3222.261178,1.009866,1.008511
3222.262567,0.993659,0.992260
3222.263956,0.998386,0.996965
3222.265345,1.030679,1.029061
3222.266734,0.972849,0.971318
3222.268123,1.014902,1.013476
3222.269511,0.993288,0.992127
3222.270900,0.983177,0.981906
3222.272289,0.996983,0.995750
3222.273678,0.987556,0.986421
3222.275067,0.981304,0.980393
3222.276456,1.001671,1.000730
3222.277844,1.023631,1.022743
3222.279233,0.993692,0.992935
3222.280622,1.037078,1.036404
3222.282011,0.991526,0.990811
3222.283400,1.021890,1.021364
3222.284789,1.002937,1.002381
3222.286177,1.014857,1.014485
3222.287566,1.020409,1.020101
3222.288955,0.993888,0.993653
3222.290344,0.990540,0.990532
3222.291733,1.018923,1.019031
3222.293122,0.996106,0.996044
3222.294510,0.989545,0.989381
3222.295899,0.992161,0.992066
3222.297288,1.011746,1.011571
3222.298677,0.991395,0.991152
3222.300066,0.995500,0.995477
3222.301455,0.994300,0.994356
3222.302843,1.010806,1.010914
3222.304232,0.988701,0.988932
3222.305621,0.998082,0.998255
3222.307010,1.010412,1.010632
3222.308399,1.006425,1.006779
3222.309788,0.993579,0.993986
3222.311176,0.995995,0.996495
3222.312565,0.983230,0.983969
3222.313954,1.007990,1.008831
3222.315343,0.975536,0.976499
3222.316732,1.020920,1.022185
3222.318121,0.983478,0.984556
3222.319509,0.995121,0.996089
3222.320898,0.997440,0.998548
3222.322287,0.976845,0.977919
3222.323676,0.993857,0.995033
3222.325065,0.978032,0.979211
3222.326454,0.994880,0.996266
3222.327842,0.987573,0.988789
3222.329231,1.005704,1.007047
3222.330620,0.979374,0.980621
3222.332009,0.978349,0.979564
3222.333398,1.010553,1.011887
3222.334787,1.002663,1.004123
3222.336175,1.003857,1.005346
3222.337564,1.001848,1.003181
3222.338953,1.015416,1.016931
3222.340342,1.014793,1.016230
3222.341731,1.027676,1.029151
3222.343120,1.004584,1.006207
3222.344508,0.999778,1.001312
3222.345897,0.974521,0.976176
3222.347286,0.999141,1.000783
3222.348675,0.995529,0.997124
3222.350064,0.994095,0.995746
3222.351453,0.996149,0.997959
3222.352841,0.993007,0.994735
3222.354230,0.992021,0.993934
3222.355619,0.989603,0.991430
3222.357008,0.991106,0.993080
3222.358397,1.020113,1.022197
3222.359786,0.994475,0.996439
3222.361174,1.003471,1.005352
3222.362563,0.983200,0.985333
3222.363952,1.017344,1.019666
3222.365341,1.004764,1.007304
3222.366730,1.001114,1.003684
3222.368119,0.991159,0.993592
3222.369507,1.024145,1.026618
3222.370896,0.993623,0.995962
3222.372285,0.981476,0.984081
3222.373674,0.996646,0.999419
3222.375063,0.981782,0.984759
3222.376452,0.993333,0.996384
3222.377840,0.989117,0.992265
3222.379229,1.010744,1.014204
3222.380618,0.984641,0.988115
3222.382007,1.001319,1.004482
3222.383396,1.014655,1.017888
3222.384785,1.015032,1.018223
3222.386173,0.986533,0.989502
3222.387562,0.968827,0.971649
3222.388951,0.986177,0.989045
3222.390340,1.000125,1.003106
3222.391729,0.993683,0.996629
3222.393118,1.002559,1.005406
3222.394506,0.986521,0.989463
3222.395895,1.015829,1.018737
3222.397284,1.019290,1.022164
3222.398673,0.995852,0.998651
3222.400062,1.002483,1.005264
3222.401451,0.967166,0.969633
3222.402839,1.001822,1.004273
3222.404228,1.019323,1.021948
3222.405617,0.990980,0.993414
3222.407006,1.005669,1.007981
3222.408395,0.983080,0.985342
3222.409784,0.973873,0.976236
3222.411172,0.996609,0.999077
3222.412561,0.976462,0.978853
3222.413950,0.998882,1.001156
3222.415339,0.980880,0.983046
3222.416728,0.976039,0.978254
3222.418117,0.987557,0.989701
3222.419505,0.980443,0.982656
3222.420894,1.001451,1.003747
3222.422283,0.981513,0.983751
3222.423672,0.975049,0.977507
3222.425061,1.010266,1.012633
3222.426450,1.014157,1.016694
3222.427838,1.015559,1.018314
3222.429227,0.981514,0.984141
3222.430616,0.999428,1.001986
3222.432005,0.985364,0.987877
3222.433394,0.978807,0.981270
3222.434783,1.019084,1.021969
3222.436171,1.016328,1.019056
3222.437560,0.963332,0.965888
3222.438949,0.996350,0.999246
3222.440338,1.011150,1.014338
3222.441727,1.024050,1.027304
3222.443116,1.005765,1.009257
3222.444504,0.989263,0.992597
3222.445893,0.988140,0.991273
3222.447282,1.005266,1.008725
3222.448671,0.971346,0.974485
3222.450060,1.014199,1.017702
3222.451448,0.988030,0.991332
3222.452837,1.030422,1.033787
3222.454226,1.011616,1.014810
3222.455615,0.994501,0.997686
3222.457004,1.032838,1.036230
3222.458393,1.004031,1.007360
3222.459781,0.994582,0.997791
3222.461170,0.989963,0.993229
3222.462559,1.005889,1.009301
3222.463948,0.979641,0.983053
3222.465337,0.985624,0.988888
3222.466726,1.016407,1.019960
3222.468114,0.975508,0.978966
3222.469503,0.997945,1.001535
3222.470892,1.007107,1.010655
3222.472281,0.983258,0.987021
3222.473670,0.980531,0.984294
3222.475059,1.010237,1.014031
3222.476447,0.997938,1.001547
3222.477836,1.013918,1.017570
3222.479225,1.024025,1.027851
3222.480614,1.014569,1.018558
3222.482003,0.995888,0.999700
3222.483392,1.003128,1.007151
3222.484780,0.967948,0.971790
3222.486169,0.973084,0.977018
3222.487558,1.001875,1.006002
3222.488947,0.997084,1.001291
3222.490336,1.021121,1.025627
3222.491725,1.002342,1.006897
3222.493113,1.023143,1.028025
3222.494502,0.974023,0.978700
3222.495891,1.007098,1.011930
3222.497280,0.976714,0.981302
3222.498669,0.993720,0.998667
3222.500058,0.993457,0.998612
3222.501446,1.007444,1.012497
3222.502835,0.992976,0.997865
3222.504224,0.992729,0.997707
3222.505613,1.006745,1.011755
3222.507002,0.998981,1.003750
3222.508391,0.966170,0.970777
3222.509779,1.015414,1.020125
3222.511168,0.998711,1.003407
3222.512557,1.015005,1.019671
3222.513946,0.990859,0.995691
3222.515335,0.997050,1.001888
3222.516724,0.979665,0.984419
3222.518112,1.013248,1.018263
3222.519501,1.002031,1.007016
3222.520890,1.008295,1.013509
3222.522279,0.987101,0.992309
3222.523668,0.993731,0.999003
3222.525057,0.992189,0.997485
3222.526445,0.985554,0.990707
3222.527834,0.963381,0.968512
3222.529223,1.020724,1.026212
3222.530612,0.998247,1.003718
3222.532001,1.011850,1.017275
3222.533390,0.996866,1.002083
3222.534778,0.983619,0.988843
3222.536167,1.000036,1.005354
3222.537556,0.977909,0.982965
3222.538945,1.015868,1.021068
3222.540334,1.001916,1.007099
3222.541723,1.005348,1.010664
3222.543111,1.005605,1.011103
3222.544500,0.993985,0.999385
3222.545889,1.019539,1.025130
3222.547278,1.007719,1.012983
3222.548667,0.960531,0.965611
3222.550056,0.993701,0.998960
3222.551444,0.986739,0.991848
3222.552833,0.976100,0.981070
3222.554222,0.975872,0.980893
3222.555611,0.977621,0.982855
3222.557000,0.997745,1.003102
3222.558389,0.993607,0.998882
3222.559777,0.993352,0.998629
3222.561166,0.996782,1.002059
3222.562555,0.989525,0.994816
3222.563944,0.985052,0.990223
3222.565333,0.984737,0.989862
3222.566722,0.982146,0.987286
3222.568110,0.967455,0.972644
3222.569499,0.974738,0.980172
3222.570888,1.000354,1.006088
3222.572277,0.987665,0.993364
3222.573666,0.974556,0.980228
3222.575054,0.982397,0.988088
3222.576443,1.000268,1.006020
3222.577832,0.998075,1.004026
3222.579221,0.994648,1.000611
3222.580610,0.965966,0.971809
3222.581999,0.979880,0.985831
3222.583387,0.997806,1.003802
3222.584776,0.980510,0.986593
3222.586165,1.007417,1.013818
3222.587554,0.998547,1.005234
3222.588943,0.988600,0.995154
3222.590332,1.000428,1.007156
3222.591720,0.985386,0.992126
3222.593109,1.005624,1.012439
3222.594498,1.004240,1.010874
3222.595887,0.990665,0.997070
3222.597276,0.961056,0.967287
3222.598665,0.982065,0.988633
3222.600053,1.011032,1.017873
3222.601442,1.009728,1.016774
3222.602831,0.977859,0.984502
3222.604220,0.974314,0.980812
3222.605609,1.009051,1.015842
3222.606998,1.022366,1.029315
3222.608386,0.977391,0.984060
3222.609775,1.013648,1.020399
3222.611164,0.970557,0.976972
3222.612553,0.976557,0.982900
3222.613942,1.022349,1.028974
3222.615331,0.990205,0.996641
3222.616719,1.014719,1.021385
3222.618108,0.992467,0.998999
3222.619497,0.979559,0.985916
3222.620886,0.986282,0.992410
3222.622275,1.017560,1.023748
3222.623664,0.997800,1.003959
3222.625052,0.986080,0.991857
3222.626441,0.995437,1.001160
3222.627830,0.998885,1.004710
3222.629219,0.995707,1.001580
3222.630608,0.997680,1.003201
3222.631997,0.975541,0.980938
3222.633385,1.011669,1.017518
3222.634774,0.994754,1.000178
3222.636163,0.994012,0.999498
3222.637552,0.990193,0.995754
3222.638941,1.029520,1.035095
3222.640330,0.992373,0.997844
3222.641718,0.990288,0.995741
3222.643107,0.977139,0.982519
3222.644496,0.983721,0.989136
3222.645885,1.009949,1.015366
3222.647274,1.007380,1.012414
3222.648663,0.984062,0.988686
3222.650051,0.997268,1.001891
3222.651440,1.007262,1.011754
3222.652829,0.988213,0.992776
3222.654218,1.000328,1.004893
3222.655607,1.006658,1.011123
3222.656996,1.000849,1.005221
3222.658384,1.008009,1.012089
3222.659773,1.007403,1.011450
3222.661162,0.992878,0.996623
3222.662551,0.979498,0.983313
3222.663940,0.981472,0.985054
3222.665328,1.015864,1.019692
3222.666717,1.003610,1.007175
3222.668106,0.974405,0.977731
3222.669495,0.979076,0.982328
3222.670884,1.009506,1.012802
3222.672273,0.987453,0.990727
3222.673661,0.974741,0.977707
3222.675050,1.006191,1.009268
3222.676439,1.000652,1.003841
3222.677828,1.009478,1.012704
3222.679217,0.978175,0.981157
3222.680606,1.013775,1.016731
3222.681994,0.989916,0.992700
3222.683383,0.990055,0.992945
3222.684772,1.004057,1.007008
3222.686161,0.994977,0.997556
3222.687550,1.019271,1.021654
3222.688939,1.004422,1.006490
3222.690327,0.989892,0.992096
3222.691716,0.991406,0.993478
3222.693105,0.998179,1.000256
3222.694494,1.006366,1.008244
3222.695883,1.008397,1.010464
3222.697272,0.996784,0.998568
3222.698660,0.995852,0.997545
3222.700049,0.981996,0.983407
3222.701438,1.011640,1.013160
3222.702827,0.990601,0.991903
3222.704216,0.999383,1.000562
3222.705605,0.984511,0.985589
3222.706993,0.988710,0.989559
3222.708382,1.013320,1.014063
3222.709771,1.009357,1.010012
3222.711160,0.986416,0.986904
3222.712549,0.995405,0.995651
3222.713938,0.967326,0.967357
3222.715326,0.992242,0.992126
3222.716715,0.999085,0.999125
3222.718104,0.994144,0.994021
3222.719493,1.000162,0.999877
3222.720882,0.994136,0.993849
3222.722271,1.000244,0.999982
3222.723659,0.985979,0.985707
3222.725048,0.987693,0.987398
3222.726437,0.990876,0.990773
3222.727826,0.996558,0.996367
3222.729215,0.991758,0.991580
3222.730604,0.997362,0.997199
3222.731992,1.010247,1.010326
3222.733381,0.999753,0.999827
3222.734770,1.023118,1.023179
3222.736159,1.001022,1.001438
3222.737548,1.027414,1.028064
3222.738936,1.027935,1.028593
3222.740325,1.002612,1.003183
3222.741714,1.005556,1.006467
3222.743103,0.980395,0.981373
3222.744492,1.010716,1.011737
3222.745881,1.005208,1.006131
3222.747269,0.988219,0.989029
3222.748658,1.005486,1.006392
3222.750047,0.972752,0.973793
3222.751436,1.008160,1.009254
3222.752825,1.012497,1.013778
3222.754214,1.036817,1.038000
3222.755602,0.993159,0.994213
3222.756991,0.998915,1.000025
3222.758380,0.994739,0.995891
3222.759769,1.001690,1.002884
3222.761158,0.989120,0.990112
3222.762547,0.995963,0.997052
3222.763935,0.986692,0.987829
3222.765324,1.034805,1.036137
3222.766713,1.001428,1.002791
3222.768102,1.015847,1.017033
3222.769491,0.993827,0.995005
3222.770880,1.001369,1.002591
3222.772268,0.977302,0.978491
3222.773657,1.010450,1.011690
3222.775046,1.019792,1.020828
3222.776435,1.004252,1.005416
3222.777824,1.004913,1.005836
3222.779213,0.977981,0.979016
3222.780601,0.991873,0.992986
3222.781990,1.014822,1.015697
3222.783379,0.988672,0.989544
3222.784768,1.022846,1.023660
3222.786157,0.980156,0.980843
3222.787546,0.993703,0.994483
3222.788934,0.998746,0.999747
3222.790323,1.017787,1.018711
3222.791712,0.992611,0.993573
3222.793101,0.997504,0.998395
3222.794490,1.018992,1.019834
3222.795879,1.012476,1.013371
3222.797267,0.959645,0.960530
3222.798656,0.990011,0.991016
3222.800045,1.035715,1.036868
3222.801434,0.975378,0.976314
3222.802823,0.996915,0.997885
3222.804212,1.024135,1.025223
3222.805600,0.986716,0.987724
3222.806989,1.010253,1.010977
3222.808378,0.990717,0.991358
3222.809767,1.021685,1.022423
3222.811156,1.010252,1.011014
3222.812544,1.004786,1.005522
3222.813933,0.979789,0.980388
3222.815322,0.981615,0.982147
3222.816711,1.000337,1.000957
3222.818100,0.989603,0.990251
3222.819489,1.007349,1.007964
3222.820877,0.977367,0.978029
3222.822266,0.993619,0.994219
3222.823655,0.998758,0.999199
3222.825044,0.982388,0.982665
3222.826433,1.010678,1.010812
3222.827822,0.998145,0.998149
3222.829210,1.008162,1.008122
3222.830599,0.982093,0.982220
3222.831988,1.009713,1.009927
3222.833377,0.972580,0.972706
3222.834766,0.983760,0.983891
3222.836155,1.005219,1.005625
3222.837543,0.996910,0.997425
3222.838932,1.014055,1.014554
3222.840321,0.976363,0.976897
3222.841710,1.014695,1.015463
3222.843099,1.000066,1.000668
3222.844488,1.030551,1.031237
3222.845876,0.990227,0.990890
3222.847265,1.009153,1.010024
3222.848654,0.990191,0.991035
3222.850043,1.030263,1.031243
3222.851432,0.999499,1.000588
3222.852821,0.974134,0.975136
3222.854209,0.977139,0.978238
3222.855598,0.979263,0.980170
3222.856987,1.029660,1.030564
3222.858376,0.988022,0.989018
3222.859765,1.006564,1.007399
3222.861154,0.966320,0.967195
3222.862542,1.006646,1.007571
3222.863931,0.992978,0.993856
3222.865320,0.998148,0.999154
3222.866709,0.984261,0.985318
3222.868098,1.022225,1.023497
3222.869487,0.968308,0.969478
3222.870875,0.992216,0.993561
3222.872264,0.977383,0.978765
3222.873653,0.990490,0.991949
3222.875042,0.994679,0.996300
3222.876431,1.005263,1.006660
3222.877819,0.994807,0.996133
3222.879208,0.967652,0.969071
3222.880597,0.998161,0.999522
3222.881986,0.998008,0.999551
3222.883375,0.999530,1.000998
3222.884764,0.980046,0.981479
3222.886152,0.972347,0.973882
3222.887541,0.985722,0.987339
3222.888930,0.989304,0.990979
3222.890319,0.983249,0.984943
3222.891708,1.001232,1.003108
3222.893097,1.033108,1.035092
3222.894485,0.988047,0.989903
3222.895874,1.007227,1.009298
3222.897263,1.000934,1.003081
3222.898652,1.033048,1.035339
3222.900041,0.993644,0.995942
3222.901430,0.988546,0.990920
3222.902818,1.032900,1.035329
3222.904207,1.018203,1.020475
3222.905596,1.010221,1.012243
3222.906985,0.985075,0.986947
3222.908374,1.037131,1.039215
3222.909763,1.005693,1.007617
3222.911151,1.011292,1.013338
3222.912540,0.992672,0.994609
3222.913929,0.987580,0.989396
3222.915318,0.986825,0.988663
3222.916707,1.013822,1.015719
3222.918096,1.007112,1.009221
3222.919484,1.016335,1.018431
3222.920873,0.995054,0.997041
3222.922262,0.993057,0.994896
3222.923651,1.003824,1.005698
3222.925040,1.015405,1.017392
3222.926429,0.998561,1.000573
3222.927817,0.982532,0.984524
3222.929206,1.026662,1.028969
3222.930595,1.008702,1.011126
3222.931984,0.990347,0.992845
3222.933373,1.000501,1.002773
3222.934761,0.986262,0.988371
3222.936150,1.019576,1.021647
3222.937539,0.990354,0.992583
3222.938928,0.979230,0.981441
3222.940317,1.015998,1.018499
3222.941706,0.994708,0.997153
3222.943094,1.006959,1.009145
3222.944483,0.981083,0.983245
3222.945872,0.998344,1.000530
3222.947261,0.991253,0.993563
3222.948650,0.984512,0.986844
3222.950039,0.997282,0.999539
3222.951427,1.005272,1.007669
3222.952816,0.981471,0.983684
3222.954205,0.996422,0.998883
3222.955594,1.024421,1.026897
3222.956983,1.006328,1.008763
3222.958372,1.012620,1.014939
3222.959760,0.978456,0.980722
3222.961149,0.988148,0.990488
3222.962538,1.011725,1.013957
3222.963927,1.005990,1.008071
3222.965316,1.016769,1.019119
3222.966705,0.995660,0.998032
3222.968093,0.990830,0.992905
3222.969482,1.000768,1.003009
3222.970871,1.012212,1.014458
3222.972260,0.987554,0.989667
3222.973649,0.984486,0.986729
3222.975038,0.984811,0.986953
3222.976426,1.005627,1.007815
3222.977815,0.984581,0.986685
3222.979204,0.981594,0.983567
3222.980593,0.990899,0.992688
3222.981982,0.996963,0.998782
3222.983371,0.997051,0.998816
3222.984759,1.003307,1.005148
3222.986148,1.000824,1.002696
3222.987537,0.999629,1.001461
3222.988926,0.988808,0.990864
3222.990315,0.980601,0.982629
3222.991703,0.974515,0.976683
3222.993092,0.982821,0.984889
3222.994481,0.985150,0.987143
3222.995870,0.983982,0.985968
3222.997259,1.004023,1.005957
3222.998648,0.991528,0.993537
3223.000036,0.999300,1.001264
3223.001425,1.001247,1.003346
3223.002814,1.015163,1.017426
3223.004203,0.993641,0.995827
3223.005592,1.002044,1.004434
3223.006981,0.992447,0.994867
3223.008369,1.004200,1.006787
3223.009758,0.976156,0.978690
3223.011147,1.005796,1.008348
3223.012536,1.005591,1.007950
3223.013925,1.004557,1.006950
3223.015314,1.007881,1.010140
3223.016702,1.002052,1.004270
3223.018091,1.008250,1.010279
3223.019480,0.990306,0.992360
3223.020869,1.006551,1.008774
3223.022258,0.983723,0.986035
3223.023647,0.993213,0.995625
3223.025035,1.007337,1.009468
3223.026424,0.958114,0.960271
3223.027813,1.005044,1.007228
3223.029202,1.003759,1.006231
3223.030591,0.998364,1.000751
3223.031980,1.012949,1.015458
3223.033368,1.002733,1.005321
3223.034757,1.005595,1.008278
3223.036146,1.002135,1.004699
3223.037535,1.011155,1.013931
3223.038924,1.005924,1.008734
3223.040312,0.990676,0.993589
3223.041701,1.010339,1.013200
3223.043090,0.971210,0.974010
3223.044479,0.996469,0.999406
3223.045868,1.003916,1.006949
3223.047257,0.974569,0.977783
3223.048645,0.990716,0.994024
3223.050034,0.972449,0.975775
3223.051423,0.989933,0.993476
3223.052812,1.004513,1.008479
3223.054201,1.001920,1.006054
3223.055590,0.994470,0.998581
3223.056978,0.996681,1.001094
3223.058367,1.001408,1.006013
3223.059756,0.985918,0.990671
3223.061145,0.973861,0.978517
3223.062534,1.014371,1.019297
3223.063923,0.995292,1.000023
3223.065311,0.998212,1.002933
3223.066700,1.015006,1.019758
3223.068089,1.004344,1.009165
3223.069478,1.006354,1.011176
3223.070867,0.973283,0.977993
3223.072256,0.981739,0.986425
3223.073644,1.004128,1.008792
3223.075033,1.013403,1.018290
3223.076422,0.983977,0.988631
3223.077811,0.991009,0.995638
3223.079200,0.991952,0.996528
3223.080589,0.979700,0.984329
3223.081977,0.983693,0.988416
3223.083366,0.998545,1.003457
3223.084755,0.999658,1.004398
3223.086144,0.993901,0.998527
3223.087533,0.993239,0.997730
3223.088921,1.006043,1.010608
3223.090310,0.988625,0.993223
3223.091699,1.006384,1.011073
3223.093088,0.997274,1.001849
3223.094477,0.996748,1.001342
3223.095866,1.017771,1.022480
3223.097254,1.014922,1.019532
3223.098643,0.999926,1.004232
3223.100032,0.989312,0.993632
3223.101421,0.974933,0.979140
3223.102810,0.993349,0.997684
3223.104199,1.024413,1.028658
3223.105587,0.998473,1.002688
3223.106976,1.005796,1.010333
3223.108365,1.005874,1.010275
3223.109754,0.970199,0.974528
3223.111143,1.006045,1.010508
3223.112532,0.999854,1.004401
3223.113920,0.997276,1.001724
3223.115309,0.994147,0.998573
3223.116698,0.994503,0.999107
3223.118087,1.004567,1.009245
3223.119476,0.999256,1.003953
3223.120865,1.012140,1.016975
3223.122253,0.982594,0.987219
3223.123642,0.995807,1.000332
3223.125031,0.994332,0.998809
3223.126420,0.993920,0.998335
3223.127809,1.003248,1.007772
3223.129198,0.990634,0.995021
3223.130586,0.988664,0.992826
3223.131975,0.995884,1.000052
3223.133364,0.997949,1.001952
3223.134753,0.986580,0.990531
3223.136142,0.995572,0.999588
3223.137530,0.990116,0.993990
3223.138919,1.008412,1.012244
3223.140308,1.006634,1.010470
3223.141697,0.991711,0.995599
3223.143086,0.988545,0.992425
3223.144475,1.013753,1.017645
3223.145863,0.989052,0.993052
3223.147252,0.971114,0.975157
3223.148641,0.980575,0.984734
3223.150030,0.969338,0.973365
3223.151419,1.006117,1.010277
3223.152808,0.991029,0.994947
3223.154196,0.996967,1.000914
3223.155585,1.012541,1.016482
3223.156974,0.986978,0.990889
3223.158363,1.019569,1.023689
3223.159752,0.957881,0.961761
3223.161141,0.991835,0.995921
3223.162529,0.991441,0.995732
3223.163918,0.987449,0.991647
3223.165307,0.991892,0.996000
3223.166696,0.993422,0.997588
3223.168085,0.986561,0.990738
3223.169474,0.996836,1.001003
3223.170862,0.992178,0.996308
3223.172251,1.018975,1.023234
3223.173640,1.016110,1.020317
3223.175029,0.992108,0.996275
3223.176418,1.011773,1.016135
3223.177806,0.984875,0.989310
3223.179195,0.994852,0.999292
3223.180584,0.991168,0.995555
3223.181973,0.981579,0.985857
3223.183362,0.980190,0.984502
3223.184751,0.992657,0.996919
3223.186139,1.004831,1.009060
3223.187528,0.990513,0.994671
3223.188917,0.993737,0.997885
3223.190306,0.984779,0.989097
3223.191695,0.972072,0.976314
3223.193084,1.002335,1.006580
3223.194472,0.986609,0.991010
3223.195861,1.004768,1.009125
3223.197250,0.986834,0.991142
3223.198639,0.998279,1.002695
3223.200028,1.006623,1.011076
3223.201417,0.989947,0.994275
3223.202805,0.996537,1.000940
3223.204194,0.989670,0.993977
3223.205583,0.990575,0.994820
3223.206972,0.990851,0.995074
3223.208361,0.961781,0.965898
3223.209750,0.990579,0.994880
3223.211138,1.003207,1.007525
3223.212527,0.994562,0.998770
3223.213916,0.999168,1.003333
3223.215305,0.991463,0.995624
3223.216694,0.997853,1.001980
3223.218083,1.011986,1.016338
3223.219471,1.026715,1.031312
3223.220860,0.988076,0.992454
3223.222249,0.973136,0.977459
3223.223638,1.021789,1.026304
3223.225027,0.996137,1.000667
3223.226415,1.022600,1.027163
3223.227804,1.014633,1.019203
3223.229193,0.988620,0.993141
3223.230582,0.978812,0.983081
3223.231971,0.984750,0.989087
3223.233360,1.014110,1.018713
3223.234748,1.002313,1.006719
3223.236137,0.976241,0.980427
3223.237526,1.030595,1.034996
3223.238915,0.999834,1.004234
3223.240304,0.982372,0.986758
3223.241693,1.005716,1.010121
3223.243081,1.016028,1.020336
3223.244470,0.991320,0.995675
3223.245859,0.997682,1.001976
3223.247248,1.006206,1.010717
3223.248637,0.995587,1.000226
3223.250026,1.001130,1.005991
3223.251414,0.980911,0.985731
3223.252803,0.988898,0.993735
3223.254192,0.991134,0.995938
3223.255581,0.993622,0.998491
3223.256970,1.007307,1.012186
3223.258359,1.001735,1.006755
3223.259747,1.001537,1.006489
3223.261136,0.999943,1.004960
3223.262525,0.983055,0.988059
3223.263914,1.011047,1.016198
3223.265303,0.969955,0.974773
3223.266691,0.998186,1.003099
3223.268080,0.990509,0.995456
3223.269469,0.992079,0.997007
3223.270858,0.982345,0.987347
3223.272247,1.000599,1.005409
3223.273636,1.023585,1.028445
3223.275024,0.993243,0.997817
3223.276413,1.007884,1.012293
3223.277802,1.002773,1.007338
3223.279191,0.998854,1.003297
3223.280580,0.984198,0.988687
3223.281969,0.988981,0.993406
3223.283357,1.011694,1.016248
3223.284746,1.000979,1.005538
3223.286135,1.012118,1.016820
3223.287524,0.993640,0.998315
3223.288913,0.984632,0.989137
3223.290302,0.998265,1.002869
3223.291690,0.953175,0.957563
3223.293079,1.000377,1.004973
3223.294468,1.004668,1.009249
3223.295857,0.990859,0.995342
3223.297246,0.975796,0.980139
3223.298635,0.976778,0.981210
3223.300023,1.002263,1.006955
3223.301412,0.989765,0.994305
3223.302801,0.995847,1.000178
3223.304190,0.996361,1.000682
3223.305579,0.982275,0.986566
3223.306967,0.995137,0.999481
3223.308356,0.990399,0.994557
3223.309745,1.002449,1.006569
3223.311134,0.985581,0.989578
3223.312523,0.991748,0.995725
3223.313912,1.017416,1.021305
3223.315300,1.000680,1.004460
3223.316689,1.003175,1.007007
3223.318078,0.983009,0.986811
3223.319467,0.993409,0.997446
3223.320856,0.973678,0.977644
3223.322245,1.000659,1.004655
3223.323633,0.988161,0.992051
3223.325022,0.999183,1.003153
3223.326411,0.991642,0.995726
3223.327800,0.973266,0.977106
3223.329189,0.989919,0.993918
3223.330578,1.013994,1.018166
3223.331966,0.966839,0.970910
3223.333355,0.980594,0.984803
3223.334744,0.993571,0.997940
3223.336133,0.999328,1.003696
3223.337522,0.986759,0.991091
3223.338911,1.006739,1.011202
3223.340299,0.991239,0.995724
3223.341688,0.990603,0.994808
3223.343077,0.996618,1.000745
3223.344466,1.017415,1.021527
3223.345855,1.002331,1.006248
3223.347243,0.995012,0.998981
3223.348632,0.995828,0.999712
3223.350021,0.990083,0.993949
3223.351410,1.011305,1.015240
3223.352799,0.982708,0.986686
3223.354188,0.992111,0.996171
3223.355576,0.986023,0.989948
3223.356965,1.000037,1.003997
3223.358354,1.015350,1.019259
3223.359743,0.987473,0.991430
3223.361132,0.984438,0.988674
3223.362521,0.990876,0.995179
3223.363909,0.980937,0.985128
3223.365298,1.004325,1.008668
3223.366687,1.004331,1.008740
3223.368076,1.010415,1.014849
3223.369465,0.992961,0.997332
3223.370854,1.011622,1.016057
3223.372242,0.991371,0.995617
3223.373631,1.000433,1.004633
3223.375020,1.003048,1.007278
3223.376409,0.994532,0.998699
3223.377798,1.021924,1.026479
3223.379187,0.966692,0.970967
3223.380575,0.985130,0.989520
3223.381964,0.994087,0.998422
3223.383353,0.978868,0.983152
3223.384742,0.979298,0.983542
3223.386131,0.996210,1.000430
3223.387519,1.015287,1.019543
3223.388908,0.994995,0.999013
3223.390297,1.001862,1.005896
3223.391686,0.989178,0.993319
3223.393075,1.015703,1.019676
3223.394464,0.986874,0.990588
3223.395852,0.991161,0.994687
3223.397241,0.982450,0.985773
3223.398630,0.977830,0.981148
3223.400019,0.999132,1.002651
3223.401408,1.017376,1.020948
3223.402797,0.990695,0.993928
3223.404185,0.985801,0.989039
3223.405574,1.002721,1.006182
3223.406963,0.993039,0.996232
3223.408352,0.989821,0.992879
3223.409741,0.988546,0.991774
3223.411130,0.989115,0.992197
3223.412518,1.006512,1.009375
3223.413907,0.974541,0.977099
3223.415296,1.018107,1.020792
3223.416685,1.005668,1.008230
3223.418074,1.012777,1.015264
3223.419462,1.006141,1.008507
3223.420851,0.994571,0.996890
3223.422240,0.985255,0.987451
3223.423629,1.000096,1.002252
3223.425018,0.995392,0.997474
3223.426407,1.014339,1.016320
3223.427795,0.995016,0.996949
3223.429184,1.008696,1.010482
3223.430573,1.008839,1.010552
3223.431962,1.020301,1.022171
3223.433351,0.997688,0.999504
3223.434740,0.996512,0.998442
3223.436128,1.004537,1.006397
3223.437517,0.973834,0.975704
3223.438906,1.015449,1.017423
3223.440295,0.982360,0.984414
3223.441684,0.992453,0.994641
3223.443073,0.986611,0.988742
3223.444461,0.972368,0.974510
3223.445850,1.001090,1.003165
3223.447239,0.991777,0.993883
3223.448628,1.020850,1.022972
3223.450017,0.987106,0.989168
3223.451406,1.001868,1.003980
3223.452794,1.006788,1.008775
3223.454183,1.023889,1.025718
3223.455572,1.014652,1.016356
3223.456961,0.998503,1.000078
3223.458350,0.995473,0.997052
3223.459738,0.999725,1.001318
3223.461127,0.995545,0.997053
3223.462516,0.995262,0.996791
3223.463905,0.998367,0.999960
3223.465294,1.011740,1.013466
3223.466683,1.019641,1.021471
3223.468071,0.988854,0.990503
3223.469460,0.967582,0.969194
3223.470849,0.991221,0.992849
3223.472238,1.007229,1.008939
3223.473627,0.996285,0.998138
3223.475016,0.988395,0.990400
3223.476404,0.999540,1.001409
3223.477793,0.990324,0.992042
3223.479182,0.988046,0.989990
3223.480571,0.990320,0.992160
3223.481960,0.988386,0.989955
3223.483349,0.983500,0.984947
3223.484737,0.992528,0.993904
3223.486126,1.004288,1.005802
3223.487515,1.011325,1.012721
3223.488904,0.982265,0.983723
3223.490293,0.991469,0.992964
3223.491681,1.022760,1.024470
3223.493070,1.015436,1.017106
3223.494459,0.998114,0.999598
3223.495848,0.978403,0.979933
3223.497237,1.008345,1.009909
3223.498626,1.011772,1.013197
3223.500014,1.005485,1.006899
3223.501403,1.014183,1.015708
3223.502792,0.994967,0.996474
3223.504181,0.994702,0.996224
3223.505570,1.009134,1.010817
3223.506959,1.012580,1.014158
3223.508347,0.980829,0.982283
3223.509736,1.006545,1.008136
3223.511125,0.983469,0.985042
3223.512514,0.997620,0.999052
3223.513903,1.005519,1.006859
3223.515292,0.988011,0.989356
3223.516680,0.999030,1.000484
3223.518069,0.985788,0.987349
3223.519458,1.011060,1.012584
3223.520847,1.005800,1.007339
3223.522236,0.993373,0.994867
3223.523625,0.993223,0.994736
3223.525013,0.981817,0.983327
3223.526402,1.015274,1.016771
3223.527791,1.024827,1.026388
3223.529180,1.014745,1.016351
3223.530569,0.981473,0.983146
3223.531957,1.019398,1.021104
3223.533346,1.003965,1.005787
3223.534735,1.004970,1.006652
3223.536124,1.016594,1.018195
3223.537513,0.995145,0.996557
3223.538902,0.988129,0.989573
3223.540290,0.983340,0.984801
3223.541679,1.000022,1.001369
3223.543068,0.992832,0.994204
3223.544457,1.010157,1.011613
3223.545846,0.989840,0.991078
3223.547235,1.013641,1.015112
3223.548623,0.984645,0.986280
3223.550012,1.006641,1.008313
3223.551401,0.989661,0.991478
3223.552790,0.987048,0.988985
3223.554179,1.009837,1.011720
3223.555568,1.008663,1.010521
3223.556956,0.993181,0.994946
3223.558345,1.004946,1.006778
3223.559734,0.984256,0.986208
3223.561123,0.978585,0.980400
3223.562512,0.996021,0.997899
3223.563900,0.993564,0.995346
3223.565289,0.997566,0.999550
3223.566678,1.006029,1.008204
3223.568067,0.989181,0.991335
3223.569456,0.980558,0.982662
3223.570845,1.011890,1.014186
3223.572233,1.009241,1.011630
3223.573622,1.000044,1.002305
3223.575011,0.987374,0.989638
3223.576400,1.018172,1.020554
3223.577789,0.989614,0.992114
3223.579178,0.980604,0.982921
3223.580566,0.963357,0.965646
3223.581955,1.006378,1.009006
3223.583344,0.998720,1.001248
3223.584733,0.988127,0.990470
3223.586122,0.991340,0.993483
3223.587511,0.983957,0.985949
3223.588899,0.977475,0.979513
3223.590288,0.983675,0.985883
3223.591677,0.986826,0.989231
3223.593066,0.988403,0.990792
3223.594455,1.003796,1.006088
3223.595843,0.977629,0.979897
3223.597232,0.991656,0.993962
3223.598621,1.007803,1.010018
3223.600010,1.012799,1.014722
3223.601399,0.992502,0.994410
3223.602788,0.987567,0.989510
3223.604176,1.004434,1.006255
3223.605565,0.998841,1.000715
3223.606954,1.008680,1.010484
3223.608343,1.022100,1.023968
3223.609732,1.021569,1.023401
3223.611121,1.006451,1.008279
3223.612509,0.993512,0.995447
3223.613898,1.018214,1.020278
3223.615287,0.999542,1.001569
3223.616676,0.993608,0.995500
3223.618065,0.999269,1.001351
3223.619454,0.997721,0.999897
3223.620842,0.978436,0.980458
3223.622231,1.002609,1.004395
3223.623620,0.985111,0.986710
3223.625009,0.993270,0.994890
3223.626398,1.006428,1.007992
3223.627786,0.995095,0.996564
3223.629175,1.016076,1.017465
3223.630564,1.009037,1.010280
3223.631953,1.001847,1.003067
3223.633342,0.998801,1.000050
3223.634731,0.989151,0.990146
3223.636119,0.996687,0.997771
3223.637508,0.998803,1.000014
3223.638897,1.012517,1.013880
3223.640286,1.015919,1.017307
3223.641675,1.030320,1.031675
3223.643064,0.973297,0.974527
3223.644452,0.988444,0.989628
3223.645841,1.030702,1.031896
3223.647230,0.982432,0.983640
3223.648619,0.981592,0.982835
3223.650008,0.989747,0.990938
3223.651397,0.997174,0.998386
3223.652785,1.010239,1.011506
3223.654174,0.980365,0.981546
3223.655563,0.996760,0.997958
3223.656952,1.010755,1.012097
3223.658341,1.021109,1.022526
3223.659729,1.002181,1.003488
3223.661118,0.973317,0.974436
3223.662507,0.991002,0.991999
3223.663896,0.992453,0.993605
3223.665285,0.995868,0.997100
3223.666674,0.970300,0.971508
3223.668062,0.998511,0.999672
3223.669451,0.997157,0.998318
3223.670840,1.003485,1.004597
3223.672229,1.011110,1.012119
3223.673618,0.991374,0.992050
3223.675007,0.980729,0.981399
3223.676395,1.007800,1.008557
3223.677784,1.001268,1.002013
3223.679173,0.993010,0.993897
3223.680562,0.987746,0.988613
3223.681951,1.001721,1.002576
3223.683340,1.013124,1.014195
3223.684728,1.013408,1.014568
3223.686117,1.002372,1.003587
3223.687506,0.989524,0.990631
3223.688895,0.990362,0.991467
3223.690284,0.990971,0.992189
3223.691672,1.004026,1.005406
3223.693061,1.007440,1.008915
3223.694450,0.997960,0.999241
3223.695839,0.996150,0.997161
3223.697228,1.012557,1.013452
3223.698617,0.977280,0.978187
3223.700005,1.028336,1.029040
3223.701394,0.983708,0.984494
3223.702783,0.996687,0.997453
3223.704172,0.969459,0.970126
3223.705561,1.020241,1.021033
3223.706950,0.997657,0.998488
3223.708338,0.979998,0.980860
3223.709727,1.010530,1.011265
3223.711116,1.006379,1.007059
3223.712505,0.994379,0.994959
3223.713894,1.001564,1.001992
3223.715283,1.021139,1.021568
3223.716671,0.996763,0.997292
3223.718060,1.009163,1.009608
3223.719449,1.001365,1.001913
3223.720838,0.981668,0.982045
3223.722227,1.012983,1.013286
3223.723615,0.986410,0.986637
3223.725004,1.010758,1.011025
3223.726393,1.017175,1.017198
3223.727782,0.998026,0.998150
3223.729171,0.994592,0.994856
3223.730560,0.978554,0.978805
3223.731948,1.015319,1.015701
3223.733337,1.006840,1.007179
3223.734726,1.002785,1.003045
3223.736115,1.014221,1.014563
3223.737504,1.013185,1.013748
3223.738893,1.004431,1.004703
3223.740281,0.988308,0.988650
3223.741670,1.000581,1.000918
3223.743059,0.999311,0.999718
3223.744448,1.020638,1.020907
3223.745837,0.964437,0.964721
3223.747226,1.009702,1.010112
3223.748614,1.013463,1.013991
3223.750003,1.006899,1.007413
3223.751392,0.981986,0.982532
3223.752781,0.981043,0.981713
3223.754170,0.985865,0.986483
3223.755558,1.005521,1.006310
3223.756947,1.012449,1.013423
3223.758336,1.033135,1.034347
3223.759725,0.995069,0.996336
3223.761114,0.996092,0.997363
3223.762503,1.004310,1.005630
3223.763891,1.013513,1.014948
3223.765280,0.992802,0.994254
3223.766669,0.977049,0.978393
3223.768058,1.006228,1.007584
3223.769447,1.008837,1.010389
3223.770836,0.984918,0.986485
3223.772224,0.988064,0.989611
3223.773613,1.005400,1.006952
3223.775002,0.992515,0.993957
3223.776391,0.990401,0.991684
3223.777780,0.992812,0.994069
3223.779169,0.994980,0.996171
3223.780557,1.015029,1.016399
3223.781946,0.993433,0.994476
3223.783335,1.002870,1.004071
3223.784724,1.018135,1.019354
3223.786113,1.020808,1.022137
3223.787501,0.992201,0.993561
3223.788890,0.982142,0.983565
3223.790279,0.993696,0.995068
3223.791668,1.004270,1.005688
3223.793057,0.987744,0.989345
3223.794446,0.991487,0.993192
3223.795834,0.981643,0.983388
3223.797223,0.976306,0.978043
3223.798612,0.998095,0.999838
3223.800001,1.019894,1.021643
3223.801390,0.984149,0.985748
3223.802779,1.005769,1.007349
3223.804167,0.990540,0.992223
3223.805556,1.014955,1.016666
3223.806945,1.013423,1.015010
3223.808334,0.991601,0.993129
3223.809723,0.982755,0.984035
3223.811111,0.991034,0.992502
3223.812500,0.985218,0.986690
3223.813889,1.000235,1.001501
3223.815278,0.996650,0.998144
3223.816667,0.977811,0.979309
3223.818056,0.983666,0.985226
3223.819444,0.996107,0.997707
3223.820833,0.993834,0.995393
3223.822222,1.008642,1.010334
3223.823611,1.000344,1.002162
3223.825000,0.998736,1.000459
3223.826389,1.007508,1.009119
3223.827777,0.989642,0.991300
3223.829166,0.973841,0.975655
3223.830555,1.000975,1.002978
3223.831944,1.018657,1.020708
3223.833333,1.012199,1.014274
3223.834722,0.991942,0.994251
3223.836110,1.015095,1.017502
3223.837499,0.986700,0.989010
3223.838888,0.977125,0.979317
3223.840277,0.957405,0.959730
3223.841666,1.011802,1.014174
3223.843054,0.990500,0.992927
3223.844443,1.004312,1.006743
3223.845832,1.006201,1.008713
3223.847221,0.993842,0.996380
3223.848610,1.000397,1.003043
3223.849999,1.020006,1.022723
3223.851387,1.012894,1.015720
3223.852776,0.996364,0.999254
3223.854165,0.995774,0.998645
3223.855554,1.005547,1.008462
3223.856943,1.012208,1.015100
3223.858332,1.017855,1.020900
3223.859720,0.997368,1.000339
3223.861109,0.987277,0.990154
3223.862498,0.982821,0.985696
3223.863887,0.995432,0.998397
3223.865276,0.990087,0.992970
3223.866665,0.981588,0.984483
3223.868053,1.024033,1.026930
3223.869442,1.002881,1.005788
3223.870831,1.007290,1.010293
3223.872220,1.013690,1.016975
3223.873609,1.001780,1.004925
3223.874997,0.994820,0.998100
3223.876386,0.979032,0.982467
3223.877775,0.987120,0.990578
3223.879164,0.997742,1.001245
3223.880553,0.966891,0.970385
3223.881942,1.014160,1.017830
3223.883330,1.004662,1.008229
3223.884719,0.994402,0.998114
3223.886108,1.009242,1.013103
3223.887497,0.962163,0.965830
3223.888886,0.997130,1.001201
3223.890275,0.998730,1.002799
3223.891663,1.000142,1.004243
3223.893052,0.966893,0.970874
3223.894441,1.000848,1.004846
3223.895830,1.000770,1.004833
3223.897219,0.993713,0.997769
3223.898607,1.012008,1.016324
3223.899996,0.990442,0.994697
3223.901385,0.992564,0.996833
3223.902774,1.000794,1.005086
3223.904163,1.014439,1.018828
3223.905552,0.964840,0.968952
3223.906940,1.020027,1.024219
3223.908329,0.997962,1.002113
3223.909718,0.997976,1.002045
3223.911107,0.994604,0.998685
3223.912496,0.994084,0.997923
3223.913885,0.997562,1.001723
3223.915273,0.979091,0.983056
3223.916662,1.001371,1.005238
3223.918051,1.002956,1.007004
3223.919440,1.005558,1.009753
3223.920829,0.978762,0.983047
3223.922218,1.004940,1.009461
3223.923606,1.001069,1.005652
3223.924995,1.012289,1.016858
3223.926384,0.997509,1.001753
3223.927773,0.982583,0.986701
3223.929162,1.003201,1.007475
3223.930550,0.986955,0.990930
3223.931939,0.991048,0.995024
3223.933328,0.985717,0.989726
3223.934717,1.000211,1.004465
3223.936106,1.015413,1.019704
3223.937495,0.988359,0.992473
3223.938883,0.992285,0.996462
3223.940272,0.986865,0.991123
3223.941661,0.985403,0.989533
3223.943050,0.988569,0.992899
3223.944439,1.009552,1.013899
3223.945828,0.988653,0.993090
3223.947216,1.011467,1.016226
3223.948605,0.963712,0.968141
3223.949994,1.016717,1.021435
3223.951383,0.987177,0.991672
3223.952772,1.009755,1.014042
3223.954160,1.002681,1.006962
3223.955549,0.984329,0.988508
3223.956938,0.984374,0.988771
3223.958327,0.981840,0.986266
3223.959716,1.018201,1.022834
3223.961105,1.014627,1.019250
3223.962493,0.997193,1.001830
3223.963882,1.009655,1.014427
3223.965271,0.997969,1.002935
3223.966660,0.991196,0.996163
3223.968049,0.978406,0.983226
3223.969438,0.973272,0.978024
3223.970826,1.009729,1.014705
3223.972215,0.989035,0.994020
3223.973604,0.985750,0.990571
3223.974993,1.004930,1.009601
3223.976382,0.985994,0.990652
3223.977771,0.995828,1.000761
3223.979159,0.983463,0.988496
3223.980548,0.986882,0.992020
3223.981937,1.013290,1.018685
3223.983326,0.979481,0.984842
3223.984715,0.990110,0.995707
3223.986103,0.991619,0.997337
3223.987492,0.995492,1.001222
3223.988881,0.988810,0.994666
3223.990270,1.009990,1.015953
3223.991659,0.987067,0.992934
3223.993048,0.992548,0.998422
3223.994436,1.006485,1.012530
3223.995825,0.995391,1.001437
3223.997214,1.004619,1.010912
3223.998603,0.985615,0.991789
3223.999992,0.992523,0.998670
3224.001381,1.004789,1.010980
3224.002769,0.995209,1.001488
3224.004158,0.981681,0.987765
3224.005547,0.976604,0.982780
3224.006936,1.030096,1.036687
3224.008325,0.967493,0.973924
3224.009713,0.986059,0.992566
3224.011102,0.990767,0.997385
3224.012491,1.001529,1.008242
3224.013880,0.990296,0.996893
3224.015269,0.989806,0.996485
3224.016658,0.991624,0.998212
3224.018046,1.021417,1.028128
3224.019435,1.020545,1.027127
3224.020824,0.990030,0.996370
3224.022213,0.981702,0.988074
3224.023602,0.972364,0.978740
3224.024991,1.000473,1.006724
3224.026379,0.989994,0.995940
3224.027768,0.985014,0.990961
3224.029157,0.987449,0.993434
3224.030546,0.992027,0.998105
3224.031935,0.989405,0.995449
3224.033324,0.969830,0.975814
3224.034712,0.995581,1.001619
3224.036101,0.981151,0.987017
3224.037490,0.995720,1.001598
3224.038879,0.996047,1.001864
3224.040268,0.989061,0.994708
3224.041656,1.008161,1.013863
3224.043045,0.999242,1.004801
3224.044434,0.995252,1.000997
3224.045823,0.993440,0.999183
3224.047212,0.996722,1.002534
3224.048601,0.988279,0.994289
3224.049989,0.996589,1.002334
3224.051378,1.013023,1.018851
3224.052767,1.012171,1.018144
3224.054156,0.987560,0.993283
3224.055545,1.013605,1.019669
3224.056934,1.000608,1.006606
3224.058322,0.979329,0.985237
3224.059711,1.002224,1.008298
3224.061100,0.987104,0.993358
3224.062489,0.998134,1.004486
3224.063878,0.987656,0.993896
3224.065266,0.996715,1.002903
3224.066655,1.009596,1.015739
3224.068044,0.997826,1.003973
3224.069433,0.991209,0.997448
3224.070822,1.011530,1.017830
3224.072211,0.995204,1.001255
3224.073599,0.972414,0.978490
3224.074988,0.987720,0.993897
3224.076377,0.978535,0.984552
3224.077766,0.994098,1.000190
3224.079155,0.972979,0.979173
3224.080544,1.004117,1.010528
3224.081932,0.980285,0.986552
3224.083321,1.035644,1.042346
3224.084710,0.973150,0.979523
3224.086099,1.025202,1.031906
3224.087488,0.994578,1.000948
3224.088876,1.004563,1.010949
3224.090265,0.995382,1.001893
3224.091654,1.008589,1.015196
3224.093043,0.993305,0.999731
3224.094432,0.984052,0.990209
3224.095821,0.976988,0.983042
3224.097209,0.999034,1.005478
3224.098598,0.958691,0.964821
3224.099987,1.002281,1.008798
3224.101376,0.993315,0.999754
3224.102765,0.997973,1.004526
3224.104154,0.993176,0.999566
3224.105542,0.990185,0.996520
3224.106931,0.983758,0.990077
3224.108320,0.995530,1.001871
3224.109709,0.975978,0.982290
3224.111098,1.013094,1.019631
3224.112486,0.968695,0.974928
3224.113875,1.011570,1.017942
3224.115264,1.020107,1.026515
3224.116653,0.988985,0.994941
3224.118042,0.992078,0.998216
3224.119431,0.980162,0.985929
3224.120819,0.960032,0.965824
3224.122208,1.016157,1.022165
3224.123597,0.980606,0.986409
3224.124986,1.009274,1.015350
3224.126375,0.992035,0.998122
3224.127764,1.003117,1.009356
3224.129152,0.980839,0.986888
3224.130541,0.997988,1.004064
3224.131930,0.984871,0.990822
3224.133319,1.006500,1.012591
3224.134708,0.994011,1.000127
3224.136097,0.997437,1.003596
3224.137485,0.967859,0.973950
3224.138874,1.003360,1.009805
3224.140263,0.999125,1.005262
3224.141652,0.982127,0.988174
3224.143041,0.965728,0.971728
3224.144429,0.994199,1.000320
3224.145818,1.009823,1.016169
3224.147207,1.007877,1.014292
3224.148596,0.990110,0.996435
3224.149985,1.009808,1.016257
3224.151374,1.012010,1.018320
3224.152762,0.998040,1.004199
3224.154151,0.992816,0.999093
3224.155540,0.985367,0.991607
3224.156929,1.011037,1.017391
3224.158318,0.997197,1.003489
3224.159707,0.998643,1.004826
3224.161095,0.986778,0.992869
3224.162484,1.014195,1.020343
3224.163873,0.993610,0.999768
3224.165262,0.996477,1.002803
3224.166651,0.993454,0.999816
3224.168039,1.000436,1.006756
3224.169428,1.001252,1.007489
3224.170817,1.010129,1.016273
3224.172206,0.992858,0.998668
3224.173595,1.002671,1.008631
3224.174984,0.984056,0.989860
3224.176372,0.990682,0.996117
3224.177761,0.997223,1.002901
3224.179150,0.996893,1.002752
3224.180539,1.001936,1.007682
3224.181928,0.994025,0.999842
3224.183317,1.002246,1.008137
3224.184705,0.978589,0.984296
3224.186094,1.003402,1.009277
3224.187483,0.989858,0.995434
3224.188872,0.985329,0.990858
3224.190261,1.005758,1.011445
3224.191649,1.013206,1.019019
3224.193038,0.960454,0.966181
3224.194427,0.976545,0.982321
3224.195816,0.999688,1.005602
3224.197205,0.988433,0.994333
3224.198594,0.989782,0.995540
3224.199982,0.988851,0.994660
3224.201371,0.995925,1.001759
3224.202760,0.959865,0.965780
3224.204149,1.005136,1.011203
3224.205538,0.986678,0.992573
3224.206927,0.993327,0.999308
3224.208315,0.989333,0.995397
3224.209704,0.990337,0.996415
3224.211093,0.976777,0.982614
3224.212482,1.008554,1.014703
3224.213871,0.984305,0.990330
3224.215259,1.001535,1.007465
3224.216648,1.002198,1.008096
3224.218037,0.958844,0.964489
3224.219426,0.997855,1.003670
3224.220815,1.013501,1.019262
3224.222204,0.988586,0.994171
3224.223592,0.987538,0.993094
3224.224981,0.993833,0.999150
3224.226370,1.000100,1.005425
3224.227759,1.000184,1.005520
3224.229148,1.006122,1.011413
3224.230537,1.000863,1.006109
3224.231925,0.989299,0.994463
3224.233314,0.971764,0.976793
3224.234703,0.987523,0.992504
3224.236092,0.997901,1.002899
3224.237481,1.009518,1.014446
3224.238869,0.986185,0.990941
3224.240258,0.987289,0.992003
3224.241647,0.987186,0.991879
3224.243036,1.016965,1.021941
3224.244425,0.978080,0.982827
3224.245814,0.991223,0.996296
3224.247202,1.029667,1.034748
3224.248591,0.995203,1.000199
3224.249980,0.997231,1.002167
3224.251369,1.001995,1.006930
3224.252758,0.998161,1.003233
3224.254147,0.980034,0.984884
3224.255535,0.996634,1.001574
3224.256924,1.006886,1.011670
3224.258313,1.005763,1.010432
3224.259702,0.987916,0.992253
3224.261091,0.978496,0.982761
3224.262479,0.987799,0.992230
3224.263868,1.022919,1.027758
3224.265257,0.995162,0.999855
3224.266646,1.005052,1.010037
3224.268035,0.988853,0.993559
3224.269424,0.999689,1.004362
3224.270812,0.979820,0.984385
3224.272201,1.010726,1.015464
3224.273590,0.994149,0.998890
3224.274979,0.985246,0.989887
3224.276368,1.003582,1.008225
3224.277757,0.983938,0.988656
3224.279145,0.985884,0.990470
3224.280534,0.988269,0.993019
3224.281923,0.986004,0.990707
3224.283312,0.969857,0.974335
3224.284701,0.988700,0.993176
3224.286089,0.966644,0.971042
3224.287478,1.008718,1.013303
3224.288867,0.989174,0.993872
3224.290256,1.002526,1.007236
3224.291645,0.999944,1.004652
3224.293034,1.001927,1.006396
3224.294422,0.994236,0.998606
3224.295811,1.009346,1.013535
3224.297200,1.003095,1.007275
3224.298589,0.991626,0.995826
3224.299978,1.013629,1.018206
3224.301367,1.017747,1.022274
3224.302755,0.998943,1.003409
3224.304144,1.001385,1.005890
3224.305533,0.997600,1.002226
3224.306922,0.968423,0.972968
3224.308311,0.994110,0.998708
3224.309700,0.997258,1.001910
3224.311088,0.998885,1.003722
3224.312477,1.009505,1.014419
3224.313866,1.012547,1.017478
3224.315255,0.991129,0.995856
3224.316644,0.990259,0.994868
3224.318032,0.992845,0.997483
3224.319421,0.972576,0.977142
3224.320810,1.016901,1.021675
3224.322199,0.996545,1.001166
3224.323588,0.991155,0.995838
3224.324977,0.995924,1.000485
3224.326365,0.994541,0.999236
3224.327754,0.987454,0.992065
3224.329143,0.977843,0.982407
3224.330532,1.031421,1.036140
3224.331921,1.024290,1.029006
3224.333310,1.019903,1.024406
3224.334698,0.978583,0.982788
3224.336087,0.984292,0.988503
3224.337476,0.987466,0.991699
3224.338865,0.963797,0.967696
3224.340254,1.000763,1.004829
3224.341642,0.972731,0.976471
3224.343031,0.967770,0.971487
3224.344420,1.003099,1.006942
3224.345809,1.018012,1.021956
3224.347198,0.970749,0.974346
3224.348587,1.022815,1.026600
3224.349975,0.997721,1.001497
3224.351364,0.985611,0.989405
3224.352753,0.998259,1.002176
3224.354142,0.989612,0.993367
3224.355531,1.021884,1.025737
3224.356920,1.003130,1.006985
3224.358308,1.000950,1.004607
3224.359697,1.014307,1.017716
3224.361086,0.999029,1.002465
3224.362475,0.996403,1.000000
3224.363864,0.999789,1.003254
3224.365252,0.968794,0.972162
3224.366641,1.006050,1.009576
3224.368030,0.991632,0.995176
3224.369419,1.023075,1.026694
3224.370808,0.980134,0.983947
3224.372197,0.975176,0.978783
3224.373585,1.006329,1.010120
3224.374974,1.017316,1.021120
3224.376363,0.994647,0.998428
3224.377752,0.986947,0.990616
3224.379141,1.023641,1.027670
3224.380529,1.005180,1.009023
3224.381918,0.967437,0.971065
3224.383307,0.996262,1.000017
3224.384696,0.993727,0.997376
3224.386085,0.991934,0.996006
3224.387474,0.995676,0.999903
3224.388862,1.013010,1.017058
3224.390251,0.990820,0.994686
3224.391640,0.976416,0.980132
3224.393029,1.003745,1.007544
3224.394418,0.987927,0.991714
3224.395807,0.996814,1.000552
3224.397195,0.991018,0.994628
3224.398584,1.001301,1.004947
3224.399973,0.987204,0.990799
3224.401362,0.981806,0.985572
3224.402751,1.010422,1.014258
3224.404139,0.984456,0.988223
3224.405528,0.988508,0.992242
3224.406917,1.010977,1.014912
3224.408306,0.999773,1.003706
3224.409695,1.002392,1.006495
3224.411084,0.988600,0.992493
3224.412472,1.027739,1.031795
3224.413861,0.972155,0.975990
3224.415250,0.992852,0.996497
3224.416639,0.998853,1.002671
3224.418028,0.981875,0.985597
3224.419417,1.002769,1.006413
3224.420805,1.009590,1.013194
3224.422194,1.002371,1.006095
3224.423583,0.978330,0.981888
3224.424972,0.984210,0.987729
3224.426361,0.974325,0.977701
3224.427749,0.994024,0.997606
3224.429138,1.009891,1.013669
3224.430527,1.021931,1.025857
3224.431916,1.003162,1.006674
3224.433305,1.003511,1.006960
3224.434694,0.975672,0.978864
3224.436082,0.984690,0.987762
3224.437471,1.000223,1.003210
3224.438860,1.002642,1.005741
3224.440249,1.008618,1.011548
3224.441638,0.979199,0.981917
3224.443027,0.986434,0.989248
3224.444415,1.006600,1.009277
3224.445804,0.994332,0.997003
3224.447193,0.997197,0.999671
3224.448582,1.009703,1.012224
3224.449971,1.001209,1.003674
3224.451359,0.980081,0.982634
3224.452748,1.000759,1.003319
3224.454137,0.984343,0.986985
3224.455526,0.995650,0.998252
3224.456915,1.011598,1.014130
3224.458304,0.985802,0.988251
3224.459692,0.972900,0.975309
3224.461081,0.984460,0.986639
3224.462470,0.965948,0.968143
3224.463859,0.984354,0.986453
3224.465248,1.009631,1.011735
3224.466637,1.031041,1.033145
3224.468025,0.998307,1.000159
3224.469414,1.000550,1.002343
3224.470803,1.004975,1.006712
3224.472192,0.992846,0.994416
3224.473581,1.015094,1.016630
3224.474969,0.991643,0.993197
3224.476358,0.991436,0.992899
3224.477747,0.996046,0.997566
3224.479136,0.999851,1.001237
3224.480525,1.012250,1.013536
3224.481914,0.994927,0.996153
3224.483302,0.974634,0.975749
3224.484691,1.015685,1.016956
3224.486080,1.020301,1.021644
3224.487469,1.003607,1.005129
3224.488858,0.989152,0.990384
3224.490247,1.004891,1.006111
3224.491635,0.993653,0.994869
3224.493024,1.026388,1.027687
3224.494413,0.997878,0.999203
3224.495802,0.993760,0.995226
3224.497191,1.007337,1.008854
3224.498579,1.006701,1.007950
3224.499968,0.974778,0.975796
3224.501357,0.982276,0.983122
3224.502746,1.005048,1.005991
3224.504135,1.010934,1.011837
3224.505524,0.980447,0.981326
3224.506912,1.004391,1.005528
3224.508301,0.976814,0.977905
3224.509690,0.991498,0.992708
3224.511079,0.996917,0.998396
3224.512468,1.012237,1.013694
3224.513857,0.978132,0.979437
3224.515245,1.009466,1.010987
3224.516634,1.016484,1.017727
3224.518023,1.022785,1.024068
3224.519412,1.001058,1.002196
3224.520801,0.993275,0.994264
3224.522189,0.996592,0.997655
3224.523578,1.007219,1.008122
3224.524967,0.985991,0.986953
3224.526356,0.977173,0.978080
3224.527745,0.982380,0.983157
3224.529134,1.011984,1.012690
3224.530522,0.984760,0.985472
3224.531911,0.998009,0.998573
3224.533300,1.002158,1.002811
3224.534689,1.007742,1.008444
3224.536078,0.998104,0.998828
3224.537467,1.023888,1.024511
3224.538855,0.982195,0.982961
3224.540244,1.005179,1.006071
3224.541633,0.996277,0.997045
3224.543022,1.006589,1.007239
3224.544411,0.984047,0.984826
3224.545799,1.018466,1.019262
3224.547188,0.997596,0.998219
3224.548577,0.979569,0.980144
3224.549966,1.011088,1.011783
3224.551355,0.993931,0.994601
3224.552744,1.034916,1.035538
3224.554132,1.027948,1.028502
3224.555521,0.982335,0.982864
3224.556910,0.981912,0.982254
3224.558299,0.979322,0.979583
3224.559688,0.997013,0.997231
3224.561076,1.014736,1.014906
3224.562465,0.994155,0.994312
3224.563854,0.996616,0.996786
3224.565243,1.008818,1.009165
3224.566632,0.997623,0.997901
3224.568021,1.010738,1.011016
3224.569409,0.988466,0.988847
3224.570798,1.010113,1.010388
3224.572187,1.009909,1.010300
3224.573576,1.013231,1.013589
3224.574965,1.002677,1.002883
3224.576354,1.021479,1.021648
3224.577742,1.001933,1.002071
3224.579131,0.989281,0.989486
3224.580520,1.000242,1.000460
3224.581909,0.995614,0.995914
3224.583298,1.030313,1.030561
3224.584686,1.003796,1.003932
3224.586075,0.988895,0.989156
3224.587464,0.999780,1.000056
3224.588853,1.015133,1.015385
3224.590242,0.995964,0.996205
3224.591631,1.009444,1.009726
3224.593019,1.001052,1.001325
3224.594408,1.023588,1.024147
3224.595797,1.014269,1.014925
3224.597186,1.017764,1.018228
3224.598575,0.983125,0.983456
3224.599964,0.999645,0.999953
3224.601352,0.993141,0.993371
3224.602741,0.978911,0.979286
3224.604130,0.991959,0.992349
3224.605519,1.009794,1.010198
3224.606908,0.994475,0.994898
3224.608296,0.986875,0.987238
3224.609685,1.010554,1.011152
3224.611074,0.985827,0.986465
3224.612463,1.000799,1.001363
3224.613852,0.964619,0.965120
3224.615241,1.000990,1.001594
3224.616629,0.990502,0.991033
3224.618018,1.001614,1.002086
3224.619407,0.989371,0.989894
3224.620796,0.993920,0.994308
3224.622185,1.004235,1.004637
3224.623574,0.977779,0.978268
3224.624962,1.005658,1.006137
3224.626351,1.005173,1.005756
3224.627740,0.966168,0.966879
3224.629129,1.009560,1.010327
3224.630518,0.993158,0.994083
3224.631906,1.001598,1.002693
3224.633295,0.991161,0.992134
3224.634684,0.990273,0.991062
3224.636073,1.014865,1.015598
3224.637462,0.996839,0.997485
3224.638851,0.985671,0.986263
3224.640239,0.994340,0.994973
3224.641628,0.983741,0.984207
3224.643017,0.984964,0.985470
3224.644406,1.010769,1.011347
3224.645795,0.981929,0.982630
3224.647183,0.996053,0.996817
3224.648572,1.012611,1.013266
3224.649961,0.983357,0.984060
3224.651350,1.013591,1.014426
3224.652739,1.009642,1.010387
3224.654128,1.011116,1.011737
3224.655516,0.979487,0.979992
3224.656905,0.997708,0.998096
3224.658294,0.998839,0.999040
3224.659683,1.008689,1.008713
3224.661072,1.010803,1.010552
3224.662461,1.018123,1.018015
3224.663849,0.989226,0.989225
3224.665238,0.995587,0.995431
3224.666627,1.000597,1.000383
3224.668016,0.999431,0.999310
3224.669405,0.999986,1.000035
3224.670793,0.985272,0.985282
3224.672182,0.995512,0.995494
3224.673571,1.008020,1.008140
3224.674960,1.004846,1.004999
3224.676349,0.995153,0.995240
3224.677738,1.015197,1.015349
3224.679126,1.000931,1.001156
3224.680515,1.006928,1.007015
3224.681904,1.004276,1.004631
3224.683293,0.982959,0.983269
3224.684682,1.008897,1.009099
3224.686071,0.972196,0.972303
3224.687459,0.979970,0.980139
3224.688848,1.004841,1.005101
3224.690237,0.999001,0.999449
3224.691626,1.021149,1.021648
3224.693015,0.999483,1.000053
3224.694403,0.998991,0.999670
3224.695792,0.990866,0.991624
3224.697181,1.007221,1.007969
3224.698570,0.981213,0.982109
3224.699959,0.988237,0.989004
3224.701348,1.018489,1.019226
3224.702736,1.002123,1.002748
3224.704125,1.010895,1.011440
3224.705514,1.015167,1.015626
3224.706903,0.999168,0.999631
3224.708292,0.994236,0.994737
3224.709681,1.004283,1.004793
3224.711069,1.026208,1.026685
3224.712458,0.993548,0.994015
3224.713847,1.007184,1.007731
3224.715236,1.008877,1.009542
3224.716625,0.992765,0.993448
3224.718013,1.002944,1.003613
3224.719402,0.990360,0.991076
3224.720791,0.989818,0.990420
3224.722180,1.003161,1.003552
3224.723569,0.990210,0.990720
3224.724958,0.985184,0.985803
3224.726346,0.974590,0.975348
3224.727735,1.000982,1.001631
3224.729124,0.991344,0.991843
3224.730513,1.003789,1.004216
3224.731902,1.023926,1.024324
3224.733290,0.996595,0.997029
3224.734679,0.991793,0.992254
3224.736068,1.004223,1.004609
3224.737457,0.996892,0.997257
3224.738846,1.007729,1.008047
3224.740235,0.987165,0.987566
3224.741623,0.991125,0.991473
3224.743012,0.997247,0.997615
3224.744401,1.002182,1.002238
3224.745790,1.003815,1.003727
3224.747179,1.034889,1.034865
3224.748568,0.991731,0.991552
3224.749956,0.988062,0.987813
3224.751345,0.986615,0.986098
3224.752734,1.006241,1.005513
3224.754123,1.008894,1.008150
3224.755512,1.010063,1.009186
3224.756900,1.043308,1.042471
3224.758289,1.006935,1.006193
3224.759678,0.989508,0.988826
3224.761067,0.987219,0.986380
3224.762456,1.021642,1.020622
3224.763845,1.013725,1.012564
3224.765233,0.982928,0.981760
3224.766622,1.006978,1.005841
3224.768011,1.003604,1.002558
3224.769400,0.996584,0.995636
3224.770789,1.004931,1.004034
3224.772177,0.990380,0.989812
3224.773566,1.005228,1.004963
3224.774955,1.010979,1.010912
3224.776344,1.004235,1.004350
3224.777733,1.020270,1.020651
3224.779122,1.000363,1.000928
3224.780510,0.997893,0.998672
3224.781899,0.992012,0.992713
3224.783288,1.015447,1.016432
3224.784677,1.004421,1.005418
3224.786066,0.996436,0.997607
3224.787455,0.994286,0.995545
3224.788843,0.982973,0.984396
3224.790232,0.989377,0.990757
3224.791621,1.014865,1.016285
3224.793010,1.011846,1.013505
3224.794399,1.006724,1.008439
3224.795787,1.001698,1.003413
3224.797176,0.990824,0.992829
3224.798565,0.994996,0.996902
3224.799954,1.010657,1.012461
3224.801343,0.992389,0.994139
3224.802732,1.002633,1.004494
3224.804120,0.987981,0.989743
3224.805509,0.989618,0.991234
3224.806898,0.998603,1.000363
3224.808287,0.999659,1.001429
3224.809676,0.989886,0.991841
3224.811065,0.999140,1.001232
3224.812453,1.001437,1.003601
3224.813842,1.019527,1.021657
3224.815231,1.009927,1.012013
3224.816620,0.994751,0.996848
3224.818009,1.008053,1.010240
3224.819397,0.993314,0.995504
3224.820786,1.003304,1.005475
3224.822175,1.002528,1.004640
3224.823564,0.990242,0.992388
3224.824953,0.970397,0.972760
3224.826342,0.975039,0.977532
3224.827730,0.964220,0.966773
3224.829119,0.981016,0.983514
3224.830508,1.019873,1.022532
3224.831897,1.010184,1.012731
3224.833286,0.981810,0.984472
3224.834674,0.996935,0.999728
3224.836063,0.988228,0.991034
3224.837452,1.007662,1.010612
3224.838841,0.996496,0.999364
3224.840230,1.004394,1.007500
3224.841619,1.000749,1.003867
3224.843007,1.007697,1.010859
3224.844396,0.963641,0.966738
3224.845785,0.997171,1.000479
3224.847174,1.004668,1.007920
3224.848563,0.985687,0.988772
3224.849952,1.016439,1.019542
3224.851340,0.999135,1.002182
3224.852729,0.994027,0.997099
3224.854118,1.005451,1.008409
3224.855507,1.008757,1.011971
3224.856896,1.005306,1.008416
3224.858284,1.025645,1.028822
3224.859673,1.013250,1.016251
3224.861062,0.998694,1.001441
3224.862451,0.993644,0.996411
3224.863840,0.993694,0.996611
3224.865229,1.006166,1.009034
3224.866617,1.010032,1.012920
3224.868006,0.973313,0.976315
3224.869395,0.990492,0.993689
3224.870784,0.988165,0.991050
3224.872173,0.980369,0.983142
3224.873561,1.006243,1.009051
3224.874950,0.979995,0.982572
3224.876339,1.007324,1.009879
3224.877728,0.992560,0.995214
3224.879117,0.995198,0.997875
3224.880506,0.979768,0.982274
3224.881894,1.025519,1.028206
3224.883283,1.012532,1.015279
3224.884672,0.980075,0.982588
3224.886061,1.002849,1.005519
3224.887450,0.998531,1.001274
3224.888839,1.012888,1.015770
3224.890227,0.990695,0.993576
3224.891616,1.000400,1.003310
3224.893005,0.997528,1.000549
3224.894394,0.999636,1.002578
3224.895783,0.971638,0.974650
3224.897171,0.986481,0.989392
3224.898560,0.975955,0.978929
3224.899949,0.984138,0.987115
3224.901338,1.009979,1.012942
3224.902727,0.996073,0.998976
3224.904116,0.991817,0.994601
3224.905504,0.978932,0.981671
3224.906893,0.994911,0.997699
3224.908282,1.018214,1.020955
3224.909671,0.998935,1.001705
3224.911060,1.000701,1.003607
3224.912448,0.966182,0.969160
3224.913837,0.973202,0.976236
3224.915226,0.993444,0.996551
3224.916615,0.967736,0.970535
3224.918004,0.975691,0.978535
3224.919393,0.977936,0.980924
3224.920781,0.962866,0.965976
3224.922170,0.976502,0.979601
3224.923559,0.967157,0.970209
3224.924948,1.025422,1.028553
3224.926337,0.993495,0.996414
3224.927726,0.972753,0.975588
3224.929114,0.965931,0.968797
3224.930503,0.988219,0.991041
3224.931892,0.996476,0.999254
3224.933281,1.017587,1.020406
3224.934670,0.987708,0.990347
3224.936058,1.004730,1.007340
3224.937447,0.992857,0.995454
3224.938836,1.020696,1.023360
3224.940225,1.069365,1.072197
3224.941614,1.073926,1.076811
3224.943003,1.032915,1.035729
3224.944391,1.034293,1.037162
3224.945780,1.017360,1.020105
3224.947169,1.023274,1.025945
3224.948558,1.037433,1.040010
3224.949947,1.039869,1.042392
3224.951336,1.017885,1.020296
3224.952724,0.986338,0.988725
3224.954113,1.003449,1.005885
3224.955502,1.000820,1.003002
3224.956891,1.016104,1.018264
3224.958280,1.013352,1.015503
3224.959668,1.016119,1.018325
3224.961057,0.982842,0.985126
3224.962446,1.002050,1.004615
3224.963835,1.013643,1.016196
3224.965224,1.013550,1.016162
3224.966613,1.004858,1.007613
3224.968001,1.014235,1.017091
3224.969390,0.990500,0.993514
3224.970779,0.969532,0.972593
3224.972168,0.994696,0.997871
3224.973557,1.002446,1.005844
3224.974945,0.974465,0.977798
3224.976334,0.985995,0.989281
3224.977723,1.013086,1.016369
3224.979112,0.982223,0.985314
3224.980501,1.022008,1.025128
3224.981890,0.997803,1.000752
3224.983278,0.990164,0.992992
3224.984667,0.993345,0.996082
3224.986056,0.971264,0.973841
3224.987445,0.995220,0.997755
3224.988834,1.014991,1.017467
3224.990223,0.981785,0.984074
3224.991611,0.999438,1.001657
3224.993000,0.993378,0.995471
3224.994389,1.014411,1.016432
3224.995778,1.016495,1.018401
3224.997167,1.011583,1.013359
3224.998555,1.008021,1.009669
3224.999944,0.987674,0.989168
3225.001333,1.016086,1.017496
3225.002722,1.001023,1.002285
3225.004111,1.017008,1.018158
3225.005500,1.007616,1.008624
3225.006888,1.004574,1.005445
3225.008277,1.011892,1.012633
3225.009666,0.990680,0.991270
3225.011055,1.018019,1.018484
3225.012444,0.997658,0.997973
3225.013832,1.010467,1.010642
3225.015221,1.016901,1.016930
3225.016610,1.012087,1.011967
3225.017999,1.003490,1.003222
3225.019388,0.985352,0.984940
3225.020777,0.995738,0.995170
3225.022165,1.005445,1.004716
3225.023554,0.990674,0.989801
3225.024943,0.985827,0.984802
3225.026332,1.011676,1.010462
3225.027721,0.964267,0.962953
3225.029109,1.003544,1.002012
3225.030498,0.975095,0.973444
3225.031887,0.985012,0.983179
3225.033276,1.002749,1.000712
3225.034665,1.021560,1.019309
3225.036054,0.975697,0.973377
3225.037442,1.006520,1.003950
3225.038831,1.015562,1.012787
3225.040220,1.009203,1.006265
3225.041609,0.967452,0.964459
3225.042998,0.985124,0.981896
3225.044387,1.002657,0.999185
3225.045775,0.987612,0.984007
3225.047164,0.982166,0.978395
3225.048553,1.014105,1.010017
3225.049942,1.005279,1.001032
3225.051331,1.004626,1.000186
3225.052719,1.003609,0.998975
3225.054108,1.022691,1.017766
3225.055497,0.986567,0.981617
3225.056886,1.010034,1.004761
3225.058275,1.018763,1.013237
3225.059664,1.008677,1.002996
3225.061052,1.002669,0.996813
3225.062441,1.006055,0.999968
3225.063830,1.012427,1.006086
3225.065219,0.974152,0.967842
3225.066608,1.000809,0.994110
3225.067996,0.977721,0.970963
3225.069385,1.006719,0.999540
3225.070774,1.000445,0.993088
3225.072163,1.010437,1.002781
3225.073552,0.995182,0.987417
3225.074941,0.975734,0.967898
3225.076329,1.003283,0.994996
3225.077718,0.998321,0.989845
3225.079107,0.990965,0.982319
3225.080496,1.000562,0.991598
3225.081885,1.012580,1.003268
3225.083274,1.026985,1.017295
3225.084662,1.009926,1.000154
3225.086051,1.008093,0.998095
3225.087440,1.001071,0.990898
3225.088829,0.999811,0.989405
3225.090218,1.014800,1.003986
3225.091606,1.019214,1.008099
3225.092995,1.002304,0.991121
3225.094384,1.011807,1.000261
3225.095773,1.000223,0.988554
3225.097162,0.995485,0.983616
3225.098551,0.992297,0.980209
3225.099939,1.001568,0.989106
3225.101328,1.010608,0.997768
3225.102717,1.010561,0.997454
3225.104106,0.988027,0.974950
3225.105495,0.998623,0.985137
3225.106883,0.999627,0.985858
3225.108272,1.007352,0.993203
3225.109661,1.012457,0.997959
3225.111050,1.017827,1.002972
3225.112439,1.023005,1.007791
3225.113828,1.009784,0.994485
3225.115216,1.001882,0.986422
3225.116605,1.012647,0.996735
3225.117994,0.995127,0.979207
3225.119383,1.019765,1.003160
3225.120772,1.007113,0.990424
3225.122161,0.989899,0.973208
3225.123549,1.010433,0.993101
3225.124938,1.010931,0.993294
3225.126327,1.017648,0.999594
3225.127716,1.023446,1.004986
3225.129105,1.043949,1.024808
3225.130493,1.026804,1.007669
3225.131882,1.041700,1.021973
3225.133271,1.055800,1.035485
3225.134660,1.038537,1.018237
3225.136049,1.053805,1.032883
3225.137438,1.041650,1.020648
3225.138826,1.046554,1.025128
3225.140215,1.056280,1.034325
3225.141604,1.041852,1.019870
3225.142993,1.059626,1.036930
3225.144382,1.086752,1.063127
3225.145770,1.078243,1.054458
3225.147159,1.073418,1.049397
3225.148548,1.086287,1.061632
3225.149937,1.101402,1.076052
3225.151326,1.081741,1.056499
3225.152715,1.117960,1.091516
3225.154103,1.113485,1.086793
3225.155492,1.111915,1.084907
3225.156881,1.131007,1.103176
3225.158270,1.128696,1.100563
3225.159659,1.128697,1.100206
3225.161047,1.144780,1.115520
3225.162436,1.133013,1.103694
3225.163825,1.155618,1.125348
3225.165214,1.142678,1.112385
3225.166603,1.137350,1.106838
3225.167992,1.162443,1.130890
3225.169380,1.136149,1.104951
3225.170769,1.170339,1.137833
3225.172158,1.168488,1.135664
3225.173547,1.154122,1.121338
3225.174936,1.169507,1.135917
3225.176325,1.187406,1.152928
3225.177713,1.166044,1.131819
3225.179102,1.190393,1.155080
3225.180491,1.196838,1.160957
3225.181880,1.193728,1.157565
3225.183269,1.214920,1.177734
3225.184657,1.218190,1.180521
3225.186046,1.197725,1.160313
3225.187435,1.193060,1.155420
3225.188824,1.199582,1.161361
3225.190213,1.197322,1.158798
3225.191602,1.213647,1.174219
3225.192990,1.211156,1.171429
3225.194379,1.216302,1.176026
3225.195768,1.229799,1.188693
3225.197157,1.220421,1.179248
3225.198546,1.237172,1.195048
3225.199934,1.227021,1.184860
3225.201323,1.227642,1.185078
3225.202712,1.222142,1.179388
3225.204101,1.258250,1.213842
3225.205490,1.227642,1.183933
3225.206879,1.205516,1.162220
3225.208267,1.206653,1.162942
3225.209656,1.212279,1.167988
3225.211045,1.222606,1.177558
3225.212434,1.216116,1.170931
3225.213823,1.213288,1.167833
3225.215211,1.210574,1.164846
3225.216600,1.204463,1.158593
3225.217989,1.201886,1.155743
3225.219378,1.202611,1.156069
3225.220767,1.170587,1.124923
3225.222156,1.178809,1.132461
3225.223544,1.194660,1.147320
3225.224933,1.139676,1.094164
3225.226322,1.149187,1.102941
3225.227711,1.153816,1.107030
3225.229100,1.154097,1.106945
3225.230489,1.143775,1.096693
3225.231877,1.119347,1.072926
3225.233266,1.132336,1.085030
3225.234655,1.121151,1.073968
3225.236044,1.116777,1.069436
3225.237433,1.120653,1.072804
3225.238821,1.103064,1.055629
3225.240210,1.081040,1.034222
3225.241599,1.092000,1.044374
3225.242988,1.079772,1.032349
3225.244377,1.076620,1.029007
3225.245766,1.042495,0.996073
3225.247154,1.065706,1.018250
3225.248543,1.050360,1.003588
3225.249932,1.064089,1.022884
3225.251321,1.062336,1.027443
3225.252710,1.062808,1.034224
3225.254098,1.066348,1.044092
3225.255487,1.068511,1.052726
3225.256876,1.032309,1.023434
3225.258265,1.043871,1.035040
3225.259654,1.059331,1.050441
3225.261043,1.048823,1.040092
3225.262431,1.037757,1.029258
3225.263820,1.051368,1.042828
3225.265209,1.043692,1.035285
3225.266598,1.053168,1.044755
3225.267987,1.023233,1.015127
3225.269375,1.019977,1.012031
3225.270764,1.015736,1.007956
3225.272153,1.033460,1.025679
3225.273542,1.010452,1.002974
3225.274931,1.019991,1.012573
3225.276320,1.006070,0.998882
3225.277708,1.004985,0.997931
3225.279097,0.987325,0.980519
3225.280486,1.008495,1.001669
3225.281875,1.003839,0.997168
3225.283264,1.014230,1.007613
3225.284653,0.985276,0.978968
3225.286041,1.012631,1.006270
3225.287430,0.995941,0.989804
3225.288819,0.990307,0.984322
3225.290208,1.012970,1.006967
3225.291597,1.008742,1.002881
3225.292985,1.015038,1.009258
3225.294374,1.012679,1.007028
3225.295763,0.983634,0.978257
3225.297152,0.954379,0.949216
3225.298541,0.986400,0.981118
3225.299930,1.013685,1.008371
3225.301318,0.984811,0.979757
3225.302707,0.976278,0.971374
3225.304096,1.005685,1.000743
3225.305485,0.980353,0.975641
3225.306874,1.010163,1.005416
3225.308262,0.985220,0.980694
3225.309651,0.969622,0.965269
3225.311040,1.007845,1.003425
3225.312429,0.995900,0.991635
3225.313818,1.000804,0.996619
3225.315207,1.003031,0.998938
3225.316595,0.997185,0.993215
3225.317984,1.014708,1.010769
3225.319373,0.979037,0.975332
3225.320762,1.003699,0.999998
3225.322151,1.015891,1.012242
3225.323539,1.011406,1.007869
3225.324928,1.005714,1.002291
3225.326317,0.990479,0.987199
3225.327706,0.991430,0.988238
3225.329095,1.008664,1.005509
3225.330484,0.989972,0.986963
3225.331872,0.980756,0.977863
3225.333261,0.999019,0.996160
3225.334650,0.979898,0.977179
3225.336039,1.003881,1.001181
3225.337428,0.988857,0.986281
3225.338817,1.021580,1.019005
3225.340205,0.983949,0.981549
3225.341594,0.986857,0.984531
3225.342983,0.960298,0.958074
3225.344372,1.011061,1.008760
3225.345761,0.995898,0.993711
3225.347149,1.010856,1.008715
3225.348538,1.000218,0.998178
3225.349927,0.997891,0.995932
3225.351316,0.968401,0.966573
3225.352705,0.986275,0.984488
3225.354094,0.993056,0.991330
3225.355482,1.020168,1.018469
3225.356871,0.979287,0.977726
3225.358260,0.999821,0.998298
3225.359649,0.994102,0.992657
3225.361038,1.014530,1.013125
3225.362426,0.987757,0.986456
3225.363815,0.996840,0.995593
3225.365204,1.014363,1.013161
3225.366593,0.997680,0.996562
3225.367982,0.980060,0.979025
3225.369371,0.985028,0.984050
3225.370759,1.004205,1.003270
3225.372148,0.998916,0.998046
3225.373537,1.004506,1.003691
3225.374926,0.993403,0.992655
3225.376315,0.996154,0.995462
3225.377703,0.982380,0.981753
3225.379092,0.975863,0.975294
3225.380481,0.979218,0.978701
3225.381870,0.983797,0.983330
3225.383259,0.991941,0.991522
3225.384648,1.002765,1.002393
3225.386036,0.989509,0.989192
3225.387425,0.998334,0.998064
3225.388814,1.008451,1.008228
3225.390203,0.994995,0.994822
3225.391592,0.987693,0.987567
3225.392980,1.012034,1.011950
3225.394369,1.006234,1.006196
3225.395758,1.003038,1.003044
3225.397147,0.989614,0.989662
3225.398536,0.993330,0.993419
3225.399925,1.019857,1.019990
3225.401313,1.006496,1.006666
3225.402702,1.034450,1.034665
3225.404091,1.011053,1.011301
3225.405480,1.014195,1.014481
3225.406869,0.992586,0.992900
3225.408258,0.986484,0.986831
3225.409646,1.018441,1.018832
3225.411035,0.994352,0.994766
3225.412424,0.986364,0.986805
3225.413813,1.021712,1.022200
3225.415202,0.993984,0.994488
3225.416590,0.999053,0.999588
3225.417979,1.002267,1.002831
3225.419368,1.034515,1.035124
3225.420757,1.016121,1.016745
3225.422146,1.005245,1.005887
3225.423535,0.997245,0.997904
3225.424923,1.007952,1.008641
3225.426312,1.005020,1.005728
3225.427701,0.998955,0.999679
3225.429090,0.982084,0.982814
3225.430479,0.989237,0.989990
3225.431867,1.002471,1.002991
3225.433256,1.002469,1.002789
3225.434645,0.996078,0.996087
3225.436034,1.009023,1.008830
3225.437423,0.983703,0.983147
3225.438812,1.010436,1.009714
3225.440200,1.018578,1.017913
3225.441589,0.979595,0.978819
3225.442978,0.998891,0.997966
3225.444367,1.012352,1.011209
3225.445756,0.997522,0.996250
3225.447144,0.990447,0.989122
3225.448533,0.986425,0.985193
3225.449922,0.997078,0.995946
3225.451311,0.990231,0.988910
3225.452700,1.005467,1.004200
3225.454089,1.012053,1.010611
3225.455477,1.025209,1.023826
3225.456866,1.015079,1.013754
3225.458255,1.012589,1.011317
3225.459644,0.983141,0.981957
3225.461033,1.020898,1.019530
3225.462421,0.994925,0.993477
3225.463810,0.985063,0.983475
3225.465199,0.992187,0.990282
3225.466588,1.003319,1.001445
3225.467977,1.015266,1.013342
3225.469366,0.993727,0.991726
3225.470754,0.983622,0.981766
3225.472143,1.032735,1.031018
3225.473532,1.003471,1.001766
3225.474921,1.018583,1.017027
3225.476310,0.969048,0.967406
3225.477699,1.007309,1.005675
3225.479087,0.997438,0.995905
3225.480476,1.016341,1.014547
3225.481865,1.004503,1.002764
3225.483254,0.992032,0.990240
3225.484643,1.027395,1.025385
3225.486031,1.027340,1.025374
3225.487420,0.993566,0.991431
3225.488809,1.014587,1.012532
3225.490198,0.986777,0.984776
3225.491587,1.000515,0.998359
3225.492976,1.019636,1.017458
3225.494364,0.998832,0.996691
3225.495753,1.007414,1.005333
3225.497142,1.014637,1.012496
3225.498531,1.003181,1.000945
3225.499920,0.993753,0.991509
3225.501308,0.991951,0.989820
3225.502697,0.996683,0.994474
3225.504086,1.006722,1.004559
3225.505475,1.009442,1.007205
3225.506864,0.994667,0.992477
3225.508253,0.986807,0.984372
3225.509641,1.000080,0.997642
3225.511030,1.002808,1.000399
3225.512419,1.006079,1.003685
3225.513808,1.013012,1.010477
3225.515197,1.015858,1.013284
3225.516585,1.003342,1.000791
3225.517974,1.012871,1.010264
3225.519363,1.010839,1.008431
3225.520752,1.001993,0.999606
3225.522141,0.996476,0.994104
3225.523530,0.994575,0.991956
3225.524918,1.027568,1.025028
3225.526307,0.973711,0.971245
3225.527696,0.996778,0.994144
3225.529085,1.002031,0.999148
3225.530474,0.982188,0.979519
3225.531862,0.981814,0.979178
3225.533251,0.992962,0.990314
3225.534640,1.006564,1.003889
3225.536029,1.015385,1.012833
3225.537418,1.006104,1.003594
3225.538807,0.994236,0.991763
3225.540195,1.002078,0.999623
3225.541584,1.014267,1.011725
3225.542973,0.991967,0.989466
3225.544362,0.985441,0.982957
3225.545751,1.025290,1.022602
3225.547139,0.992624,0.990081
3225.548528,0.997210,0.994834
3225.549917,0.997590,0.995283
3225.551306,1.015970,1.013661
3225.552695,0.994536,0.992214
3225.554084,1.004200,1.002026
3225.555472,1.019068,1.016846
3225.556861,0.986003,0.983818
3225.558250,1.011819,1.009586
3225.559639,0.980252,0.978307
3225.561028,0.993340,0.991444
3225.562417,1.007585,1.005641
3225.563805,0.992295,0.990306
3225.565194,1.016994,1.015000
3225.566583,1.001672,0.999704
3225.567972,0.988868,0.986845
3225.569361,1.013735,1.011593
3225.570749,0.998353,0.996054
3225.572138,0.993417,0.991095
3225.573527,1.008257,1.005717
3225.574916,0.997406,0.994879
3225.576305,0.979321,0.977000
3225.577694,0.997831,0.995338
3225.579082,0.999263,0.996813
3225.580471,0.976906,0.974535
3225.581860,1.010800,1.008241
3225.583249,0.986203,0.983830
3225.584638,0.995231,0.992783
3225.586026,0.997328,0.994862
3225.587415,1.009993,1.007275
3225.588804,0.994341,0.991520
3225.590193,1.006230,1.003312
3225.591582,0.991848,0.988885
3225.592971,1.000483,0.997586
3225.594359,1.026326,1.023259
3225.595748,0.989430,0.986522
3225.597137,1.015891,1.013079
3225.598526,0.986695,0.984177
3225.599915,1.006482,1.003847
3225.601303,0.995613,0.993145
3225.602692,1.003685,1.001107
3225.604081,0.983064,0.980520
3225.605470,0.999847,0.997441
3225.606859,1.031913,1.029241
3225.608248,0.996662,0.994065
3225.609636,1.016575,1.014174
3225.611025,0.983180,0.980806
3225.612414,1.002205,0.999873
3225.613803,1.002552,1.000249
3225.615192,1.026493,1.024194
3225.616580,1.013397,1.011224
3225.617969,0.984248,0.982066
3225.619358,1.023880,1.021713
3225.620747,0.996454,0.994372
3225.622136,1.006337,1.004282
3225.623525,1.029340,1.027077
3225.624913,1.014515,1.012121
3225.626302,1.009511,1.007143
3225.627691,1.001999,0.999781
3225.629080,1.001763,0.999425
3225.630469,1.001865,0.999598
3225.631857,0.975080,0.972971
3225.633246,1.003683,1.001524
3225.634635,0.992764,0.990678
3225.636024,1.005280,1.003039
3225.637413,1.016484,1.014347
3225.638802,1.023593,1.021766
3225.640190,1.011146,1.009199
3225.641579,1.019611,1.017622
3225.642968,0.995136,0.993062
3225.644357,1.008410,1.006629
3225.645746,0.994136,0.992464
3225.647134,0.980570,0.978949
3225.648523,1.010930,1.009038
3225.649912,0.998137,0.996228
3225.651301,0.988035,0.986279
3225.652690,1.013142,1.011182
3225.654079,0.985984,0.983892
3225.655467,1.007982,1.005919
3225.656856,1.012244,1.010212
3225.658245,1.004946,1.003105
3225.659634,1.025225,1.023418
3225.661023,1.016398,1.014335
3225.662412,1.015391,1.013375
3225.663800,0.996325,0.994371
3225.665189,1.001511,0.999432
3225.666578,0.997090,0.994912
3225.667967,1.009643,1.007499
3225.669356,0.998959,0.996977
3225.670744,1.001202,0.999199
3225.672133,1.003057,1.001035
3225.673522,1.000938,0.998677
3225.674911,0.988357,0.986151
3225.676300,0.998310,0.996241
3225.677689,1.001246,0.999348
3225.679077,1.023707,1.021701
3225.680466,0.985386,0.983476
3225.681855,1.015015,1.013044
3225.683244,1.008624,1.006474
3225.684633,1.002971,1.000878
3225.686021,1.008644,1.006436
3225.687410,0.994637,0.992410
3225.688799,1.001109,0.998825
3225.690188,0.986899,0.984727
3225.691577,1.012846,1.010532
3225.692966,0.996990,0.994395
3225.694354,0.982857,0.980495
3225.695743,0.982260,0.979799
3225.697132,1.019105,1.016495
3225.698521,1.007861,1.005380
3225.699910,1.023837,1.021366
3225.701298,1.006343,1.003934
3225.702687,1.010339,1.007763
3225.704076,0.994044,0.991535
3225.705465,1.011266,1.008601
3225.706854,1.011384,1.008646
3225.708243,1.001684,0.999046
3225.709631,0.997167,0.994439
3225.711020,1.002104,0.999362
3225.712409,0.970768,0.968120
3225.713798,0.988198,0.985326
3225.715187,1.009670,1.006764
3225.716575,0.995707,0.992890
3225.717964,0.998415,0.995543
3225.719353,0.991972,0.988955
3225.720742,1.016187,1.013025
3225.722131,0.995050,0.991922
3225.723520,1.001499,0.998235
3225.724908,0.995160,0.991899
3225.726297,1.022099,1.018562
3225.727686,1.023597,1.020164
3225.729075,1.002906,0.999525
3225.730464,0.990789,0.987456
3225.731852,0.995662,0.992336
3225.733241,0.991119,0.987812
3225.734630,1.005103,1.001575
3225.736019,0.994230,0.990771
3225.737408,1.003117,0.999496
3225.738797,1.005960,1.002260
3225.740185,0.985030,0.981431
3225.741574,0.990281,0.986638
3225.742963,1.012066,1.008367
3225.744352,0.997215,0.993796
3225.745741,1.001266,0.997885
3225.747129,0.989023,0.985828
3225.748518,1.003328,1.000171
3225.749907,1.013333,1.010004
3225.751296,0.989196,0.986036
3225.752685,0.998577,0.995463
3225.754074,0.997970,0.995027
3225.755462,0.992312,0.989398
3225.756851,0.994658,0.991675
3225.758240,0.982071,0.979143
3225.759629,1.021845,1.018913
3225.761018,0.989380,0.986527
3225.762406,1.006231,1.003078
3225.763795,1.008733,1.005538
3225.765184,1.023068,1.019693
3225.766573,0.990727,0.987510
3225.767962,1.024189,1.020723
3225.769351,0.980751,0.977570
3225.770739,1.004430,1.001022
3225.772128,1.011766,1.008520
3225.773517,0.979063,0.975874
3225.774906,1.014625,1.011191
3225.776295,1.017809,1.014425
3225.777683,0.989103,0.985735
3225.779072,1.025372,1.021974
3225.780461,1.001830,0.998534
3225.781850,0.998756,0.995423
3225.783239,1.000323,0.996875
3225.784628,0.982989,0.979515
3225.786016,1.003176,0.999754
3225.787405,1.006729,1.003176
3225.788794,1.016989,1.013556
3225.790183,0.998365,0.995012
3225.791572,0.987725,0.984092
3225.792960,1.014156,1.010414
3225.794349,1.003665,0.999965
3225.795738,1.000825,0.996990
3225.797127,1.005830,1.002127
3225.798516,1.000430,0.996776
3225.799905,0.992386,0.988898
3225.801293,1.009555,1.006161
3225.802682,0.992951,0.989767
3225.804071,1.012638,1.009412
3225.805460,1.033616,1.030191
3225.806849,1.009891,1.006457
3225.808238,1.000192,0.996681
3225.809626,0.997890,0.994257
3225.811015,1.021055,1.017327
3225.812404,1.022032,1.018005
3225.813793,1.003522,0.999597
3225.815182,0.982470,0.978761
3225.816570,0.998835,0.994898
3225.817959,1.015093,1.010925
3225.819348,1.003903,0.999813
3225.820737,0.999851,0.995740
3225.822126,1.008853,1.004761
3225.823515,1.024866,1.020535
3225.824903,1.019646,1.015383
3225.826292,1.016823,1.012445
3225.827681,0.981654,0.977237
3225.829070,1.011073,1.006410
3225.830459,1.017129,1.012256
3225.831847,1.002313,0.997576
3225.833236,0.992139,0.987406
3225.834625,1.009850,1.005072
3225.836014,1.020870,1.015950
3225.837403,1.000225,0.995241
3225.838792,1.010769,1.005786
3225.840180,0.976458,0.971746
3225.841569,1.004834,0.999871
3225.842958,1.018247,1.013242
3225.844347,1.034826,1.029792
3225.845736,0.999576,0.994719
3225.847124,1.016499,1.011319
3225.848513,1.020587,1.015476
3225.849902,0.993947,0.988854
3225.851291,1.019909,1.014578
3225.852680,1.006311,1.001036
3225.854069,1.013244,1.007839
3225.855457,1.006137,1.000755
3225.856846,1.020699,1.015251
3225.858235,0.992183,0.986923
3225.859624,0.987131,0.981824
3225.861013,1.016731,1.011321
3225.862401,0.990519,0.985292
3225.863790,1.002809,0.997734
3225.865179,1.007556,1.002454
3225.866568,0.998136,0.993101
3225.867957,1.003892,0.998649
3225.869346,0.988853,0.983853
3225.870734,1.027299,1.022025
3225.872123,0.996897,0.991807
3225.873512,0.990606,0.985299
3225.874901,1.022167,1.016655
3225.876290,1.006426,1.000938
3225.877678,1.000573,0.995198
3225.879067,0.994813,0.989474
3225.880456,1.004370,0.999135
3225.881845,1.005455,1.000376
3225.883234,1.013231,1.008213
3225.884623,0.997864,0.992831
3225.886011,0.997340,0.992180
3225.887400,0.990842,0.985734
3225.888789,1.006294,1.001062
3225.890178,1.008345,1.003189
3225.891567,0.990838,0.985757
3225.892955,0.989146,0.984149
3225.894344,1.003924,0.998700
3225.895733,0.995968,0.990751
3225.897122,1.014420,1.009118
3225.898511,1.001973,0.996751
3225.899900,1.023661,1.018420
3225.901288,0.979959,0.975087
3225.902677,0.999516,0.994548
3225.904066,0.997792,0.992893
3225.905455,0.992441,0.987596
3225.906844,1.001895,0.997015
3225.908232,1.008501,1.003678
3225.909621,1.005925,1.001242
3225.911010,1.020559,1.015643
3225.912399,1.010529,1.005799
3225.913788,1.027732,1.022832
3225.915177,0.995123,0.990545
3225.916565,0.992151,0.987594
3225.917954,1.004129,0.999468
3225.919343,1.010485,1.005872
3225.920732,1.028063,1.023350
3225.922121,1.015980,1.011460
3225.923509,0.988121,0.983808
3225.924898,1.012767,1.008477
3225.926287,1.014001,1.009953
3225.927676,1.001771,0.997700
3225.929065,0.989882,0.985924
3225.930454,0.987157,0.983323
3225.931842,0.997510,0.993646
3225.933231,0.997599,0.993703
3225.934620,0.985927,0.982232
3225.936009,1.020006,1.016083
3225.937398,0.980920,0.977328
3225.938786,1.013383,1.009756
3225.940175,0.992125,0.988424
3225.941564,1.011947,1.008323
3225.942953,1.007272,1.003670
3225.944342,1.005132,1.001356
3225.945731,0.999265,0.995657
3225.947119,1.006869,1.003095
3225.948508,0.995546,0.991910
3225.949897,1.009808,1.006158
3225.951286,1.001035,0.997326
3225.952675,1.005731,1.002211
3225.954063,1.006347,1.002688
3225.955452,1.023866,1.020259
3225.956841,1.012139,1.008482
3225.958230,0.980980,0.977283
3225.959619,1.016395,1.012677
3225.961008,1.014875,1.011037
3225.962396,0.983102,0.979497
3225.963785,1.030711,1.027008
3225.965174,1.011887,1.008296
3225.966563,1.002338,0.998820
3225.967952,1.033373,1.029917
3225.969340,1.023660,1.020231
3225.970729,1.014652,1.011328
3225.972118,1.002625,0.999278
3225.973507,1.017009,1.013653
3225.974896,1.001680,0.998255
3225.976285,1.007439,1.004014
3225.977673,1.002521,0.999127
3225.979062,0.969693,0.966437
3225.980451,1.006520,1.003000
3225.981840,1.009377,1.005798
3225.983229,0.990703,0.987331
3225.984617,0.977178,0.973969
3225.986006,0.997823,0.994510
3225.987395,1.011654,1.008278
3225.988784,0.999327,0.996037
3225.990173,0.984153,0.980926
3225.991562,1.023492,1.020130
3225.992950,0.988973,0.985521
3225.994339,0.998087,0.994511
3225.995728,1.003169,0.999813
3225.997117,0.991526,0.988115
3225.998506,1.012168,1.008499
3225.999894,0.999412,0.995893
3226.001283,1.008312,1.004685
3226.002672,1.000355,0.996746
3226.004061,0.976939,0.973480
3226.005450,1.013797,1.010230
3226.006839,1.024474,1.020709
3226.008227,0.987191,0.983731
3226.009616,0.996000,0.992564
3226.011005,1.009953,1.006475
3226.012394,1.005490,1.001844
3226.013783,0.988723,0.984983
3226.015171,1.002889,0.999008
3226.016560,0.999040,0.995150
3226.017949,0.995107,0.991178
3226.019338,1.003498,0.999368
3226.020727,0.996464,0.992275
3226.022116,0.994943,0.990737
3226.023504,1.005239,1.001083
3226.024893,0.994503,0.990409
3226.026282,1.002041,0.997800
3226.027671,1.007608,1.003428
3226.029060,0.990693,0.986480
3226.030448,1.017253,1.013022
3226.031837,1.018943,1.014766
3226.033226,1.012403,1.008444
3226.034615,0.996884,0.993025
3226.036004,1.036247,1.032090
3226.037393,1.001608,0.997835
3226.038781,1.002279,0.998327
3226.040170,0.973300,0.969348
3226.041559,1.008693,1.004692
3226.042948,0.994653,0.990552
3226.044337,1.012955,1.008866
3226.045725,1.005889,1.001864
3226.047114,0.997771,0.993935
3226.048503,1.015562,1.011755
3226.049892,1.027449,1.023558
3226.051281,0.982746,0.978906
3226.052670,0.977864,0.974201
3226.054058,0.994389,0.990707
3226.055447,1.008391,1.004788
3226.056836,1.008754,1.005067
3226.058225,0.998510,0.994915
3226.059614,1.006924,1.003479
3226.061002,0.996564,0.993290
3226.062391,1.018446,1.015166
3226.063780,1.005875,1.002694
3226.065169,0.993857,0.990751
3226.066558,1.010732,1.007718
3226.067947,1.015375,1.012304
3226.069335,1.005494,1.002666
3226.070724,1.004195,1.001279
3226.072113,1.007470,1.004527
3226.073502,1.008040,1.004974
3226.074891,0.999138,0.996017
3226.076279,1.009947,1.006672
3226.077668,0.984795,0.981546
3226.079057,1.018031,1.014468
3226.080446,0.985614,0.982153
3226.081835,1.014035,1.010293
3226.083224,1.002432,0.998769
3226.084612,1.003189,0.999552
3226.086001,0.999403,0.995729
3226.087390,0.992464,0.988744
3226.088779,1.016754,1.012918
3226.090168,1.002590,0.998916
3226.091556,1.011891,1.008202
3226.092945,1.017471,1.013818
3226.094334,1.006834,1.003104
3226.095723,0.996129,0.992591
3226.097112,1.021108,1.017667
3226.098501,1.007266,1.003932
3226.099889,1.015396,1.012127
3226.101278,1.014459,1.011182
3226.102667,1.006814,1.003758
3226.104056,1.009124,1.006113
3226.105445,1.016288,1.013297
3226.106833,0.985662,0.982780
3226.108222,1.000851,0.998117
3226.109611,1.013132,1.010398
3226.111000,0.986244,0.983575
3226.112389,1.010229,1.007446
3226.113778,1.000707,0.997976
3226.115166,1.015571,1.012931
3226.116555,1.002988,1.000447
3226.117944,0.983312,0.980973
3226.119333,1.013009,1.010665
3226.120722,0.977239,0.974978
3226.122110,1.020719,1.018475
3226.123499,0.998687,0.996347
3226.124888,0.968740,0.966273
3226.126277,0.999900,0.997538
3226.127666,0.987903,0.985668
3226.129055,1.016230,1.014052
3226.130443,1.006991,1.005034
3226.131832,1.007052,1.004950
3226.133221,1.000877,0.998767
3226.134610,1.013167,1.010946
3226.135999,1.002612,1.000259
3226.137387,0.998690,0.996336
3226.138776,0.995839,0.993439
3226.140165,1.034438,1.031902
3226.141554,0.986143,0.983647
3226.142943,0.998613,0.996153
3226.144332,0.994818,0.992514
3226.145720,1.020519,1.018119
3226.147109,0.995289,0.993183
3226.148498,0.991525,0.989445
3226.149887,1.000544,0.998460
3226.151276,1.012884,1.010866
3226.152664,1.004008,1.002161
3226.154053,0.996272,0.994553
3226.155442,1.001802,0.999950
3226.156831,1.005785,1.003954
3226.158220,1.019573,1.017922
3226.159609,0.982676,0.980973
3226.160997,0.998281,0.996575
3226.162386,1.016177,1.014589
3226.163775,0.991863,0.990458
3226.165164,0.983062,0.981830
3226.166553,1.014761,1.013470
3226.167941,0.975176,0.973985
3226.169330,1.002490,1.001337
3226.170719,1.027240,1.026022
3226.172108,0.999985,0.998958
3226.173497,0.981248,0.980272
3226.174886,0.998682,0.997698
3226.176274,1.007841,1.007038
3226.177663,1.014034,1.013297
3226.179052,1.001251,1.000598
3226.180441,0.970106,0.969655
3226.181830,0.997476,0.997159
3226.183218,1.012618,1.012196
3226.184607,0.980981,0.980560
3226.185996,0.987980,0.987822
3226.187385,0.987118,0.987094
3226.188774,1.004304,1.004369
3226.190163,1.016739,1.016895
3226.191551,1.020278,1.020431
3226.192940,0.969813,0.970045
3226.194329,0.995899,0.996059
3226.195718,0.994489,0.994682
3226.197107,1.000250,1.000639
3226.198495,1.006841,1.007083
3226.199884,1.033293,1.033569
3226.201273,1.000339,1.000541
3226.202662,0.976161,0.976348
3226.204051,1.023008,1.023075
3226.205440,0.993979,0.994137
3226.206828,0.972544,0.972659
3226.208217,0.999290,0.999663
3226.209606,0.990374,0.990918
3226.210995,1.014232,1.014917
3226.212384,1.000400,1.001129
3226.213772,1.014420,1.015178
3226.215161,1.014390,1.015329
3226.216550,0.993841,0.994543
3226.217939,0.988112,0.988811
3226.219328,1.018557,1.019436
3226.220717,0.998889,1.000132
3226.222105,1.006137,1.007390
3226.223494,0.986785,0.987920
3226.224883,1.010925,1.012138
3226.226272,1.013980,1.015308
3226.227661,1.005035,1.006442
3226.229049,1.008126,1.009532
3226.230438,0.999098,1.000332
3226.231827,1.014427,1.015674
3226.233216,1.019618,1.020956
3226.234605,1.012650,1.014090
3226.235993,1.010218,1.011574
3226.237382,0.979837,0.981201
3226.238771,0.989007,0.990494
3226.240160,0.965910,0.967294
3226.241549,0.979925,0.981321
3226.242938,0.979703,0.981136
3226.244326,0.986632,0.988146
3226.245715,0.977578,0.979324
3226.247104,0.998053,0.999800
3226.248493,0.988566,0.990426
3226.249882,0.990564,0.992285
3226.251270,0.985445,0.987120
3226.252659,0.983599,0.985313
3226.254048,0.986144,0.987669
3226.255437,1.012018,1.013652
3226.256826,1.022740,1.024329
3226.258215,0.980575,0.982141
3226.259603,1.010784,1.012351
3226.260992,0.984871,0.986155
3226.262381,1.016180,1.017373
3226.263770,1.009028,1.010322
3226.265159,0.985907,0.986993
3226.266547,1.000241,1.001277
3226.267936,0.983699,0.984590
3226.269325,1.004300,1.005055
3226.270714,1.015685,1.016410
3226.272103,0.974478,0.975136
3226.273492,1.002812,1.003489
3226.274880,1.009761,1.010511
3226.276269,1.003926,1.004860
3226.277658,0.992879,0.993821
3226.279047,0.983992,0.984986
3226.280436,0.989256,0.990380
3226.281824,1.013817,1.015127
3226.283213,0.992236,0.993481
3226.284602,1.021056,1.022393
3226.285991,0.998186,0.999673
3226.287380,0.992364,0.993779
3226.288769,1.011756,1.013386
3226.290157,0.987800,0.989377
3226.291546,0.966151,0.967877
3226.292935,0.996694,0.998800
3226.294324,1.018440,1.020628
3226.295713,1.021548,1.023902
3226.297101,1.003093,1.005425
3226.298490,0.995298,0.997500
3226.299879,0.997147,0.999344
3226.301268,0.976936,0.979100
3226.302657,0.996697,0.998841
3226.304046,1.011519,1.013533
3226.305434,0.996575,0.998707
3226.306823,0.986150,0.988352
3226.308212,0.994429,0.996449
3226.309601,1.003131,1.005224
3226.310990,1.022539,1.024866
3226.312378,0.988386,0.990755
3226.313767,0.998255,1.000572
3226.315156,0.999625,1.001826
3226.316545,1.002231,1.004443
3226.317934,0.995551,0.997833
3226.319323,0.991033,0.993448
3226.320711,1.004756,1.007157
3226.322100,0.980136,0.982696
3226.323489,0.991777,0.994444
3226.324878,1.004105,1.006787
3226.326267,0.992655,0.995140
3226.327655,0.979898,0.982471
3226.329044,1.008225,1.010717
3226.330433,1.013784,1.016105
3226.331822,1.004940,1.007289
3226.333211,0.996432,0.998958
3226.334600,0.994684,0.997231
3226.335988,1.007232,1.009913
3226.337377,0.981920,0.984422
3226.338766,0.988595,0.990920
3226.340155,1.004783,1.007239
3226.341544,1.012807,1.015407
3226.342932,1.004948,1.007570
3226.344321,0.994368,0.996966
3226.345710,1.008993,1.011724
3226.347099,1.023764,1.026487
3226.348488,1.000685,1.003530
3226.349877,0.974514,0.977311
3226.351265,0.983935,0.986605
3226.352654,1.025119,1.028055
3226.354043,1.012750,1.015832
3226.355432,0.998462,1.001660
3226.356821,0.996432,0.999643
3226.358209,0.991805,0.994921
3226.359598,0.995499,0.998382
3226.360987,0.975311,0.978368
3226.362376,0.998379,1.001541
3226.363765,1.007651,1.010926
3226.365154,0.978913,0.982149
3226.366542,1.009078,1.012325
3226.367931,0.988383,0.991385
3226.369320,0.981172,0.984274
3226.370709,1.002198,1.005514
3226.372098,1.003770,1.006900
3226.373486,0.982919,0.985984
3226.374875,1.000365,1.003508
3226.376264,1.023094,1.026378
3226.377653,1.001765,1.005050
3226.379042,1.008492,1.011797
3226.380431,0.996443,0.999735
3226.381819,1.014269,1.017434
3226.383208,0.968199,0.971110
3226.384597,1.015939,1.018962
3226.385986,0.996392,0.999400
3226.387375,1.027483,1.030588
3226.388763,0.982748,0.985687
3226.390152,0.980499,0.983499
3226.391541,1.004064,1.007144
3226.392930,1.003717,1.006631
3226.394319,1.009421,1.012247
3226.395707,0.983731,0.986580
3226.397096,0.980313,0.983133
3226.398485,0.992375,0.995175
3226.399874,0.994362,0.996848
3226.401263,1.016009,1.018399
3226.402652,0.990747,0.992877
3226.404040,1.002051,1.004011
3226.405429,1.010865,1.012841
3226.406818,0.985556,0.987542
3226.408207,0.995786,0.997856
3226.409596,0.994358,0.996442
3226.410984,1.010759,1.012849
3226.412373,1.014995,1.017274
3226.413762,1.002672,1.005099
3226.415151,0.996961,0.999454
3226.416540,0.980977,0.983557
3226.417929,0.985907,0.988495
3226.419317,0.999545,1.002094
3226.420706,0.956863,0.959349
3226.422095,0.990922,0.993620
3226.423484,0.994430,0.997031
3226.424873,0.997233,0.999658
3226.426261,0.992128,0.994540
3226.427650,0.965771,0.968053
3226.429039,0.972936,0.975521
3226.430428,1.000187,1.002720
3226.431817,0.978743,0.981030
3226.433206,0.983192,0.985512
3226.434594,0.981094,0.983560
3226.435983,0.975858,0.978370
3226.437372,0.986785,0.989235
3226.438761,0.988895,0.991339
3226.440150,1.002903,1.005573
3226.441538,0.982838,0.985461
3226.442927,1.017324,1.019975
3226.444316,1.003363,1.005962
3226.445705,0.983112,0.985727
3226.447094,1.017754,1.020592
3226.448483,1.013816,1.016608
3226.449871,0.998711,1.001343
3226.451260,1.001128,1.003715
3226.452649,1.001661,1.004085
3226.454038,0.992158,0.994613
3226.455427,0.996024,0.998478
3226.456815,1.007760,1.010197
3226.458204,1.019593,1.022174
3226.459593,1.011613,1.014524
3226.460982,0.995706,0.998523
3226.462371,1.002943,1.005653
3226.463760,1.010101,1.012726
3226.465148,0.980066,0.982594
3226.466537,0.996333,0.998966
3226.467926,0.993844,0.996476
3226.469315,0.994193,0.997010
3226.470704,0.968065,0.970806
3226.472092,1.013042,1.015880
3226.473481,1.002076,1.004972
3226.474870,0.994008,0.997074
3226.476259,0.986999,0.990088
3226.477648,1.020956,1.024043
3226.479037,1.007049,1.009934
3226.480425,1.001601,1.004516
3226.481814,0.969442,0.972375
3226.483203,0.984711,0.987626
3226.484592,1.006218,1.009075
3226.485981,1.029053,1.032030
3226.487369,0.990805,0.993675
3226.488758,1.026511,1.029454
3226.490147,1.009798,1.012797
3226.491536,0.999098,1.002031
3226.492925,0.989185,0.991975
3226.494313,0.998876,1.001949
3226.495702,0.969381,0.972514
3226.497091,0.982166,0.985255
3226.498480,0.994553,0.997718
3226.499869,1.009431,1.012633
3226.501258,1.014128,1.017314
3226.502646,0.986763,0.989742
3226.504035,0.978926,0.981647
3226.505424,0.990444,0.993413
3226.506813,1.010159,1.013121
3226.508202,0.996156,0.999007
3226.509590,1.000567,1.003343
3226.510979,1.003778,1.006612
3226.512368,1.025792,1.028818
3226.513757,0.991355,0.994355
3226.515146,0.996299,0.999258
3226.516535,0.998107,1.001091
3226.517923,0.983960,0.986967
3226.519312,1.001236,1.004287
3226.520701,1.012475,1.015535
3226.522090,1.008654,1.011574
3226.523479,1.003720,1.006650
3226.524867,1.000883,1.003801
3226.526256,0.978451,0.981403
3226.527645,1.005201,1.008162
3226.529034,0.997803,1.000916
3226.530423,1.004446,1.007536
3226.531812,1.006133,1.009193
3226.533200,0.989968,0.992894
3226.534589,1.002736,1.005593
3226.535978,1.019673,1.022807
3226.537367,0.999123,1.002347
3226.538756,0.992089,0.995309
3226.540144,0.993793,0.996957
3226.541533,0.974960,0.978174
3226.542922,1.007993,1.011263
3226.544311,0.999398,1.002697
3226.545700,1.012567,1.015893
3226.547089,1.003851,1.007101
3226.548477,0.984914,0.988045
3226.549866,0.996199,0.999199
3226.551255,0.988871,0.992019
3226.552644,0.994539,0.997448
3226.554033,1.019318,1.022179
3226.555421,0.994766,0.997314
3226.556810,1.018823,1.021468
3226.558199,0.989956,0.992719
3226.559588,0.986009,0.988652
3226.560977,0.999312,1.001832
3226.562366,1.023418,1.025862
3226.563754,1.009239,1.011763
3226.565143,0.994808,0.997358
3226.566532,0.967352,0.969779
3226.567921,1.000315,1.002622
3226.569310,0.985370,0.987564
3226.570698,0.984388,0.986542
3226.572087,0.984327,0.986428
3226.573476,1.002363,1.004350
3226.574865,0.978887,0.980781
3226.576254,0.983903,0.985777
3226.577642,0.974689,0.976448
3226.579031,1.013965,1.015656
3226.580420,1.004502,1.005958
3226.581809,1.009526,1.010899
3226.583198,1.008317,1.009606
3226.584587,0.988509,0.990034
3226.585975,0.971304,0.972766
3226.587364,0.987573,0.988958
3226.588753,1.001908,1.003475
3226.590142,0.990654,0.992184
3226.591531,0.989441,0.990828
3226.592919,0.976343,0.977742
3226.594308,0.995206,0.996583
3226.595697,1.027806,1.029536
3226.597086,0.992821,0.994654
3226.598475,0.974362,0.976231
3226.599864,0.985496,0.987535
3226.601252,1.020911,1.023016
3226.602641,0.989294,0.991511
3226.604030,0.985508,0.987793
3226.605419,1.009787,1.012298
3226.606808,1.042290,1.044877
3226.608196,1.001359,1.003841
3226.609585,1.000003,1.002567
3226.610974,0.996274,0.998819
3226.612363,0.998466,1.000897
3226.613752,1.001040,1.003540
3226.615141,1.001353,1.003935
3226.616529,0.979869,0.982285
3226.617918,0.990773,0.993185
3226.619307,0.979563,0.982199
3226.620696,0.990470,0.993103
3226.622085,1.002863,1.005650
3226.623473,0.986350,0.989231
3226.624862,1.000491,1.003346
3226.626251,1.001865,1.004745
3226.627640,1.017346,1.020295
3226.629029,0.984320,0.986955
3226.630418,0.993590,0.996065
3226.631806,1.001391,1.003938
3226.633195,0.997137,0.999578
3226.634584,1.002759,1.005154
3226.635973,0.995368,0.997741
3226.637362,1.003678,1.005995
3226.638750,0.993069,0.995445
3226.640139,1.003721,1.006249
3226.641528,1.008360,1.010859
3226.642917,1.015266,1.017849
3226.644306,0.999997,1.002538
3226.645695,0.984045,0.986718
3226.647083,0.995656,0.998256
3226.648472,0.994318,0.996884
3226.649861,1.015529,1.018122
3226.651250,0.988275,0.991151
3226.652639,0.981672,0.984553
3226.654027,1.002849,1.005848
3226.655416,0.990137,0.992849
3226.656805,0.998214,1.000953
3226.658194,0.994831,0.997318
3226.659583,0.983638,0.985997
3226.660971,0.982642,0.984965
3226.662360,1.030714,1.033265
3226.663749,1.002474,1.005020
3226.665138,0.991817,0.994461
3226.666527,1.018134,1.021067
3226.667916,1.002682,1.005688
3226.669304,0.991336,0.994319
3226.670693,0.973948,0.976888
3226.672082,0.966951,0.969802
3226.673471,1.014379,1.017602
3226.674860,0.975319,0.978460
3226.676248,0.989846,0.993046
3226.677637,0.995744,0.999057
3226.679026,1.010210,1.013612
3226.680415,1.012870,1.016123
3226.681804,1.020334,1.023573
3226.683193,1.015821,1.019161
3226.684581,1.005934,1.009193
3226.685970,0.986989,0.990222
3226.687359,0.982920,0.986186
3226.688748,1.022090,1.025429
3226.690137,0.995008,0.998059
3226.691525,1.005203,1.008401
3226.692914,0.998976,1.002156
3226.694303,1.011341,1.014674
3226.695692,0.987409,0.990862
3226.697081,1.006051,1.009482
3226.698470,0.993886,0.997365
3226.699858,1.004883,1.008447
3226.701247,0.967583,0.971057
3226.702636,0.993499,0.997165
3226.704025,1.026193,1.029948
3226.705414,1.007974,1.011585
3226.706802,1.007826,1.011297
3226.708191,0.996851,1.000242
3226.709580,1.004041,1.007518
3226.710969,0.994575,0.998084
3226.712358,1.036345,1.039843
3226.713747,1.004980,1.008450
3226.715135,1.007290,1.010627
3226.716524,0.993972,0.997253
3226.717913,0.994654,0.997955
3226.719302,1.002257,1.005700
3226.720691,0.981026,0.984459
3226.722079,0.983724,0.987220
3226.723468,0.994457,0.997723
3226.724857,0.994939,0.998308
3226.726246,1.017845,1.021207
3226.727635,0.992793,0.996153
3226.729023,0.984872,0.988360
3226.730412,0.994318,0.997837
3226.731801,1.008405,1.011725
3226.733190,0.996390,0.999596
3226.734579,0.989274,0.992491
3226.735968,0.966474,0.969710
3226.737356,1.007609,1.010911
3226.738745,0.989654,0.993058
3226.740134,0.997940,1.001554
3226.741523,0.991505,0.995183
3226.742912,0.982283,0.985929
3226.744300,0.994922,0.998833
3226.745689,0.981846,0.985821
3226.747078,0.992265,0.996430
3226.748467,0.983575,0.987629
3226.749856,0.992080,0.996058
3226.751245,0.987386,0.991354
3226.752633,1.026962,1.030926
3226.754022,0.983435,0.987327
3226.755411,0.985821,0.989903
3226.756800,0.984258,0.988490
3226.758189,0.987832,0.992125
3226.759577,0.970857,0.975354
3226.760966,1.001004,1.005760
3226.762355,0.982495,0.987320
3226.763744,1.011619,1.016699
3226.765133,0.995899,1.000772
3226.766522,1.008172,1.013118
3226.767910,0.999420,1.004403
3226.769299,0.977578,0.982514
3226.770688,1.004442,1.009285
3226.772077,0.981954,0.986846
3226.773466,1.006514,1.011647
3226.774854,0.979963,0.984996
3226.776243,1.008679,1.013849
3226.777632,0.973076,0.977913
3226.779021,0.989439,0.994316
3226.780410,1.004943,1.009740
3226.781798,0.987536,0.992189
3226.783187,0.991132,0.995799
3226.784576,1.000932,1.005789
3226.785965,1.032906,1.037980
3226.787354,0.989808,0.994952
3226.788743,1.015254,1.020550
3226.790131,1.009797,1.014999
3226.791520,0.980005,0.985061
3226.792909,1.005816,1.010890
3226.794298,1.019628,1.024772
3226.795687,0.972838,0.977603
3226.797075,0.961833,0.966785
3226.798464,1.006831,1.012120
3226.799853,0.990759,0.995862
3226.801242,0.965392,0.970333
3226.802631,0.989633,0.994809
3226.804020,0.974920,0.980011
3226.805408,1.000436,1.005716
3226.806797,0.979947,0.985010
3226.808186,0.997870,1.003090
3226.809575,1.004427,1.009656
3226.810964,0.985391,0.990306
3226.812352,1.006611,1.011621
3226.813741,0.996247,1.001194
3226.815130,0.994764,0.999722
3226.816519,0.990296,0.995210
3226.817908,1.019111,1.024105
3226.819297,0.980768,0.985717
3226.820685,1.006994,1.012159
3226.822074,0.981485,0.986597
3226.823463,0.984410,0.989742
3226.824852,0.980142,0.985380
3226.826241,0.986324,0.991636
3226.827629,0.986647,0.992163
3226.829018,0.999512,1.005284
3226.830407,1.001968,1.007478
3226.831796,1.036926,1.042586
3226.833185,0.981745,0.987064
3226.834573,1.007553,1.012983
3226.835962,1.004447,1.009619
3226.837351,1.002981,1.008106
3226.838740,1.008490,1.013796
3226.840129,0.968062,0.973251
3226.841518,1.007242,1.012911
3226.842906,0.988633,0.994101
3226.844295,1.003503,1.009211
3226.845684,1.003367,1.008978
3226.847073,0.999220,1.004998
3226.848462,0.971000,0.976479
3226.849850,1.012591,1.018260
3226.851239,1.003133,1.008499
3226.852628,0.981900,0.987038
3226.854017,0.997084,1.002194
3226.855406,0.984057,0.989212
3226.856795,0.984316,0.989502
3226.858183,0.972153,0.977101
3226.859572,1.019461,1.024574
3226.860961,0.997274,1.002297
3226.862350,1.012958,1.017955
3226.863739,1.004656,1.009427
3226.865127,0.985251,0.990028
3226.866516,1.006433,1.011317
3226.867905,1.006634,1.011639
3226.869294,1.008856,1.013890
3226.870683,1.002046,1.007353
3226.872072,0.993903,0.999290
3226.873460,1.004577,1.009964
3226.874849,0.974256,0.979370
3226.876238,0.981817,0.986827
3226.877627,0.999807,1.004927
3226.879016,0.980686,0.985664
3226.880404,0.978405,0.983266
3226.881793,1.006519,1.011245
3226.883182,0.985436,0.989937
3226.884571,0.997515,1.002046
3226.885960,0.982955,0.987441
3226.887349,1.009896,1.014530
3226.888737,0.994336,0.998855
3226.890126,0.998377,1.003031
3226.891515,0.971228,0.975791
3226.892904,1.006354,1.011117
3226.894293,1.001608,1.006148
3226.895681,0.999440,1.003923
3226.897070,1.007934,1.012354
3226.898459,0.995641,0.999987
3226.899848,0.981212,0.985364
3226.901237,0.994970,0.999011
3226.902625,0.998334,1.002250
3226.904014,0.979704,0.983508
3226.905403,0.985075,0.989027
3226.906792,1.007328,1.011343
3226.908181,1.009539,1.013631
3226.909570,0.994320,0.998347
3226.910958,0.998504,1.002635
3226.912347,1.009786,1.014075
3226.913736,0.998344,1.002563
3226.915125,0.993409,0.997750
3226.916514,0.996899,1.001169
3226.917902,0.981827,0.986085
3226.919291,1.006434,1.010813
3226.920680,0.979232,0.983457
3226.922069,0.999922,1.004014
3226.923458,0.995717,0.999904
3226.924847,1.007824,1.012141
3226.926235,1.004552,1.008905
3226.927624,1.032347,1.036932
3226.929013,1.005429,1.010110
3226.930402,0.998315,1.002836
3226.931791,1.009186,1.013770
3226.933179,1.004973,1.009413
3226.934568,0.993178,0.997578
3226.935957,0.984331,0.988585
3226.937346,0.992173,0.996299
3226.938735,0.980838,0.984923
3226.940123,1.011499,1.015666
3226.941512,1.000950,1.005292
3226.942901,1.012832,1.017214
3226.944290,0.997611,1.002040
3226.945679,0.973169,0.977284
3226.947068,0.986721,0.990907
3226.948456,0.970145,0.974357
3226.949845,0.987045,0.991105
3226.951234,0.997012,1.001139
3226.952623,0.998287,1.002452
3226.954012,0.995741,1.000013
3226.955400,1.020334,1.024464
3226.956789,0.988716,0.992709
3226.958178,0.987685,0.991596
3226.959567,0.982089,0.985862
3226.960956,0.975796,0.979543
3226.962345,0.995317,0.999018
3226.963733,0.987835,0.991344
3226.965122,1.018536,1.022435
3226.966511,1.004933,1.008928
3226.967900,0.979667,0.983428
3226.969289,0.986161,0.990051
3226.970677,1.015114,1.019397
3226.972066,0.989023,0.993300
3226.973455,1.007738,1.012251
3226.974844,0.970382,0.974754
3226.976233,1.008842,1.013623
3226.977622,0.999922,1.004541
3226.979010,0.976628,0.981126
3226.980399,0.994343,0.998824
3226.981788,0.977725,0.982038
3226.983177,0.993515,0.997986
3226.984566,0.985392,0.989923
3226.985954,1.000433,1.005114
3226.987343,1.006914,1.011429
3226.988732,0.990119,0.994550
3226.990121,1.010559,1.014976
3226.991510,1.019249,1.023760
3226.992898,0.982887,0.987328
3226.994287,0.997355,1.001920
3226.995676,1.012421,1.017167
3226.997065,1.007961,1.012662
3226.998454,0.983418,0.988018
3226.999843,0.986674,0.991487
3227.001231,0.983768,0.988631
3227.002620,0.976435,0.981233
3227.004009,0.992963,0.997974
3227.005398,1.012385,1.017423
3227.006787,0.986261,0.991198
3227.008175,1.004911,1.010174
3227.009564,0.994487,0.999669
3227.010953,0.995560,1.000762
3227.012342,0.968897,0.973785
3227.013731,1.020223,1.025391
3227.015120,0.982652,0.987815
3227.016508,1.000948,1.006433
3227.017897,0.976428,0.981669
3227.019286,0.993552,0.998862
3227.020675,0.985534,0.990869
3227.022064,1.001631,1.007077
3227.023452,0.983773,0.989078
3227.024841,0.989745,0.995260
3227.026230,0.979417,0.985151
3227.027619,1.004716,1.010531
3227.029008,0.978982,0.984628
3227.030397,0.978070,0.983562
3227.031785,0.999424,1.005083
3227.033174,1.002993,1.008684
3227.034563,1.010091,1.015773
3227.035952,1.005588,1.011214
3227.037341,1.014372,1.020082
3227.038729,1.011416,1.017174
3227.040118,1.016516,1.022351
3227.041507,0.990821,0.996398
3227.042896,0.985663,0.991385
3227.044285,1.001045,1.006899
3227.045673,0.998588,1.004386
3227.047062,0.979196,0.984815
3227.048451,0.995094,1.000809
3227.049840,0.987819,0.993462
3227.051229,1.006806,1.012428
3227.052618,1.001690,1.007241
3227.054006,1.003441,1.009170
3227.055395,1.000304,1.005837
3227.056784,1.004945,1.010478
3227.058173,0.994591,1.000154
3227.059562,1.004696,1.010441
3227.060950,0.967788,0.973219
3227.062339,1.015189,1.020803
3227.063728,0.982277,0.987710
3227.065117,0.986573,0.992006
3227.066506,0.977003,0.982362
3227.067895,0.984946,0.990514
3227.069283,0.977914,0.983331
3227.070672,0.985810,0.991257
3227.072061,0.988913,0.994554
3227.073450,1.005232,1.010977
3227.074839,1.002726,1.008575
3227.076227,0.999934,1.005756
3227.077616,1.008223,1.014070
3227.079005,1.002908,1.008697
3227.080394,0.994482,1.000264
3227.081783,1.007472,1.013370
3227.083171,0.981077,0.986904
3227.084560,0.994042,1.000014
3227.085949,0.996145,1.002400
3227.087338,0.982750,0.988871
3227.088727,0.992975,0.999292
3227.090116,1.003337,1.009695
3227.091504,1.000158,1.006603
3227.092893,0.993707,1.000010
3227.094282,1.006494,1.012717
3227.095671,1.006101,1.012177
3227.097060,0.981530,0.987270
3227.098448,0.984936,0.990706
3227.099837,0.991635,0.997386
3227.101226,0.997968,1.003608
3227.102615,0.991322,0.996772
3227.104004,0.973997,0.979445
3227.105393,0.977703,0.983106
3227.106781,0.996287,1.001937
3227.108170,1.015860,1.021484
3227.109559,1.004566,1.010237
3227.110948,0.997975,1.003606
3227.112337,0.974587,0.980064
3227.113725,0.973893,0.979467
3227.115114,1.003042,1.008793
3227.116503,0.966065,0.971634
3227.117892,0.988321,0.994102
3227.119281,0.992697,0.998545
3227.120669,1.016399,1.022324
3227.122058,0.992303,0.998016
3227.123447,0.987047,0.992534
3227.124836,1.001437,1.006964
3227.126225,0.990605,0.995966
3227.127614,0.979082,0.984412
3227.129002,0.985109,0.990614
3227.130391,0.992333,0.997870
3227.131780,1.016411,1.022019
3227.133169,0.984234,0.989616
3227.134558,0.983025,0.988415
3227.135946,1.005491,1.011169
3227.137335,1.007198,1.012947
3227.138724,1.003927,1.009400
3227.140113,0.996800,1.002178
3227.141502,1.001851,1.006965
3227.142891,1.014649,1.019914
3227.144279,0.976125,0.981011
3227.145668,0.999545,1.004392
3227.147057,0.966274,0.970783
3227.148446,0.987471,0.992073
3227.149835,1.007019,1.011813
3227.151223,1.007224,1.011998
3227.152612,1.000372,1.005219
3227.154001,0.985659,0.990381
3227.155390,0.976640,0.981133
3227.156779,0.986860,0.991323
3227.158168,0.986474,0.990841
3227.159556,0.994785,0.998925
3227.160945,0.984330,0.988456
3227.162334,0.998111,1.002251
3227.163723,0.976543,0.980365
3227.165112,0.994738,0.998349
3227.166500,1.027953,1.031859
3227.167889,0.986648,0.990451
3227.169278,0.997105,1.001054
3227.170667,1.020955,1.025089
3227.172056,0.987961,0.992096
3227.173444,1.009803,1.013777
3227.174833,1.001752,1.005558
3227.176222,0.999853,1.003639
3227.177611,0.987977,0.991481
3227.179000,0.971014,0.974390
3227.180389,1.003013,1.006650
3227.181777,1.026722,1.030204
3227.183166,1.004715,1.008100
3227.184555,0.992733,0.995978
3227.185944,0.997846,1.001097
3227.187333,0.991261,0.994266
3227.188721,0.998821,1.001872
3227.190110,0.974627,0.977562
3227.191499,1.009850,1.012803
3227.192888,1.014062,1.016977
3227.194277,1.006375,1.009414
3227.195666,0.992441,0.995277
3227.197054,0.987305,0.990176
3227.198443,1.011447,1.014414
3227.199832,0.986547,0.989252
3227.201221,0.998059,1.000750
3227.202610,1.001736,1.004355
3227.203998,1.015566,1.017959
3227.205387,1.014477,1.016644
3227.206776,1.004622,1.006540
3227.208165,0.990156,0.991726
3227.209554,1.005410,1.006972
3227.210942,0.991168,0.992698
3227.212331,0.995538,0.996945
3227.213720,0.971610,0.972922
3227.215109,0.979458,0.980818
3227.216498,1.001409,1.002864
3227.217887,0.964409,0.965879
3227.219275,0.989192,0.990445
3227.220664,1.008069,1.009346
3227.222053,0.980027,0.981110
3227.223442,0.988561,0.989551
3227.224831,1.010767,1.011764
3227.226219,0.989335,0.990332
3227.227608,0.987141,0.987836
3227.228997,0.986236,0.987074
3227.230386,0.997483,0.998249
3227.231775,1.002588,1.003494
3227.233164,0.990790,0.991615
3227.234552,1.006484,1.007348
3227.235941,1.040070,1.040974
3227.237330,0.975173,0.976031
3227.238719,0.993766,0.994643
3227.240108,1.005947,1.006807
3227.241496,0.983876,0.984681
3227.242885,1.023621,1.024270
3227.244274,1.006749,1.007223
3227.245663,0.990142,0.990621
3227.247052,0.993514,0.993901
3227.248440,1.016501,1.016717
3227.249829,1.005816,1.006135
3227.251218,1.008483,1.008717
3227.252607,1.009980,1.010219
3227.253996,1.027968,1.028320
3227.255385,1.001967,1.002009
3227.256773,1.004235,1.004360
3227.258162,0.999761,0.999876
3227.259551,1.017416,1.017423
3227.260940,0.997058,0.996959
3227.262329,0.984605,0.984550
3227.263717,1.016197,1.015917
3227.265106,0.982855,0.982469
3227.266495,1.008162,1.007859
3227.267884,1.008667,1.008376
3227.269273,0.991191,0.990825
3227.270662,0.959148,0.958770
3227.272050,0.978046,0.977637
3227.273439,1.008428,1.008059
3227.274828,0.990380,0.990225
3227.276217,1.012697,1.012599
3227.277606,0.999023,0.998937
3227.278994,1.028726,1.028444
3227.280383,1.024525,1.024200
3227.281772,1.007391,1.007029
3227.283161,1.003112,1.002709
3227.284550,1.001174,1.000730
3227.285938,0.987253,0.986774
3227.287327,1.012011,1.011479
3227.288716,1.015822,1.015247
3227.290105,1.001121,1.000514
3227.291494,0.997405,0.996760
3227.292883,1.002444,1.001757
3227.294271,0.996342,0.995620
3227.295660,0.984151,0.983400
3227.297049,1.000000,0.999199
3227.298438,1.011113,1.010264
3227.299827,1.006579,1.005697
3227.301215,0.990333,0.989428
3227.302604,1.023946,1.022972
3227.303993,1.022363,1.021354
3227.305382,1.021446,1.020401
3227.306771,1.011947,1.010875
3227.308160,0.990862,0.989778
3227.309548,0.996624,0.995499
3227.310937,0.977780,0.976643
3227.312326,0.999389,0.998192
3227.313715,0.994920,0.993694
3227.315104,0.990659,0.989406
3227.316492,0.961818,0.960569
3227.317881,1.006618,1.005279
3227.319270,1.007016,1.005644
3227.320659,1.003495,1.002095
3227.322048,1.015558,1.014109
3227.323436,1.005585,1.004119
3227.324825,0.990802,0.989327
3227.326214,0.991730,0.990223
3227.327603,1.009745,1.008181
3227.328992,0.992170,0.990603
3227.330381,1.003225,1.001611
3227.331769,1.005767,1.004120
3227.333158,0.991194,0.989543
3227.334547,0.978643,0.976986
3227.335936,1.026667,1.024900
3227.337325,1.011963,1.010192
3227.338713,1.017664,1.015856
3227.340102,1.007415,1.005598
3227.341491,1.032038,1.030150
3227.342880,0.990587,0.988749
3227.344269,0.982241,0.980393
3227.345657,1.020694,1.018748
3227.347046,0.974206,0.972324
3227.348435,1.001728,0.999769
3227.349824,1.010047,1.008047
3227.351213,1.000072,0.998068
3227.352602,0.996620,0.994600
3227.353990,1.002410,1.000354
3227.355379,0.991863,0.989807
3227.356768,0.973410,0.971371
3227.358157,1.004473,1.002346
3227.359546,1.010333,1.008172
3227.360934,0.985173,0.983045
3227.362323,0.996384,0.994211
3227.363712,1.017166,1.014927
3227.365101,0.993232,0.991026
3227.366490,1.001471,0.999227
3227.367879,0.995512,0.993262
3227.369267,0.981628,0.979391
3227.370656,1.008663,1.006345
3227.372045,1.010700,1.008359
3227.373434,0.978276,0.975992
3227.374823,0.993134,0.990799
3227.376211,0.989472,0.987128
3227.377600,0.979380,0.977043
3227.378989,0.999986,0.997585
3227.380378,0.998286,0.995872
3227.381767,0.994205,0.991786
3227.383155,1.002412,0.999958
3227.384544,0.999212,0.996751
3227.385933,1.019505,1.016978
3227.387322,1.013655,1.011129
3227.388711,0.979933,0.977478
3227.390100,1.016522,1.013961
3227.391488,0.992848,0.990334
3227.392877,0.998992,0.996450
3227.394266,1.018436,1.015832
3227.395655,1.015047,1.012439
3227.397044,0.972660,0.970150
3227.398432,1.007325,1.004714
3227.399821,1.018445,1.015794
3227.401210,1.021406,1.018737
3227.402599,0.992461,0.989857
3227.403988,0.997537,0.994910
3227.405377,1.004138,1.001484
3227.406765,0.993444,0.990810
3227.408154,0.995846,0.993196
3227.409543,0.996775,0.994115
3227.410932,0.989249,0.986601
3227.412321,0.989884,0.987227
3227.413709,1.015836,1.013102
3227.415098,1.007568,1.004849
3227.416487,0.989434,0.986758
3227.417876,1.026451,1.023669
3227.419265,1.010132,1.007388
3227.420653,0.998244,0.995527
3227.422042,1.027444,1.024643
3227.423431,0.964062,0.961430
3227.424820,1.011457,1.008691
3227.426209,1.006962,1.004204
3227.427598,1.001527,0.998781
3227.428986,0.999048,0.996305
3227.430375,1.016856,1.014062
3227.431764,0.987501,0.984785
3227.433153,1.004001,1.001238
3227.434542,1.013124,1.010334
3227.435930,1.003431,1.000666
3227.437319,0.994737,0.991995
3227.438708,1.006332,1.003558
3227.440097,1.016129,1.013327
3227.441486,1.024276,1.021452
3227.442875,1.003650,1.000884
3227.444263,1.014154,1.011360
3227.445652,1.002421,0.999660
3227.660918,0.988896,0.996419
3227.662307,0.979373,0.986757
3227.663696,1.005424,1.012936
3227.665085,0.981312,0.988579
3227.666474,0.993243,1.000532
3227.667862,1.021369,1.028797
3227.669251,0.996765,1.003949
3227.670640,0.991986,0.999071
3227.672029,0.978802,0.985729
3227.673418,1.023477,1.030655
3227.674806,1.003571,1.010545
3227.676195,1.006911,1.013845
3227.677584,0.985762,0.992488
3227.678973,0.986030,0.992697
3227.680362,0.987369,0.993984
3227.681751,0.987966,0.994525
3227.683139,0.982035,0.988495
3227.684528,0.989406,0.995854
3227.685917,0.992156,0.998563
3227.687306,0.997497,1.003879
3227.688695,1.009678,1.016078
3227.690083,0.963699,0.969751
3227.691472,1.013874,1.020182
3227.692861,1.005528,1.011727
3227.694250,0.971135,0.977067
3227.695639,0.990562,0.996556
3227.697027,0.999298,1.005288
3227.698416,0.993002,0.998899
3227.699805,0.986812,0.992618
3227.701194,0.985583,0.991328
3227.702583,1.002242,1.008030
3227.703972,0.992929,0.998609
3227.705360,0.992113,0.997736
3227.706749,0.975425,0.980902
3227.708138,1.020299,1.025974
3227.709527,1.004113,1.009645
3227.710916,0.984759,0.990134
3227.712304,0.992353,0.997719
3227.713693,0.954729,0.959844
3227.715082,0.990318,0.995573
3227.716471,1.002643,1.007914
3227.717860,0.963880,0.968899
3227.719248,0.997970,1.003119
3227.720637,1.015395,1.020585
3227.722026,0.997690,1.002741
3227.723415,0.990064,0.995030
3227.724804,1.006210,1.011210
3227.726193,0.997014,1.001922
3227.727581,0.974865,0.979619
3227.728970,1.001148,1.005984
3227.730359,0.988630,0.993361
3227.731748,0.984291,0.988958
3227.733137,1.004509,1.009227
3227.734525,0.991645,0.996260
3227.735914,0.992021,0.996594
3227.737303,0.997505,1.002061
3227.738692,0.997412,1.001925
3227.740081,1.015288,1.019840
3227.741469,0.999846,1.004287
3227.742858,0.992247,0.996614
3227.744247,0.992332,0.996659
3227.745636,0.970758,0.974952
3227.747025,1.003289,1.007584
3227.748414,1.004458,1.008719
3227.749802,0.999465,1.003666
3227.751191,1.022742,1.027002
3227.752580,0.982618,0.986674
3227.753969,1.005749,1.009863
3227.755358,1.018653,1.022782
3227.756746,1.004100,1.008134
3227.758135,1.011443,1.015470
3227.759524,0.976672,0.980526
3227.760913,0.980061,0.983894
3227.762302,1.001266,1.005148
3227.763691,0.991567,0.995377
3227.765079,0.999692,1.003501
3227.766468,0.984768,0.988487
3227.767857,0.986616,0.990310
3227.769246,0.994756,0.998448
3227.770635,0.994624,0.998284
3227.772023,1.008611,1.012291
3227.773412,0.992964,0.996556
3227.774801,1.006794,1.010406
3227.776190,1.008648,1.012237
3227.777579,0.999688,1.003215
3227.778967,0.980274,0.983705
3227.780356,1.009614,1.013118
3227.781745,0.996624,1.000055
3227.783134,0.980299,0.983647
3227.784523,1.017124,1.020570
3227.785912,0.988674,0.991998
3227.787300,0.996341,0.999664
3227.788689,0.976662,0.979895
3227.790078,0.986653,0.989894
3227.791467,1.002399,1.005666
3227.792856,0.996833,1.000058
3227.794244,0.978949,0.982092
3227.795633,1.008556,1.011771
3227.797022,0.983096,0.986208
3227.798411,0.979106,0.982183
3227.799800,0.994982,0.998086
3227.801188,0.990542,0.993611
3227.802577,1.002934,1.006020
3227.803966,0.994642,0.997682
3227.805355,0.986718,0.989714
3227.806744,1.020673,1.023752
3227.808133,0.977515,0.980445
3227.809521,0.997175,1.000145
3227.810910,0.973104,0.975985
3227.812299,1.011787,1.014764
3227.813688,0.988807,0.991699
3227.815077,0.997550,1.000450
3227.816465,0.981125,0.983961
3227.817854,0.986420,0.989256
3227.819243,0.991194,0.994028
3227.820632,0.992133,0.994954
3227.822021,1.002716,1.005553
3227.823409,1.002642,1.005464
3227.824798,1.033973,1.036870
3227.826187,0.995441,0.998216
3227.827576,1.015310,1.018127
3227.828965,1.017559,1.020485
3227.830354,0.997763,1.000700
3227.831742,0.996864,0.999615
3227.833131,1.019310,1.022209
3227.834520,0.970205,0.972955
3227.835909,1.018835,1.021593
3227.837298,0.993762,0.996420
3227.838686,1.003988,1.006750
3227.840075,1.016143,1.019018
3227.841464,1.012162,1.014918
3227.842853,1.028299,1.030995
3227.844242,1.002634,1.005020
3227.845630,0.988636,0.991121
3227.847019,0.985852,0.988311
3227.848408,0.991290,0.993786
3227.849797,1.008458,1.010933
3227.851186,0.966527,0.968910
3227.852575,1.022378,1.024973
3227.853963,0.990430,0.993150
3227.855352,0.983324,0.986211
3227.856741,0.969375,0.972079
3227.858130,1.017211,1.020298
3227.859519,0.979380,0.982228
3227.860907,0.990537,0.993396
3227.862296,1.011975,1.015026
3227.863685,0.981342,0.984302
3227.865074,1.003159,1.006270
3227.866463,0.992682,0.995665
3227.867852,0.994944,0.997858
3227.869240,0.986382,0.989247
3227.870629,1.024774,1.027630
3227.872018,1.020570,1.023555
3227.873407,0.979220,0.981996
3227.874796,1.013977,1.017020
3227.876184,0.996341,0.999135
3227.877573,1.010020,1.012743
3227.878962,1.010130,1.012900
3227.880351,1.001730,1.004457
3227.881740,1.033875,1.037106
3227.883128,0.997589,1.000734
3227.884517,1.010355,1.013421
3227.885906,0.976510,0.979686
3227.887295,0.973829,0.976933
3227.888684,0.986953,0.990017
3227.890073,0.979100,0.982245
3227.891461,1.007358,1.010675
3227.892850,1.000709,1.003950
3227.894239,1.001759,1.004950
3227.895628,0.997136,1.000545
3227.897017,1.002784,1.006129
3227.898405,1.011350,1.014729
3227.899794,1.010486,1.013925
3227.901183,1.001608,1.005018
3227.902572,1.004629,1.008027
3227.903961,0.990584,0.993880
3227.905349,0.974388,0.977616
3227.906738,0.986133,0.989444
3227.908127,1.013515,1.016773
3227.909516,0.984249,0.987362
3227.910905,0.998040,1.001248
3227.912294,1.005169,1.008440
3227.913682,0.969234,0.972623
3227.915071,1.000551,1.004092
3227.916460,1.002839,1.006188
3227.917849,1.000712,1.003961
3227.919238,1.003201,1.006205
3227.920626,0.996138,0.999107
3227.922015,0.989981,0.992814
3227.923404,1.002678,1.005489
3227.924793,0.976449,0.979138
3227.926182,1.003599,1.006084
3227.927570,0.994067,0.996605
3227.928959,0.999873,1.002593
3227.930348,0.980517,0.983082
3227.931737,1.009901,1.012478
3227.933126,0.988602,0.991154
3227.934515,1.001964,1.004726
3227.935903,0.982860,0.985575
3227.937292,0.989133,0.991859
3227.938681,0.966037,0.968649
3227.940070,0.982482,0.985053
3227.941459,0.969795,0.972341
3227.942847,1.001159,1.003662
3227.944236,0.973209,0.975523
3227.945625,0.972388,0.974624
3227.947014,0.998223,1.000725
3227.948403,0.980411,0.982749
3227.949791,0.965264,0.967325
3227.951180,0.986559,0.988813
3227.952569,0.999770,1.001949
3227.953958,0.992269,0.994451
3227.955347,1.016925,1.019162
3227.956736,0.998758,1.001011
3227.958124,1.008783,1.011079
3227.959513,1.003907,1.006163
3227.960902,1.004465,1.006742
3227.962291,1.014683,1.016969
3227.963680,1.028924,1.031192
3227.965068,0.995690,0.998033
3227.966457,0.990453,0.992833
3227.967846,1.011225,1.013565
3227.969235,1.001349,1.003728
3227.970624,1.012999,1.015368
3227.972012,0.997616,0.999902
3227.973401,0.998092,1.000371
3227.974790,0.995561,0.997848
3227.976179,0.999739,1.002182
3227.977568,0.988833,0.991144
3227.978957,1.018974,1.021395
3227.980345,0.985535,0.987720
3227.981734,0.995229,0.997398
3227.983123,0.985291,0.987392
3227.984512,0.990128,0.992183
3227.985901,0.974720,0.976792
3227.987289,1.014771,1.017038
3227.988678,1.001065,1.003325
3227.990067,0.991415,0.993696
3227.991456,1.003624,1.006000
3227.992845,1.005592,1.007696
3227.994233,0.988302,0.990396
3227.995622,1.010109,1.012194
3227.997011,0.995414,0.997462
3227.998400,0.980383,0.982408
3227.999789,0.999152,1.001183
3228.001178,0.995410,0.997297
3228.002566,1.005485,1.007441
3228.003955,0.996772,0.998440
3228.005344,1.009664,1.011298
3228.006733,0.996675,0.998203
3228.008122,1.012250,1.013651
3228.009510,0.994330,0.995689
3228.010899,0.974983,0.975993
3228.012288,1.013813,1.014791
3228.013677,0.989564,0.990494
3228.015066,0.997128,0.998151
3228.016454,0.983279,0.984271
3228.017843,0.988261,0.988936
3228.019232,1.005147,1.005967
3228.020621,1.030351,1.031036
3228.022010,1.033990,1.034756
3228.023399,0.993532,0.994308
3228.024787,1.009867,1.010859
3228.026176,1.000681,1.001483
3228.027565,1.009982,1.010954
3228.028954,0.999582,1.000580
3228.030343,0.998326,0.999247
3228.031731,1.020735,1.021885
3228.033120,0.985707,0.986783
3228.034509,0.981827,0.983013
3228.035898,0.988215,0.989392
3228.037287,0.989185,0.990458
3228.038675,1.021277,1.022417
3228.040064,0.984199,0.985258
3228.041453,1.007662,1.008640
3228.042842,0.994825,0.995596
3228.044231,0.993367,0.994267
3228.045620,0.998464,0.999201
3228.047008,0.995219,0.995911
3228.048397,1.024608,1.025239
3228.049786,0.999882,1.000060
3228.051175,0.988791,0.988968
3228.052564,1.003102,1.003170
3228.053952,0.991297,0.991427
3228.055341,1.006398,1.006553
3228.056730,1.020051,1.020172
3228.058119,1.008771,1.009016
3228.059508,1.003785,1.003763
3228.060897,0.994944,0.994881
3228.062285,1.018412,1.018199
3228.063674,0.994182,0.993851
3228.065063,0.995667,0.995276
3228.066452,0.999719,0.999225
3228.067841,1.010504,1.009843
3228.069229,0.994146,0.993589
3228.070618,0.988806,0.988040
3228.072007,1.000466,0.999535
3228.073396,1.010068,1.009270
3228.074785,0.998619,0.997920
3228.076173,0.998315,0.997480
3228.077562,1.007366,1.006695
3228.078951,1.005491,1.004717
3228.080340,1.016181,1.015278
3228.081729,1.017201,1.016394
3228.083118,0.980199,0.979269
3228.084506,0.991665,0.990712
3228.085895,0.989709,0.988728
3228.087284,0.987687,0.986541
3228.088673,0.993440,0.992224
3228.090062,1.016886,1.015740
3228.091450,1.004923,1.003891
3228.092839,0.975892,0.974969
3228.094228,0.997134,0.996020
3228.095617,1.014697,1.013484
3228.097006,0.992293,0.990960
3228.098394,0.988473,0.987374
3228.099783,1.012000,1.010766
3228.101172,1.020538,1.019464
3228.102561,0.995397,0.994136
3228.103950,1.001284,1.000028
3228.105339,0.993455,0.992087
3228.106727,1.002234,1.001081
3228.108116,1.002152,1.001170
3228.109505,0.994716,0.994056
3228.110894,0.997154,0.996466
3228.112283,0.995665,0.995065
3228.113671,1.021896,1.021395
3228.115060,0.998918,0.998451
3228.116449,0.965225,0.964978
3228.117838,1.011876,1.011780
3228.119227,1.008422,1.008377
3228.120615,1.000379,1.000403
3228.122004,1.005264,1.005234
3228.123393,0.993642,0.993373
3228.124782,0.997520,0.997304
3228.126171,1.005142,1.004932
3228.127560,1.007722,1.007516
3228.128948,0.983801,0.983607
3228.130337,1.007823,1.007630
3228.131726,1.014309,1.013984
3228.133115,0.994013,0.993796
3228.134504,0.986866,0.986698
3228.135892,1.006223,1.005854
3228.137281,1.003068,1.002732
3228.138670,0.993023,0.992646
3228.140059,0.990729,0.990445
3228.141448,1.028953,1.028716
3228.142836,1.007649,1.007382
3228.144225,0.986623,0.986431
3228.145614,0.984619,0.984461
3228.147003,0.990875,0.990643
3228.148392,0.986978,0.986691
3228.149781,0.993684,0.993431
3228.151169,0.974860,0.974701
3228.152558,0.995783,0.995616
3228.153947,1.009879,1.009842
3228.155336,0.997015,0.996918
3228.156725,1.011073,1.010869
3228.158113,1.015446,1.015260
3228.159502,0.993171,0.992883
3228.160891,1.003444,1.003100
3228.162280,1.011109,1.010869
3228.163669,1.022427,1.022232
3228.165057,1.005899,1.005645
3228.166446,0.998666,0.998617
3228.167835,1.005169,1.005126
3228.169224,0.985387,0.985380
3228.170613,0.981799,0.981691
3228.172002,0.991295,0.991122
3228.173390,0.996498,0.996335
3228.174779,0.998922,0.998776
3228.176168,1.017065,1.016934
3228.177557,0.983901,0.983679
3228.178946,1.000246,1.000329
3228.180334,0.993614,0.993509
3228.181723,1.008174,1.008229
3228.183112,0.996855,0.997011
3228.184501,0.964096,0.964286
3228.185890,0.994265,0.994492
3228.187278,1.004334,1.004421
3228.188667,1.009672,1.009518
3228.190056,0.996571,0.996230
3228.191445,1.007568,1.007348
3228.192834,0.994274,0.993854
3228.194223,1.011270,1.010888
3228.195611,1.002015,1.001505
3228.197000,1.005953,1.005386
3228.198389,1.020787,1.020075
3228.199778,1.004595,1.003842
3228.201167,1.018806,1.018162
3228.202555,0.999882,0.999295
3228.203944,1.009417,1.008966
3228.205333,1.005619,1.005399
3228.206722,1.024189,1.023904
3228.208111,0.972087,0.971861
3228.209499,0.991682,0.991426
3228.210888,1.027439,1.027299
3228.212277,0.993491,0.993437
3228.213666,1.014499,1.014320
3228.215055,1.000740,1.000589
3228.216444,0.975715,0.975326
3228.217832,1.010479,1.009962
3228.219221,1.005688,1.005339
3228.220610,0.999918,0.999492
3228.221999,0.989633,0.989358
3228.223388,0.992130,0.991866
3228.224776,1.009383,1.008977
3228.226165,0.974814,0.974477
3228.227554,1.003601,1.003282
3228.228943,0.988075,0.987807
3228.230332,0.986476,0.986218
3228.231720,1.002395,1.002106
3228.233109,1.004602,1.004397
3228.234498,0.994902,0.994732
3228.235887,1.027578,1.027239
3228.237276,0.981736,0.981595
3228.238665,0.976168,0.975985
3228.240053,1.006536,1.006385
3228.241442,1.009779,1.009614
3228.242831,1.001065,1.000847
3228.244220,1.021685,1.021478
3228.245609,0.991504,0.991280
3228.246997,0.996003,0.995678
3228.248386,0.993874,0.993370
3228.249775,0.983821,0.983216
3228.251164,1.009388,1.008882
3228.252553,1.004554,1.004046
3228.253941,0.984635,0.984142
3228.255330,0.994171,0.993875
3228.256719,1.014133,1.013730
3228.258108,1.027832,1.027284
3228.259497,0.998710,0.998245
3228.260885,0.984890,0.984625
3228.262274,0.989574,0.989283
3228.263663,0.983720,0.983237
3228.265052,1.025201,1.024660
3228.266441,1.000178,0.999674
3228.267830,1.023826,1.023136
3228.269218,0.975682,0.975004
3228.270607,0.992156,0.991520
3228.271996,0.975665,0.975134
3228.273385,1.007223,1.006768
3228.274774,1.014391,1.013848
3228.276162,1.024821,1.024332
3228.277551,1.000983,1.000585
3228.278940,0.990883,0.990576
3228.280329,0.992543,0.992294
3228.281718,1.003249,1.002871
3228.283106,1.015671,1.015240
3228.284495,0.991430,0.991265
3228.285884,0.993679,0.993361
3228.287273,1.009473,1.009019
3228.288662,0.982123,0.981647
3228.290051,0.975957,0.975407
3228.291439,1.004980,1.004526
3228.292828,1.008179,1.007774
3228.294217,1.003232,1.002862
3228.295606,1.004619,1.004243
3228.296995,1.015270,1.015063
3228.298383,1.009402,1.009199
3228.299772,1.014252,1.014027
3228.301161,1.000427,1.000397
3228.302550,0.981474,0.981436
3228.303939,1.008288,1.008036
3228.305327,1.008287,1.008095
3228.306716,1.015815,1.015667
3228.308105,1.010866,1.010834
3228.309494,0.993696,0.993345
3228.310883,1.014636,1.014187
3228.312272,0.998288,0.997895
3228.313660,1.011136,1.010751
3228.315049,0.980473,0.980060
3228.316438,1.004427,1.004097
3228.317827,1.002912,1.002759
3228.319216,0.991914,0.992009
3228.320604,0.997229,0.997472
3228.321993,1.006231,1.006512
3228.323382,0.985729,0.986140
3228.324771,0.995306,0.995858
3228.326160,0.986690,0.987128
3228.327548,0.997328,0.997861
3228.328937,1.005381,1.005977
3228.330326,1.018128,1.018590
3228.331715,0.986268,0.986671
3228.333104,1.013227,1.013661
3228.334493,1.000241,1.000522
3228.335881,1.000982,1.001337
3228.337270,0.988621,0.989017
3228.338659,0.985752,0.986262
3228.340048,1.010568,1.011046
3228.341437,0.999028,0.999656
3228.342825,1.015017,1.015582
3228.344214,0.978730,0.979263
3228.345603,1.023931,1.024723
3228.346992,0.982771,0.983439
3228.348381,1.014691,1.015420
3228.349769,1.012877,1.013644
3228.351158,0.988831,0.989441
3228.352547,0.991415,0.992259
3228.353936,0.979646,0.980459
3228.355325,0.989259,0.990147
3228.356714,1.002073,1.002939
3228.358102,1.012649,1.013681
3228.359491,0.976361,0.977352
3228.360880,1.006960,1.007914
3228.362269,0.988160,0.988960
3228.363658,0.989669,0.990411
3228.365046,0.974959,0.975732
3228.366435,1.010504,1.011311
3228.367824,1.003501,1.004357
3228.369213,0.986884,0.987537
3228.370602,1.007691,1.008384
3228.371990,1.023321,1.023994
3228.373379,1.009848,1.010484
3228.374768,0.990002,0.990407
3228.376157,1.001487,1.002087
3228.377546,1.012541,1.013141
3228.378935,1.004930,1.005412
3228.380323,0.976720,0.977158
3228.381712,0.996503,0.996800
3228.383101,0.981945,0.982251
3228.384490,0.978609,0.978913
3228.385879,1.011616,1.011837
3228.387267,0.986507,0.986801
3228.388656,1.011220,1.011493
3228.390045,1.004568,1.004801
3228.391434,0.995012,0.995298
3228.392823,1.015551,1.015636
3228.394211,1.006828,1.007015
3228.395600,1.001041,1.001291
3228.396989,1.019225,1.019534
3228.398378,0.989654,0.989919
3228.399767,1.008793,1.009179
3228.401156,1.004752,1.005106
3228.402544,0.984625,0.985015
3228.403933,1.024170,1.024550
3228.405322,0.981639,0.981965
3228.406711,1.005599,1.006139
3228.408100,1.007795,1.008548
3228.409488,0.989926,0.990531
3228.410877,1.000285,1.000916
3228.412266,1.003677,1.004330
3228.413655,0.989397,0.989965
3228.415044,0.987029,0.987667
3228.416432,1.000529,1.001206
3228.417821,0.998867,0.999647
3228.419210,0.990574,0.991395
3228.420599,0.989510,0.990381
3228.421988,1.018891,1.019859
3228.423377,0.975353,0.976436
3228.424765,0.992821,0.993910
3228.426154,1.014132,1.014979
3228.427543,1.005900,1.006721
3228.428932,0.990885,0.991902
3228.430321,0.980512,0.981691
3228.431709,0.983114,0.984408
3228.433098,0.988165,0.989385
3228.434487,0.979929,0.981227
3228.435876,1.013000,1.014377
3228.437265,1.000585,1.002062
3228.438653,1.013641,1.015236
3228.440042,1.005489,1.007189
3228.441431,0.985670,0.987270
3228.442820,1.008398,1.010008
3228.444209,1.004528,1.006044
3228.445597,1.008473,1.010168
3228.446986,1.002479,1.004402
3228.448375,0.999445,1.001660
3228.449764,0.989339,0.991551
3228.451153,1.003875,1.006088
3228.452542,0.983723,0.986018
3228.453930,0.983729,0.986130
3228.455319,0.990823,0.993203
3228.456708,0.988177,0.990627
3228.458097,1.007244,1.009880
3228.459486,1.001338,1.003923
3228.460874,1.006285,1.008895
3228.462263,1.003381,1.006253
3228.463652,1.007791,1.010659
3228.465041,1.004958,1.007858
3228.466430,1.008395,1.011096
3228.467818,1.023250,1.026047
3228.469207,0.983523,0.986237
3228.470596,0.969375,0.972192
3228.471985,1.009554,1.012559
3228.473374,0.997160,1.000106
3228.474763,1.005777,1.008681
3228.476151,0.973897,0.976697
3228.477540,0.990187,0.993125
3228.478929,0.990785,0.993524
3228.480318,0.982084,0.984866
3228.481707,0.978296,0.981054
3228.483095,0.994932,0.997887
3228.484484,1.014949,1.017882
3228.485873,1.007695,1.010637
3228.487262,1.012031,1.015119
3228.488651,1.008877,1.012183
3228.490039,1.013005,1.016431
3228.491428,1.028143,1.031640
3228.492817,0.993505,0.996912
3228.494206,1.003853,1.007539
3228.495595,1.009269,1.013008
3228.496984,0.985369,0.989074
3228.498372,1.012644,1.016306
3228.499761,1.007249,1.011105
3228.501150,0.973121,0.976731
3228.502539,1.015100,1.018908
3228.503928,0.990532,0.994327
3228.505316,0.997665,1.001678
3228.506705,0.980231,0.984294
3228.508094,1.017141,1.021245
3228.509483,0.983217,0.987150
3228.510872,1.011210,1.015092
3228.512260,1.017388,1.021526
3228.513649,0.981476,0.985350
3228.515038,0.995732,0.999822
3228.516427,1.010480,1.014600
3228.517816,0.970082,0.974036
3228.519205,0.995957,1.000164
3228.520593,0.983817,0.987999
3228.521982,1.008216,1.012439
3228.523371,0.997556,1.001675
3228.524760,1.015246,1.019427
3228.526149,1.001088,1.005066
3228.527537,0.977297,0.981399
3228.528926,0.982560,0.986722
3228.530315,0.985227,0.989383
3228.531704,1.005613,1.009942
3228.533093,1.015943,1.020616
3228.534481,1.008270,1.012809
3228.535870,0.983542,0.987874
3228.537259,0.999557,1.004279
3228.538648,1.000433,1.005176
3228.540037,0.997314,1.001907
3228.541425,0.985480,0.989906
3228.542814,0.998630,1.003135
3228.544203,0.985809,0.990253
3228.545592,1.004925,1.009170
3228.546981,0.984329,0.988349
3228.548370,0.985786,0.989920
3228.549758,0.998566,1.002904
3228.551147,0.969969,0.974322
3228.552536,0.989085,0.993716
3228.553925,1.012444,1.017052
3228.555314,0.989829,0.994529
3228.556702,0.976931,0.981500
3228.558091,0.993586,0.998164
3228.559480,0.968731,0.973305
3228.560869,0.982083,0.986703
3228.562258,1.003930,1.008592
3228.563646,0.986619,0.991340
3228.565035,0.969376,0.973881
3228.566424,1.008805,1.013547
3228.567813,0.988215,0.992925
3228.569202,0.989791,0.994409
3228.570591,1.012176,1.016895
3228.571979,0.963915,0.968178
3228.573368,0.995987,1.000457
3228.574757,1.027608,1.032156
3228.576146,0.975594,0.979900
3228.577535,0.991652,0.996044
3228.578923,1.013138,1.017567
3228.580312,0.967398,0.971533
3228.581701,0.995030,0.999378
3228.583090,0.985643,0.989844
3228.584479,0.986605,0.990740
3228.585867,1.002836,1.007066
3228.587256,0.999171,1.003308
3228.588645,0.981711,0.985803
3228.590034,1.005361,1.009433
3228.591423,0.997778,1.002026
3228.592812,0.971994,0.976280
3228.594200,0.981743,0.986073
3228.595589,1.004221,1.008557
3228.596978,1.003138,1.007377
3228.598367,0.986660,0.990825
3228.599756,0.996912,1.001202
3228.601144,1.000217,1.004657
3228.602533,1.015934,1.020515
3228.603922,0.981102,0.985493
3228.605311,0.993482,0.997734
3228.606700,0.979046,0.982986
3228.608088,0.980052,0.983938
3228.609477,0.994041,0.998054
3228.610866,0.995453,0.999525
3228.612255,1.014049,1.018186
3228.613644,1.014966,1.018893
3228.615033,1.027209,1.031332
3228.616421,0.993786,0.997631
3228.617810,0.998856,1.002783
3228.619199,1.000110,1.004060
3228.620588,0.999125,1.003220
3228.621977,0.991491,0.995658
3228.623365,0.982161,0.986301
3228.624754,0.984461,0.988753
3228.626143,0.984856,0.989062
3228.627532,0.995788,0.999945
3228.628921,1.032781,1.036872
3228.630309,0.989421,0.993379
3228.631698,1.009948,1.013982
3228.633087,0.964634,0.968459
3228.634476,1.011473,1.015258
3228.635865,0.993909,0.997620
3228.637253,0.993699,0.997578
3228.638642,1.008455,1.012289
3228.640031,0.994325,0.998070
3228.641420,0.995150,0.998908
3228.642809,0.999816,1.003648
3228.644198,0.999398,1.003313
3228.645586,0.973025,0.976754
3228.646975,1.000258,1.003901
3228.648364,1.000260,1.003922
3228.649753,0.995853,0.999594
3228.651142,0.982419,0.986089
3228.652530,0.998619,1.002123
3228.653919,1.004100,1.007566
3228.655308,1.024866,1.028353
3228.656697,1.015964,1.019448
3228.658086,0.981901,0.985083
3228.659474,0.991915,0.994928
3228.660863,1.017785,1.020948
3228.662252,0.995165,0.998148
3228.663641,1.006998,1.009782
3228.665030,0.988705,0.991396
3228.666419,1.013895,1.016511
3228.667807,0.988489,0.990911
3228.669196,1.001409,1.003875
3228.670585,1.008733,1.011099
3228.671974,1.014620,1.016884
3228.673363,1.000836,1.003136
3228.674751,0.988437,0.990976
3228.676140,0.988995,0.991364
3228.677529,0.984754,0.987268
3228.678918,1.010604,1.013017
3228.680307,1.000711,1.002850
3228.681695,1.004746,1.006878
3228.683084,1.006918,1.008971
3228.684473,1.010744,1.012581
3228.685862,1.011308,1.013309
3228.687251,0.994410,0.996358
3228.688639,0.967447,0.969351
3228.690028,0.975868,0.977636
3228.691417,0.995945,0.997738
3228.692806,0.985275,0.987004
3228.694195,1.007597,1.009525
3228.695584,1.009033,1.011003
3228.696972,0.981187,0.983137
3228.698361,0.998463,1.000603
3228.699750,1.016898,1.018936
3228.701139,0.990177,0.992153
3228.702528,0.982920,0.984751
3228.703916,1.033194,1.035082
3228.705305,1.006825,1.008636
3228.706694,0.999128,1.000788
3228.708083,0.989800,0.991268
3228.709472,0.991081,0.992638
3228.710860,0.998655,1.000087
3228.712249,0.965045,0.966389
3228.713638,0.979638,0.981031
3228.715027,0.990583,0.992103
3228.716416,1.016552,1.018130
3228.717805,1.001264,1.002735
3228.719193,1.005386,1.006900
3228.720582,0.986635,0.988077
3228.721971,1.013859,1.015194
3228.723360,0.996355,0.997668
3228.724749,0.990256,0.991629
3228.726137,1.010225,1.011706
3228.727526,1.010766,1.012417
3228.728915,0.995908,0.997618
3228.730304,1.023122,1.024722
3228.731693,0.998011,0.999685
3228.733081,0.999095,1.000792
3228.734470,1.020898,1.022463
3228.735859,0.991323,0.992929
3228.737248,0.986000,0.987616
3228.738637,0.988086,0.989639
3228.740026,0.993856,0.995552
3228.741414,0.997570,0.999315
3228.742803,1.008204,1.009759
3228.744192,1.042825,1.044548
3228.745581,0.995015,0.996767
3228.746970,0.993811,0.995618
3228.748358,0.990591,0.992435
3228.749747,1.007166,1.009052
3228.751136,0.971906,0.973568
3228.752525,0.990430,0.992275
3228.753914,1.004524,1.006507
3228.755302,0.979090,0.981058
3228.756691,0.994343,0.996341
3228.758080,1.000882,1.002759
3228.759469,1.009489,1.011398
3228.760858,1.018175,1.020114
3228.762246,1.016607,1.018728
3228.763635,0.994338,0.996432
3228.765024,0.979179,0.981157
3228.766413,0.981667,0.983628
3228.767802,0.996802,0.998782
3228.769191,1.010544,1.012545
3228.770579,0.991195,0.993026
3228.771968,1.008128,1.009800
3228.773357,0.969796,0.971392
3228.774746,0.972824,0.974346
3228.776135,0.995767,0.997478
3228.777523,0.996894,0.998760
3228.778912,1.017036,1.019089
3228.780301,1.003778,1.006029
3228.781690,0.976194,0.978191
3228.783079,1.027514,1.029590
3228.784467,0.978505,0.980273
3228.785856,1.001243,1.002943
3228.787245,1.009033,1.010807
3228.788634,1.010168,1.011979
3228.790023,1.002689,1.004505
3228.791412,0.994998,0.996914
3228.792800,1.013501,1.015496
3228.794189,0.995594,0.997757
3228.795578,0.988590,0.990840
3228.796967,0.974650,0.976796
3228.798356,1.012064,1.013990
3228.799744,1.010281,1.012145
3228.801133,1.004545,1.006400
3228.802522,0.977204,0.979239
3228.803911,1.027534,1.029629
3228.805300,1.017315,1.019548
3228.806688,0.958755,0.960824
3228.808077,1.008694,1.010816
3228.809466,1.004234,1.006408
3228.810855,1.020873,1.023120
3228.812244,0.993904,0.996106
3228.813632,0.982082,0.984266
3228.815021,0.964455,0.966801
3228.816410,0.987950,0.990362
3228.817799,0.995452,0.997824
3228.819188,0.993033,0.995386
3228.820577,0.980155,0.982706
3228.821965,1.000069,1.002609
3228.823354,1.006707,1.009186
3228.824743,1.016725,1.019197
3228.826132,0.987371,0.989577
3228.827521,1.001250,1.003472
3228.828909,1.011035,1.013216
3228.830298,0.992851,0.994861
3228.831687,0.978592,0.980613
3228.833076,0.984631,0.986773
3228.834465,0.995921,0.998200
3228.835853,0.992814,0.994955
3228.837242,0.980762,0.983071
3228.838631,1.001774,1.003987
3228.840020,0.977721,0.979843
3228.841409,1.013541,1.015652
3228.842798,1.029647,1.031760
3228.844186,0.996174,0.998204
3228.845575,1.015696,1.017883
3228.846964,0.992466,0.994824
3228.848353,0.985537,0.987916
3228.849742,0.986705,0.989020
3228.851130,0.989583,0.991774
3228.852519,0.982143,0.984421
3228.853908,1.002471,1.004789
3228.855297,0.999058,1.001373
3228.856686,0.991203,0.993490
3228.858074,0.988586,0.991103
3228.859463,1.001673,1.004469
3228.860852,1.014816,1.017654
3228.862241,1.034937,1.037995
3228.863630,0.992230,0.995200
3228.865018,0.996158,0.999129
3228.866407,1.018133,1.021353
3228.867796,0.991560,0.994732
3228.869185,1.023781,1.027025
3228.870574,0.997588,1.000749
3228.871963,0.988169,0.991298
3228.873351,1.005031,1.008036
3228.874740,0.988782,0.991778
3228.876129,0.978378,0.981458
3228.877518,1.009030,1.012265
3228.878907,0.985940,0.989118
3228.880295,0.987896,0.991071
3228.881684,1.018651,1.022107
3228.883073,1.011846,1.015358
3228.884462,0.997997,1.001632
3228.885851,0.994586,0.998150
3228.887239,0.984168,0.987670
3228.888628,0.989289,0.992852
3228.890017,0.996468,1.000232
3228.891406,0.997289,1.001039
3228.892795,0.994801,0.998495
3228.894184,1.013147,1.016765
3228.895572,1.001808,1.005340
3228.896961,1.001129,1.004598
3228.898350,0.984745,0.988264
3228.899739,1.010122,1.013601
3228.901128,0.977023,0.980479
3228.902516,0.985597,0.989112
3228.903905,1.005504,1.009116
3228.905294,0.995881,0.999464
3228.906683,1.004960,1.008618
3228.908072,0.988331,0.992123
3228.909460,1.005169,1.009125
3228.910849,0.997370,1.001352
3228.912238,1.014063,1.017883
3228.913627,1.004252,1.008086
3228.915016,1.024440,1.028387
3228.916404,0.973139,0.976951
3228.917793,0.971541,0.975329
3228.919182,1.011883,1.015902
3228.920571,1.006044,1.010005
3228.921960,1.010919,1.014829
3228.923349,1.001512,1.005410
3228.924737,0.962179,0.965993
3228.926126,1.008740,1.012816
3228.927515,1.001321,1.005461
3228.928904,1.002463,1.006528
3228.930293,0.984831,0.988666
3228.931681,0.989890,0.993600
3228.933070,0.999122,1.003035
3228.934459,0.984023,0.987943
3228.935848,0.994613,0.998531
3228.937237,0.977072,0.980919
3228.938625,0.983530,0.987411
3228.940014,0.976334,0.980204
3228.941403,0.976359,0.980412
3228.942792,0.998732,1.002967
3228.944181,0.998974,1.003301
3228.945570,1.011684,1.015980
3228.946958,1.026255,1.030627
3228.948347,0.978050,0.982166
3228.949736,1.006840,1.011203
3228.951125,0.990136,0.994320
3228.952514,0.973108,0.977446
3228.953902,1.005012,1.009515
3228.955291,1.002440,1.007087
3228.956680,0.999190,1.003597
3228.958069,1.006967,1.011550
3228.959458,0.985680,0.990171
3228.960846,1.013566,1.018132
3228.962235,0.997247,1.001847
3228.963624,0.979306,0.983837
3228.965013,0.980355,0.985137
3228.966402,0.975206,0.979869
3228.967790,1.005260,1.009984
3228.969179,0.996909,1.001520
3228.970568,0.998759,1.003417
3228.971957,1.013620,1.018113
3228.973346,0.982586,0.986642
3228.974735,0.994489,0.998801
3228.976123,0.998726,1.003029
3228.977512,0.995595,0.999870
3228.978901,0.996574,1.000623
3228.980290,0.995314,0.999431
3228.981679,1.000444,1.004733
3228.983067,0.995369,0.999868
3228.984456,0.984445,0.988962
3228.985845,0.986679,0.991139
3228.987234,1.012632,1.017261
3228.988623,0.981007,0.985670
3228.990011,0.983796,0.988457
3228.991400,1.012643,1.017299
3228.992789,0.978253,0.982669
3228.994178,0.972373,0.976859
3228.995567,0.973403,0.977844
3228.996956,0.987876,0.992398
3228.998344,0.992790,0.997136
3228.999733,1.016470,1.020969
3229.001122,0.999090,1.003571
3229.002511,0.984912,0.989306
3229.003900,1.012663,1.017257
3229.005288,0.970529,0.975037
3229.006677,0.994512,0.999068
3229.008066,0.993064,0.997721
3229.009455,0.988728,0.993358
3229.010844,0.978071,0.982420
3229.012232,0.998898,1.003535
3229.013621,1.011757,1.016368
3229.015010,1.008779,1.013382
3229.016399,0.982289,0.986852
3229.017788,0.975534,0.980064
3229.019176,1.015943,1.020680
3229.020565,1.002771,1.007521
3229.021954,1.006333,1.010979
3229.023343,0.987305,0.991905
3229.024732,0.999524,1.004221
3229.026121,1.008026,1.012735
3229.027509,0.989470,0.994096
3229.028898,1.002791,1.007428
3229.030287,1.006568,1.010797
3229.031676,1.000705,1.004824
3229.033065,1.003766,1.007887
3229.034453,0.997779,1.001770
3229.035842,1.006266,1.010325
3229.037231,0.984556,0.988383
3229.038620,0.975939,0.979793
3229.040009,0.998555,1.002613
3229.041397,1.007774,1.011900
3229.042786,1.013520,1.017661
3229.044175,0.994823,0.998945
3229.045564,0.989023,0.992965
3229.046953,0.992150,0.996180
3229.048341,0.987868,0.991748
3229.049730,0.984772,0.988418
3229.051119,1.010092,1.013750
3229.052508,1.000117,1.003774
3229.053897,0.990593,0.994302
3229.055286,1.005769,1.009660
3229.056674,1.008742,1.012577
3229.058063,1.005935,1.009827
3229.059452,0.983717,0.987621
3229.060841,0.961430,0.965163
3229.062230,0.996104,0.999850
3229.063618,0.995046,0.998806
3229.065007,1.007388,1.011163
3229.066396,0.997636,1.001395
3229.067785,1.008608,1.012241
3229.069174,1.000129,1.003768
3229.070562,1.022545,1.026263
3229.071951,0.990665,0.994166
3229.073340,0.990535,0.993870
3229.074729,1.017008,1.020291
3229.076118,1.007867,1.011120
3229.077507,1.005224,1.008263
3229.078895,0.970622,0.973543
3229.080284,1.001317,1.004025
3229.081673,0.997664,1.000097
3229.083062,0.998828,1.000910
3229.084451,1.002858,1.005057
3229.085839,0.981416,0.983678
3229.087228,0.981532,0.983595
3229.088617,0.989785,0.991775
3229.090006,0.978513,0.980282
3229.091395,1.000738,1.002395
3229.092783,1.008280,1.010207
3229.094172,1.020702,1.022508
3229.095561,1.003384,1.005072
3229.096950,0.989346,0.990725
3229.098339,0.969293,0.970614
3229.099727,1.003614,1.005038
3229.101116,0.989118,0.990398
3229.102505,0.985805,0.987116
3229.103894,1.006672,1.008016
3229.105283,0.989238,0.990588
3229.106672,1.007834,1.009262
3229.108060,0.996573,0.997999
3229.109449,0.982436,0.983967
3229.110838,1.005055,1.006607
3229.112227,0.978185,0.979660
3229.113616,1.014402,1.015785
3229.115004,0.991472,0.992730
3229.116393,0.991435,0.992774
3229.117782,1.006260,1.007420
3229.119171,1.012007,1.013043
3229.120560,1.001531,1.002710
3229.121948,1.031723,1.032683
3229.123337,0.973024,0.973845
3229.124726,1.024405,1.025243
3229.126115,0.995805,0.996552
3229.127504,1.005591,1.006421
3229.128892,1.013932,1.014585
3229.130281,0.992138,0.992740
3229.131670,1.015767,1.016525
3229.133059,0.998037,0.998923
3229.134448,0.999159,1.000234
3229.135837,0.995216,0.996176
3229.137225,0.985430,0.986389
3229.138614,0.992514,0.993419
3229.140003,0.971192,0.971890
3229.141392,0.993261,0.993990
3229.142781,1.005268,1.006093
3229.144169,1.003591,1.004319
3229.145558,0.986533,0.987155
3229.146947,1.008442,1.009144
3229.148336,1.009061,1.009777
3229.149725,1.004232,1.004998
3229.151113,1.000588,1.001442
3229.152502,0.986313,0.987255
3229.153891,1.002472,1.003433
3229.155280,1.010370,1.011209
3229.156669,0.998948,0.999910
3229.158057,0.985968,0.986873
3229.159446,1.005536,1.006293
3229.160835,1.005693,1.006588
3229.162224,0.995766,0.996834
3229.163613,1.016948,1.018107
3229.165002,0.964632,0.965844
3229.166390,0.988349,0.989760
3229.167779,0.995399,0.996765
3229.169168,0.993311,0.994547
3229.170557,1.005573,1.007011
3229.171946,0.998919,1.000200
3229.173334,0.992159,0.993557
3229.174723,0.994967,0.996305
3229.176112,1.012872,1.014181
3229.177501,0.993826,0.995144
3229.178890,1.030123,1.031700
3229.180278,1.006336,1.007935
3229.181667,0.998168,0.999734
3229.183056,1.003154,1.004613
3229.184445,0.990501,0.991996
3229.185834,0.996339,0.998036
3229.187223,0.996963,0.998621
3229.188611,0.986084,0.987608
3229.190000,1.008673,1.010042
3229.191389,1.000782,1.002039
3229.192778,0.986789,0.987936
3229.194167,1.004900,1.006000
3229.195555,1.010066,1.011181
3229.196944,0.972024,0.972964
3229.198333,0.982846,0.983756
3229.199722,0.998210,0.999228
3229.201111,1.005993,1.007061
3229.202499,1.002045,1.003145
3229.203888,1.006404,1.007339
3229.205277,1.014609,1.015573
3229.206666,1.014081,1.015353
3229.208055,1.018396,1.019711
3229.209443,0.996377,0.997430
3229.210832,0.995979,0.997043
3229.212221,0.991902,0.992894
3229.213610,1.006168,1.007210
3229.214999,0.974003,0.974984
3229.216388,0.989754,0.990793
3229.217776,1.006939,1.008018
3229.219165,1.012454,1.013537
3229.220554,1.018081,1.019079
3229.221943,1.013963,1.014905
3229.223332,0.988365,0.989185
3229.224720,1.016945,1.017832
3229.226109,1.024057,1.024823
3229.227498,0.992262,0.993155
3229.228887,1.005163,1.006357
3229.230276,1.017338,1.018576
3229.231664,1.009301,1.010678
3229.233053,1.001533,1.002844
3229.234442,0.997256,0.998438
3229.235831,0.996324,0.997400
3229.237220,0.997789,0.998924
3229.238608,1.001983,1.002907
3229.239997,0.981847,0.982818
3229.241386,0.995316,0.996388
3229.242775,1.000552,1.001470
3229.244164,0.984788,0.985500
3229.245553,1.007370,1.007904
3229.246941,0.977785,0.978488
3229.248330,0.973876,0.974710
3229.249719,0.979576,0.980410
3229.251108,1.002244,1.002981
3229.252497,1.000406,1.001113
3229.253885,0.989816,0.990510
3229.255274,1.002532,1.003239
3229.256663,0.989974,0.990726
3229.258052,0.988684,0.989444
3229.259441,1.014208,1.014995
3229.260829,0.996880,0.997531
3229.262218,0.998676,0.999189
3229.263607,0.967324,0.967788
3229.264996,0.989854,0.990390
3229.266385,1.008684,1.009324
3229.267773,0.988659,0.989285
3229.269162,0.999203,0.999896
3229.270551,1.004533,1.005262
3229.271940,0.990769,0.991430
3229.273329,0.999845,1.000520
3229.274718,0.985683,0.986253
3229.276106,1.002948,1.003507
3229.277495,1.002416,1.002994
3229.278884,0.999197,0.999628
3229.280273,0.995036,0.995623
3229.281662,1.018837,1.019231
3229.283050,0.999608,0.999996
3229.284439,0.983246,0.983567
3229.285828,0.976641,0.976851
3229.287217,1.004166,1.004343
3229.288606,0.971072,0.971352
3229.289994,0.993831,0.993828
3229.291383,1.000527,1.000750
3229.292772,1.002017,1.002097
3229.294161,1.003926,1.003951
3229.295550,0.990537,0.990648
3229.296938,0.997694,0.997909
3229.298327,1.007987,1.008139
3229.299716,1.009154,1.009297
3229.301105,1.011082,1.011360
3229.302494,0.992944,0.993266
3229.303883,1.004191,1.004540
3229.305271,0.994805,0.995371
3229.306660,0.988799,0.989504
3229.308049,0.990662,0.991539
3229.309438,1.014099,1.015147
3229.310827,0.989026,0.989977
3229.312215,0.985764,0.986717
3229.313604,1.012355,1.013604
3229.314993,1.003304,1.004526
3229.316382,1.015158,1.016335
3229.317771,1.016879,1.018128
3229.319159,1.007789,1.008965
3229.320548,0.994181,0.995471
3229.321937,0.999084,1.000332
3229.323326,1.009338,1.010570
3229.324715,0.982870,0.984037
3229.326103,0.992323,0.993555
3229.327492,1.006095,1.007426
3229.328881,1.007120,1.008454
3229.330270,0.988643,0.990048
3229.331659,1.010193,1.011652
3229.333048,1.024404,1.026114
3229.334436,1.012830,1.014605
3229.335825,0.984240,0.985992
3229.337214,1.020096,1.021954
3229.338603,0.995100,0.996969
3229.339992,0.996234,0.998205
3229.341380,0.989017,0.991092
3229.342769,0.988684,0.990938
3229.344158,0.997704,0.999949
3229.345547,1.014297,1.016572
3229.346936,1.011562,1.013538
3229.348324,1.012809,1.014674
3229.349713,0.995536,0.997323
3229.351102,0.995643,0.997410
3229.352491,1.010816,1.012538
3229.353880,1.014071,1.016062
3229.355268,0.989151,0.991125
3229.356657,0.981006,0.982972
3229.358046,0.974898,0.976929
3229.359435,0.987515,0.989590
3229.360824,1.000003,1.002064
3229.362213,0.993913,0.996019
3229.363601,0.983310,0.985223
3229.364990,1.002335,1.004528
3229.366379,1.018991,1.021284
3229.367768,1.014553,1.016866
3229.369157,1.008202,1.010376
3229.370545,0.983950,0.986055
3229.371934,0.992220,0.994267
3229.373323,1.028618,1.030616
3229.374712,1.008762,1.010667
3229.376101,0.974330,0.976028
3229.377489,1.019906,1.021503
3229.378878,0.989141,0.990689
3229.380267,0.999369,1.000872
3229.381656,0.991573,0.993097
3229.383045,0.998503,1.000084
3229.384433,0.991291,0.992949
3229.385822,1.012705,1.014390
3229.387211,0.989372,0.990962
3229.388600,0.985024,0.986500
3229.389989,0.992244,0.993696
3229.391378,1.018556,1.020173
3229.392766,0.989661,0.991158
3229.394155,1.011717,1.012945
3229.395544,1.010441,1.011775
3229.396933,1.003270,1.004514
3229.398322,1.021655,1.022807
3229.399710,1.002036,1.003074
3229.401099,0.980886,0.981751
3229.402488,0.994802,0.995618
3229.403877,1.013033,1.013812
3229.405266,0.992012,0.992714
3229.406654,1.005948,1.006688
3229.408043,1.009271,1.010179
3229.409432,0.996275,0.997129
3229.410821,0.981741,0.982451
3229.412210,0.978704,0.979553
3229.413598,1.004810,1.005623
3229.414987,1.027425,1.028340
3229.416376,1.001487,1.002508
3229.417765,0.984492,0.985613
3229.419154,1.002633,1.003858
3229.420543,0.984276,0.985310
3229.421931,0.984571,0.985631
3229.423320,1.000295,1.001247
3229.424709,0.980535,0.981373
3229.426098,1.001894,1.002755
3229.427487,0.988662,0.989437
3229.428875,0.998919,0.999589
3229.430264,0.998897,0.999639
3229.431653,1.000292,1.001174
3229.433042,0.984040,0.985112
3229.434431,1.002454,1.003489
3229.435819,0.998125,0.999262
3229.437208,0.989231,0.990373
3229.438597,0.995338,0.996499
3229.439986,0.988334,0.989565
3229.441375,0.989580,0.990965
3229.442763,0.990254,0.991734
3229.444152,0.981632,0.983114
3229.445541,0.976833,0.978178
3229.446930,0.998014,0.999232
3229.448319,0.975543,0.976682
3229.449708,0.985006,0.986147
3229.451096,0.973486,0.974659
3229.452485,0.979569,0.980896
3229.453874,0.996980,0.998609
3229.455263,1.011493,1.013141
3229.456652,0.977331,0.979178
3229.458040,1.001547,1.003686
3229.459429,0.993786,0.995911
3229.460818,0.979083,0.981300
3229.462207,1.011955,1.014087
3229.463596,1.024089,1.026231
3229.464984,0.975717,0.977748
3229.466373,1.008120,1.010276
3229.467762,1.014257,1.016187
3229.469151,1.002377,1.004244
3229.470540,0.994058,0.996062
3229.471928,1.016138,1.018333
3229.473317,1.011022,1.013208
3229.474706,0.993741,0.995936
3229.476095,1.011399,1.013675
3229.477484,0.988331,0.990390
3229.478873,0.998996,1.001212
3229.480261,1.024333,1.026705
3229.481650,1.001416,1.003804
3229.483039,0.995696,0.997997
3229.484428,1.011743,1.014116
3229.485817,0.987565,0.989772
3229.487205,1.003573,1.005901
3229.488594,0.991152,0.993486
3229.489983,1.002239,1.004645
3229.491372,0.990131,0.992486
3229.492761,0.990740,0.993142
3229.494149,1.014697,1.017075
3229.495538,1.002980,1.005265
3229.496927,1.008539,1.010772
3229.498316,1.018807,1.021224
3229.499705,0.999214,1.001434
3229.501093,0.998958,1.001074
3229.502482,0.997034,0.998960
3229.503871,0.996945,0.999092
3229.505260,1.011632,1.013859
3229.506649,1.012958,1.015086
3229.508038,1.009483,1.011623
3229.509426,1.023005,1.025388
3229.510815,1.007893,1.010304
3229.512204,0.992569,0.995003
3229.513593,0.983706,0.985986
3229.514982,0.988763,0.991044
3229.516370,0.990857,0.993147
3229.517759,0.999863,1.002049
3229.519148,0.978751,0.980952
3229.520537,1.037638,1.039934
3229.521926,1.002742,1.004932
3229.523314,0.987616,0.989686
3229.524703,1.021606,1.023819
3229.526092,1.004671,1.006870
3229.527481,0.981165,0.983414
3229.528870,1.014737,1.017095
3229.530258,0.983202,0.985450
3229.531647,1.011239,1.013622
3229.533036,0.992634,0.995028
3229.534425,1.002403,1.004795
3229.535814,0.985373,0.987692
3229.537203,0.998423,1.000717
3229.538591,0.993610,0.996037
3229.539980,0.994968,0.997438
3229.541369,1.005854,1.008071
3229.542758,0.996061,0.998224
3229.544147,0.969026,0.971306
3229.545535,0.995927,0.998191
3229.546924,0.981598,0.983820
3229.548313,1.010846,1.013023
3229.549702,0.980360,0.982691
3229.551091,1.001965,1.004202
3229.552479,1.003848,1.006202
3229.553868,1.002018,1.004211
3229.555257,1.000488,1.002747
3229.556646,1.008798,1.011243
3229.558035,1.009598,1.011964
3229.559423,1.006572,1.008766
3229.560812,0.978642,0.980806
3229.562201,1.011865,1.013907
3229.563590,0.995332,0.997334
3229.564979,1.002889,1.004802
3229.566368,0.998735,1.000499
3229.567756,0.981223,0.982737
3229.569145,0.990989,0.992484
3229.570534,0.991511,0.993123
3229.571923,0.991082,0.992691
3229.573312,1.009778,1.011366
3229.574700,1.011821,1.013404
3229.576089,0.991639,0.993028
3229.577478,0.981985,0.983344
3229.578867,1.010453,1.011818
3229.580256,1.000770,1.002275
3229.581644,0.993432,0.994762
3229.583033,0.995896,0.997021
3229.584422,0.999067,1.000074
3229.585811,1.016235,1.017110
3229.587200,0.973370,0.974139
3229.588588,0.993727,0.994475
3229.589977,0.981759,0.982610
3229.591366,0.972860,0.973659
3229.592755,0.986544,0.987527
3229.594144,0.999021,0.999884
3229.595533,0.975858,0.976655
3229.596921,1.006762,1.007459
3229.598310,0.985544,0.986281
3229.599699,1.018263,1.018849
3229.601088,0.995436,0.996080
3229.602477,1.001255,1.001909
3229.603865,0.997449,0.997942
3229.605254,1.002223,1.002752
3229.606643,0.999128,0.999725
3229.608032,1.020719,1.021335
3229.609421,0.997427,0.998053
3229.610809,1.001802,1.002433
3229.612198,0.977109,0.977976
3229.613587,0.969300,0.970306
3229.614976,0.980647,0.981706
3229.616365,1.011993,1.013204
3229.617753,1.002239,1.003536
3229.619142,1.002534,1.004055
3229.620531,1.016283,1.018038
3229.621920,0.998239,1.000046
3229.623309,1.007500,1.009259
3229.624698,1.027996,1.029838
3229.626086,0.996382,0.998094
3229.627475,1.017946,1.019796
3229.628864,0.974465,0.976332
3229.630253,0.983256,0.984884
3229.631642,0.990272,0.991705
3229.633030,1.011864,1.013472
3229.634419,0.965933,0.967414
3229.635808,0.999198,1.000661
3229.637197,1.012527,1.014030
3229.638586,1.022876,1.024233
3229.639974,0.991388,0.992494
3229.641363,0.991924,0.992929
3229.642752,0.992263,0.993140
3229.644141,0.982089,0.982895
3229.645530,1.005163,1.005942
3229.646918,0.995595,0.996376
3229.648307,1.018093,1.018796
3229.649696,0.986620,0.987113
3229.651085,1.016411,1.016775
3229.652474,0.996005,0.996290
3229.653863,1.019249,1.019503
3229.655251,0.998195,0.998234
3229.656640,1.004810,1.004712
3229.658029,1.004631,1.004444
3229.659418,0.988825,0.988754
3229.660807,0.977155,0.977265
3229.662195,0.992805,0.992619
3229.663584,0.994240,0.993944
3229.664973,1.011277,1.010851
3229.666362,0.983665,0.982971
3229.667751,1.005892,1.004980
3229.669139,0.981897,0.980887
3229.670528,1.018611,1.017514
3229.671917,1.027814,1.026703
3229.673306,0.979956,0.978716
3229.674695,0.999397,0.998074
3229.676083,1.023102,1.021656
3229.677472,0.999574,0.997848
3229.678861,1.008179,1.006476
3229.680250,0.994156,0.992315
3229.681639,1.011765,1.009953
3229.683027,1.016737,1.014957
3229.684416,0.979149,0.977391
3229.685805,1.008723,1.006891
3229.687194,1.008961,1.007136
3229.688583,1.014547,1.012177
3229.689972,0.980278,0.977772
3229.691360,0.996395,0.993865
3229.692749,0.981341,0.978722
3229.694138,1.006184,1.003450
3229.695527,1.007189,1.004670
3229.696916,0.990072,0.987461
3229.698304,0.996108,0.993311
3229.699693,1.012602,1.009624
3229.701082,1.017752,1.014801
3229.702471,1.013465,1.010386
3229.703860,1.004523,1.001388
3229.705248,1.012444,1.009243
3229.706637,1.004204,1.000947
3229.708026,0.989966,0.986842
3229.709415,1.010363,1.007204
3229.710804,1.010449,1.007206
3229.712192,1.014657,1.011510
3229.713581,0.995456,0.992202
3229.714970,0.989421,0.986151
3229.716359,1.035447,1.031839
3229.717748,0.983534,0.980119
3229.719137,1.017506,1.013929
3229.720525,0.996467,0.992962
3229.721914,1.009532,1.005785
3229.723303,1.020593,1.016651
3229.724692,0.988490,0.984558
3229.726081,1.001329,0.997299
3229.727469,1.004164,0.999883
3229.728858,0.990251,0.986065
3229.730247,1.019680,1.015305
3229.731636,0.997464,0.993179
3229.733025,1.010695,1.006263
3229.734413,0.978402,0.974109
3229.735802,0.986557,0.982313
3229.737191,1.024595,1.020260
3229.738580,1.024822,1.020308
3229.739969,0.996616,0.992203
3229.741357,1.017927,1.013309
3229.742746,0.996954,0.992495
3229.744135,1.007625,1.003166
3229.745524,0.990314,0.986068
3229.746913,1.016415,1.011998
3229.748302,0.991458,0.987139
3229.749690,1.007541,1.003119
3229.751079,0.996600,0.992310
3229.752468,0.974751,0.970588
3229.753857,1.004317,0.999800
3229.755246,0.991182,0.986811
3229.756634,1.015276,1.010788
3229.758023,1.005532,1.001132
3229.759412,1.021507,1.017072
3229.760801,0.993517,0.989303
3229.762190,0.993472,0.989254
3229.763578,0.991036,0.986962
3229.764967,1.019809,1.015548
3229.766356,0.985034,0.981042
3229.767745,1.007292,1.002943
3229.769134,1.015364,1.011056
3229.770522,0.984953,0.980772
3229.771911,1.006387,1.001918
3229.773300,1.018498,1.013929
3229.774689,1.001251,0.996747
3229.776078,1.005410,1.000909
3229.777466,1.002103,0.997798
3229.778855,1.034708,1.030320
3229.780244,1.012887,1.008683
3229.781633,1.016735,1.012770
3229.783022,1.006182,1.002341
3229.784411,1.011928,1.008039
3229.785799,1.020273,1.016255
3229.787188,1.024476,1.020426
3229.788577,1.021693,1.017583
3229.789966,1.013568,1.009387
3229.791355,0.996884,0.992725
3229.792743,1.001498,0.997255
3229.794132,1.021540,1.017151
3229.795521,1.006659,1.002135
3229.796910,0.981836,0.977615
3229.798299,1.002384,0.998129
3229.799687,1.010402,1.006238
3229.801076,1.010960,1.006614
3229.802465,1.016045,1.011823
3229.803854,1.019318,1.015080
3229.805243,0.982542,0.978262
3229.806631,0.995593,0.991213
3229.808020,1.008390,1.003959
3229.809409,0.986881,0.982573
3229.810798,1.015124,1.010739
3229.812187,0.994872,0.990780
3229.813576,1.014334,1.010074
3229.814964,1.024173,1.019881
3229.816353,0.986299,0.982141
3229.817742,0.988003,0.983993
3229.819131,1.015232,1.011115
3229.820520,0.996867,0.992943
3229.821908,0.984371,0.980352
3229.823297,0.982752,0.978644
3229.824686,1.001230,0.997105
3229.826075,1.021816,1.017498
3229.827464,1.034249,1.030009
3229.828852,0.980900,0.977150
3229.830241,0.999392,0.995754
3229.831630,0.954658,0.951238
3229.833019,1.002936,0.999401
3229.834408,0.987792,0.984349
3229.835796,0.981149,0.977889
3229.837185,0.992803,0.989385
3229.838574,1.002792,0.999472
3229.839963,1.009637,1.006151
3229.841352,0.995531,0.992053
3229.842740,1.017887,1.014640
3229.844129,1.010313,1.007120
3229.845518,0.988365,0.985155
3229.846907,1.030875,1.027483
3229.848296,0.983462,0.980364
3229.849685,1.009901,1.006735
3229.851073,1.011245,1.008040
3229.852462,0.999608,0.996337
3229.853851,1.012333,1.009148
3229.855240,0.995236,0.992074
3229.856629,0.967595,0.964444
3229.858017,0.981800,0.978505
3229.859406,1.004595,1.001503
3229.860795,1.015046,1.012092
3229.862184,1.012539,1.009765
3229.863573,1.032182,1.029425
3229.864961,1.009603,1.007062
3229.866350,0.972073,0.969704
3229.867739,1.005355,1.003030
3229.869128,1.015545,1.013146
3229.870517,0.996165,0.993739
3229.871905,0.987387,0.985041
3229.873294,1.006696,1.004168
3229.874683,0.995031,0.992442
3229.876072,1.023861,1.021230
3229.877461,1.026120,1.023509
3229.878850,0.998768,0.996255
3229.880238,1.001815,0.999146
3229.881627,0.983025,0.980439
3229.883016,0.988735,0.986236
3229.884405,0.994112,0.991789
3229.885794,0.994212,0.991729
3229.887182,1.006107,1.003650
3229.888571,1.015257,1.012770
3229.889960,0.982254,0.979983
3229.891349,0.986901,0.984715
3229.892738,1.001017,0.998593
3229.894126,1.013232,1.010787
3229.895515,1.044402,1.041889
3229.896904,0.979384,0.977035
3229.898293,0.995045,0.992610
3229.899682,1.011917,1.009525
3229.901070,1.005024,1.002466
3229.902459,0.998951,0.996496
3229.903848,1.009093,1.006547
3229.905237,1.005626,1.003389
3229.906626,1.012446,1.010372
3229.908014,0.972776,0.970716
3229.909403,0.995330,0.993105
3229.910792,1.000406,0.998422
3229.912181,1.031056,1.028909
3229.913570,1.008912,1.006997
3229.914959,1.013935,1.011895
3229.916347,1.010730,1.009010
3229.917736,1.009286,1.007564
3229.919125,0.998186,0.996477
3229.920514,1.019603,1.018038
3229.921903,1.015177,1.013688
3229.923291,0.990094,0.988855
3229.924680,0.997836,0.996557
3229.926069,1.001199,1.000079
3229.927458,0.997609,0.996554
3229.928847,0.985587,0.984515
3229.930235,1.008757,1.007549
3229.931624,1.004154,1.003138
3229.933013,1.002952,1.002113
3229.934402,1.000577,0.999899
3229.935791,1.010456,1.009550
3229.937179,0.979608,0.978849
3229.938568,1.011707,1.010849
3229.939957,1.005186,1.004334
3229.941346,0.969244,0.968520
3229.942735,0.997516,0.996813
3229.944124,0.999498,0.998823
3229.945512,1.027472,1.026870
3229.946901,1.031336,1.030561
3229.948290,1.015978,1.015269
3229.949679,0.996791,0.995837
3229.951068,1.013706,1.012752
3229.952456,0.996831,0.995833
3229.953845,0.952491,0.951572
3229.955234,1.010427,1.009489
3229.956623,0.989433,0.988399
3229.958012,1.002470,1.001309
3229.959400,1.007734,1.006447
3229.960789,0.984249,0.982848
3229.962178,1.002170,1.000634
3229.963567,1.020786,1.019202
3229.964956,0.990431,0.988855
3229.966344,0.989313,0.987538
3229.967733,1.009136,1.007302
3229.969122,0.993941,0.992340
3229.970511,1.011767,1.010012
3229.971900,0.984083,0.982186
3229.973288,0.988951,0.986965
3229.974677,0.997410,0.995384
3229.976066,0.978575,0.976461
3229.977455,1.014388,1.012344
3229.978844,0.990726,0.988648
3229.980233,0.994452,0.992384
3229.981621,0.996792,0.994849
3229.983010,1.012118,1.009890
3229.984399,0.987061,0.984960
3229.985788,0.992490,0.990304
3229.987177,1.009719,1.007551
3229.988565,1.007730,1.005571
3229.989954,1.013149,1.011010
3229.991343,1.011803,1.009613
3229.992732,0.992313,0.990297
3229.994121,0.978631,0.976706
3229.995509,1.010448,1.008525
3229.996898,0.983300,0.981408
3229.998287,1.004480,1.002368
3229.999676,1.016705,1.014336
3230.001065,1.016974,1.014752
3230.002453,1.007400,1.005172
3230.003842,1.012508,1.010274
3230.005231,1.004897,1.002870
3230.006620,0.980801,0.978869
3230.008009,0.996350,0.994453
3230.009398,0.988209,0.986293
3230.010786,1.014734,1.012868
3230.012175,1.023158,1.021260
3230.013564,0.998028,0.996028
3230.014953,1.003185,1.001190
3230.016342,0.986979,0.985172
3230.017730,1.025201,1.023226
3230.019119,0.991158,0.989372
3230.020508,1.000359,0.998581
3230.021897,0.994695,0.992817
3230.023286,0.993608,0.991797
3230.024674,0.996985,0.994974
3230.026063,0.989155,0.987207
3230.027452,0.991522,0.989863
3230.028841,1.018119,1.016635
3230.030230,1.016530,1.015047
3230.031618,1.001552,0.999949
3230.033007,1.009417,1.007693
3230.034396,1.025114,1.023143
3230.035785,0.996445,0.994450
3230.037174,1.008876,1.006946
3230.038562,0.997500,0.995514
3230.039951,0.999108,0.997031
3230.041340,1.016970,1.014976
3230.042729,0.976838,0.975017
3230.044118,0.991173,0.989124
3230.045507,1.002903,1.000961
3230.046895,0.986816,0.984978
3230.048284,1.007399,1.005397
3230.049673,0.979212,0.977283
3230.051062,1.012593,1.010641
3230.052451,1.005097,1.003091
3230.053839,1.013178,1.011186
3230.055228,1.002780,1.000962
3230.056617,0.986028,0.984259
3230.058006,1.009279,1.007458
3230.059395,1.012295,1.010287
3230.060783,1.019614,1.017716
3230.062172,0.981867,0.979944
3230.063561,0.983856,0.981966
3230.064950,0.996717,0.994803
3230.066339,0.989229,0.987382
3230.067727,0.995828,0.994100
3230.069116,0.982080,0.980267
3230.070505,1.003304,1.001469
3230.071894,0.991557,0.989828
3230.073283,1.017922,1.015961
3230.074671,1.005670,1.003771
3230.076060,1.004415,1.002373
3230.077449,0.997919,0.996068
3230.078838,1.030010,1.027998
3230.080227,0.995478,0.993477
3230.081616,1.020514,1.018343
3230.083004,0.983184,0.980986
3230.084393,1.034267,1.031967
3230.085782,1.010506,1.008244
3230.087171,0.985327,0.983166
3230.088560,1.030862,1.028617
3230.089948,1.003163,1.000630
3230.091337,1.004174,1.001605
3230.092726,0.993631,0.991238
3230.094115,1.011272,1.008898
3230.095504,1.019712,1.017221
3230.096892,0.995620,0.993217
3230.098281,0.999074,0.996646
3230.099670,1.019260,1.016702
3230.101059,1.017550,1.015020
3230.102448,1.012644,1.010119
3230.103836,0.980486,0.978044
3230.105225,1.000095,0.997529
3230.106614,0.990365,0.988008
3230.108003,1.010592,1.008160
3230.109392,0.996119,0.993643
3230.110781,1.007750,1.005413
3230.112169,1.018853,1.016696
3230.113558,1.011918,1.009849
3230.114947,0.974808,0.972824
3230.116336,1.006184,1.003768
3230.117725,0.989051,0.986684
3230.119113,1.012267,1.009919
3230.120502,1.004540,1.002222
3230.121891,1.016271,1.013979
3230.123280,0.991752,0.989540
3230.124669,1.001010,0.998852
3230.126057,1.005257,1.003021
3230.127446,0.998751,0.996308
3230.128835,0.997050,0.994851
3230.130224,0.994990,0.992847
3230.131613,0.995851,0.993558
3230.133001,0.989284,0.986985
3230.134390,1.003835,1.001491
3230.135779,1.016300,1.013867
3230.137168,0.982730,0.980363
3230.138557,0.979066,0.976666
3230.139945,0.997650,0.995402
3230.141334,1.012462,1.010214
3230.142723,0.999624,0.997557
3230.144112,1.006958,1.005106
3230.145501,0.982678,0.980684
3230.146890,1.011395,1.009289
3230.148278,1.008083,1.006013
3230.149667,0.974239,0.972197
3230.151056,1.006184,1.004061
3230.152445,1.002128,0.999966
3230.153834,1.034241,1.031989
3230.155222,0.988693,0.986481
3230.156611,0.993700,0.991488
3230.158000,1.007169,1.004822
3230.159389,1.019527,1.017143
3230.160778,0.995867,0.993586
3230.162166,0.993231,0.991157
3230.163555,0.997107,0.994945
3230.164944,0.992411,0.990325
3230.166333,0.997792,0.995481
3230.167722,1.004813,1.002409
3230.169110,0.995007,0.992598
3230.170499,1.003508,1.001148
3230.171888,1.018409,1.016051
3230.173277,0.988104,0.985929
3230.174666,1.001671,0.999511
3230.176054,0.995284,0.993082
3230.177443,1.024508,1.022259
3230.178832,0.991752,0.989363
3230.180221,0.992774,0.990260
3230.181610,1.011926,1.009435
3230.182999,1.013419,1.010907
3230.184387,1.016034,1.013644
3230.185776,1.004357,1.001799
3230.187165,1.015221,1.012715
3230.188554,0.995024,0.992660
3230.189943,1.011908,1.009420
3230.191331,0.982825,0.980678
3230.192720,1.004674,1.002540
3230.194109,1.016474,1.014548
3230.195498,1.017028,1.015126
3230.196887,1.005070,1.003074
3230.198275,0.993166,0.991093
3230.199664,0.996207,0.994222
3230.201053,0.999283,0.997223
3230.202442,0.998971,0.996882
3230.203831,0.988148,0.986160
3230.205219,0.993316,0.991327
3230.206608,1.002095,1.000125
3230.207997,1.016428,1.014385
3230.209386,1.004264,1.002199
3230.210775,0.974324,0.972422
3230.212163,1.016051,1.014174
3230.213552,1.037465,1.035644
3230.214941,1.009136,1.007398
3230.216330,1.005789,1.004002
3230.217719,1.012720,1.011019
3230.219108,0.975668,0.973879
3230.220496,0.995625,0.993798
3230.221885,1.020834,1.018964
3230.223274,0.999281,0.997452
3230.224663,1.006555,1.004743
3230.226052,0.988280,0.986433
3230.227440,1.003645,1.001624
3230.228829,0.971940,0.969969
3230.230218,1.006595,1.004780
3230.231607,1.013519,1.011875
3230.232996,0.987816,0.986340
3230.234384,1.015484,1.013978
3230.235773,0.993454,0.992145
3230.237162,1.007240,1.006153
3230.238551,1.012767,1.011690
3230.239940,0.979221,0.978168
3230.241328,1.011676,1.010633
3230.242717,0.988819,0.987759
3230.244106,1.000784,0.999673
3230.245495,0.977523,0.976382
3230.246884,0.988147,0.986768
3230.248272,1.009543,1.008264
3230.249661,0.989582,0.988362
3230.251050,1.014501,1.013495
3230.252439,1.007487,1.006150
3230.253828,1.016729,1.015231
3230.255217,1.001104,0.999663
3230.256605,0.963635,0.961969
3230.257994,1.010013,1.008268
3230.259383,1.014820,1.013156
3230.260772,1.008124,1.006383
3230.262161,0.986339,0.984619
3230.263549,1.002198,1.000449
3230.264938,0.982087,0.980501
3230.266327,0.994349,0.992792
3230.267716,1.006411,1.004768
3230.269105,1.000560,0.998907
3230.270493,0.999757,0.997983
3230.271882,0.997175,0.995623
3230.273271,1.008144,1.006725
3230.274660,1.005859,1.004408
3230.276049,0.991066,0.989626
3230.277437,0.993929,0.992587
3230.278826,1.027376,1.025952
3230.280215,1.009010,1.007471
3230.281604,1.027982,1.026397
3230.282993,0.972435,0.971018
3230.284381,1.018252,1.016768
3230.285770,1.010102,1.008582
3230.287159,1.017860,1.016370
3230.288548,1.008029,1.006481
3230.289937,1.017746,1.016111
3230.291326,1.005230,1.003651
3230.292714,0.994605,0.992914
3230.294103,0.974909,0.973217
3230.295492,1.025539,1.023927
3230.296881,1.013519,1.011931
3230.298270,1.000222,0.998721
3230.299658,0.990480,0.988998
3230.301047,0.989795,0.988523
3230.302436,1.001818,1.000605
3230.303825,0.993461,0.992038
3230.305214,1.006889,1.005714
3230.306602,1.018185,1.017125
3230.307991,0.996094,0.995122
3230.309380,1.023753,1.022611
3230.310769,1.017403,1.016250
3230.312158,0.985522,0.984467
3230.313546,0.983184,0.982301
3230.314935,0.999255,0.998348
3230.316324,0.989456,0.988477
3230.317713,1.009388,1.008622
3230.319102,0.978574,0.977815
3230.320490,0.987184,0.986512
3230.321879,0.997572,0.996677
3230.323268,1.007194,1.006474
3230.324657,0.994383,0.993764
3230.326046,1.009144,1.008607
3230.327435,0.998535,0.997964
3230.328823,1.009381,1.008954
3230.330212,0.995182,0.994858
3230.331601,0.991145,0.990902
3230.332990,0.965862,0.965677
3230.334379,0.999895,0.999762
3230.335767,1.008576,1.008554
3230.337156,1.015738,1.015797
3230.338545,1.016306,1.016485
3230.339934,1.022417,1.022347
3230.341323,0.986790,0.986762
3230.342711,0.984907,0.984947
3230.344100,0.987637,0.987812
3230.345489,0.976018,0.975986
3230.346878,0.998960,0.999101
3230.348267,1.005843,1.005991
3230.349655,0.996637,0.996842
3230.351044,1.003301,1.003533
3230.352433,0.989732,0.989898
3230.353822,0.999817,1.000189
3230.355211,1.011096,1.011520
3230.356599,0.976740,0.976996
3230.357988,1.033268,1.033499
3230.359377,1.002270,1.002716
3230.360766,1.021833,1.022405
3230.362155,0.991001,0.991415
3230.363544,0.994811,0.995041
3230.364932,0.995808,0.996164
3230.366321,1.012670,1.012988
3230.367710,0.994807,0.995081
3230.369099,1.017469,1.017928
3230.370488,1.007231,1.007633
3230.371876,1.008578,1.009077
3230.373265,1.001948,1.002460
3230.374654,0.990355,0.991008
3230.376043,1.007942,1.008364
3230.377432,0.991466,0.991736
3230.378820,1.005500,1.005902
3230.380209,1.015155,1.015515
3230.381598,0.989170,0.989333
3230.382987,0.995424,0.995595
3230.384376,0.990708,0.990759
3230.385764,0.982759,0.982573
3230.387153,0.999902,0.999923
3230.388542,1.008993,1.008863
3230.389931,0.998897,0.998592
3230.391320,0.985742,0.985537
3230.392708,0.992635,0.992401
3230.394097,0.983312,0.983187
3230.395486,1.012122,1.012012
3230.396875,1.013151,1.013273
3230.398264,1.007761,1.007961
3230.399653,1.012069,1.012248
3230.401041,0.985178,0.985464
3230.402430,1.016232,1.016373
3230.403819,1.014406,1.014503
3230.405208,0.999525,0.999613
3230.406597,0.982601,0.982770
3230.407985,1.018311,1.018503
3230.409374,0.992733,0.992872
3230.410763,0.991830,0.992088
3230.412152,0.981664,0.982012
3230.413541,0.985656,0.986169
3230.414929,1.009251,1.009920
3230.416318,1.019857,1.020395
3230.417707,1.016454,1.017113
3230.419096,0.974751,0.975375
3230.420485,0.981517,0.982044
3230.421873,0.984226,0.984660
3230.423262,0.977319,0.977926
3230.424651,0.996442,0.997388
3230.426040,1.011653,1.012698
3230.427429,0.972534,0.973433
3230.428817,1.000780,1.001772
3230.430206,1.012885,1.014103
3230.431595,1.010614,1.011950
3230.432984,1.001006,1.002548
3230.434373,1.002917,1.004556
3230.435762,1.009764,1.011267
3230.437150,0.989117,0.990415
3230.438539,1.011247,1.012607
3230.439928,1.020078,1.021576
3230.441317,0.980398,0.981829
3230.442706,1.004312,1.005850
3230.444094,1.008415,1.009996
3230.445483,0.997699,0.999421
3230.446872,0.992485,0.993960
3230.448261,1.005865,1.007205
3230.449650,0.984630,0.985794
3230.451038,1.001561,1.002950
3230.452427,0.976152,0.977422
3230.453816,1.013533,1.014734
3230.455205,0.987593,0.988573
3230.456594,0.999898,1.000920
3230.457982,0.992506,0.993463
3230.459371,0.974254,0.975168
3230.460760,0.993071,0.993987
3230.462149,1.018898,1.020051
3230.463538,0.991887,0.992903
3230.464926,0.999241,1.000168
3230.466315,0.989567,0.990576
3230.467704,1.016115,1.017044
3230.469093,1.008996,1.009929
3230.470482,0.973788,0.974650
3230.471871,1.018657,1.019669
3230.473259,0.991588,0.992478
3230.474648,0.999854,1.000711
3230.476037,0.981471,0.982255
3230.477426,0.987812,0.988472
3230.478815,1.008094,1.008594
3230.480203,1.001482,1.001992
3230.481592,1.000827,1.001431
3230.482981,0.985952,0.986557
3230.484370,1.001625,1.002400
3230.485759,0.993296,0.994128
3230.487147,1.007380,1.008335
3230.488536,0.990038,0.991116
3230.489925,1.009140,1.010307
3230.491314,0.999421,1.000492
3230.492703,1.012884,1.013945
3230.494091,1.005059,1.006072
3230.495480,1.012559,1.013611
3230.496869,1.001506,1.002412
3230.498258,1.002702,1.003719
3230.499647,0.993255,0.994365
3230.501035,0.999101,1.000370
3230.502424,1.014855,1.016235
3230.503813,1.000278,1.001511
3230.505202,1.015103,1.016235
3230.506591,0.971925,0.972939
3230.507979,0.986662,0.987691
3230.509368,1.004420,1.005654
3230.510757,1.009060,1.010475
3230.512146,0.982783,0.984322
3230.513535,1.012066,1.013861
3230.514924,0.985519,0.987219
3230.516312,1.013244,1.014967
3230.517701,1.010313,1.011961
3230.519090,0.999692,1.001344
3230.520479,1.031995,1.033750
3230.521868,1.018960,1.020550
3230.523256,0.965900,0.967280
3230.524645,1.001184,1.002781
3230.526034,1.013962,1.015453
3230.527423,1.019304,1.020788
3230.528812,0.990433,0.991758
3230.530200,0.983899,0.985385
3230.531589,1.022860,1.024480
3230.532978,0.983828,0.985403
3230.534367,0.986761,0.988219
3230.535756,1.024211,1.025556
3230.537144,0.987731,0.988974
3230.538533,0.999891,1.000934
3230.539922,0.992079,0.992993
3230.541311,1.021851,1.022645
3230.542700,0.974198,0.975026
3230.544088,0.976544,0.977413
3230.545477,0.989463,0.990473
3230.546866,1.003033,1.003868
3230.548255,1.002427,1.003204
3230.549644,1.007057,1.007818
3230.551033,0.983290,0.984118
3230.552421,0.970299,0.971201
3230.553810,1.004839,1.005899
3230.555199,0.965962,0.966954
3230.556588,0.986226,0.987155
3230.557977,1.008973,1.009951
3230.559365,0.996488,0.997446
3230.560754,0.999916,1.000758
3230.562143,1.000858,1.001750
3230.563532,1.002366,1.003074
3230.564921,1.012860,1.013553
3230.566309,1.004616,1.005203
3230.567698,1.000516,1.000917
3230.569087,0.985580,0.985964
3230.570476,0.980442,0.980752
3230.571865,0.999793,1.000024
3230.573253,1.020600,1.020659
3230.574642,0.976362,0.976444
3230.576031,0.997449,0.997355
3230.577420,1.001752,1.001781
3230.578809,1.009494,1.009612
3230.580197,0.997704,0.997810
3230.581586,1.003718,1.003818
3230.582975,0.980442,0.980474
3230.584364,1.000985,1.000944
3230.585753,0.957657,0.957547
3230.587142,1.005641,1.005452
3230.588530,0.983567,0.983483
3230.589919,0.994084,0.994161
3230.591308,1.023623,1.023838
3230.592697,1.009838,1.010143
3230.594086,1.016912,1.017167
3230.595474,0.991758,0.991804
3230.596863,1.013662,1.014048
3230.598252,1.015789,1.016104
3230.599641,1.017214,1.017421
3230.601030,1.013357,1.013377
3230.602418,1.005640,1.005683
3230.603807,0.978850,0.978899
3230.605196,0.967411,0.967402
3230.606585,0.999083,0.999147
3230.607974,1.011557,1.011542
3230.609362,1.001460,1.001345
3230.610751,1.012800,1.012688
3230.612140,0.992544,0.992367
3230.613529,1.014755,1.014565
3230.614918,0.984747,0.984460
3230.616306,0.980312,0.980036
3230.617695,1.000213,0.999874
3230.619084,1.001635,1.001391
3230.620473,1.000694,1.000414
3230.621862,0.988455,0.988214
3230.623250,0.983599,0.983301
3230.624639,1.010056,1.009784
3230.626028,1.006567,1.006399
3230.627417,0.999992,0.999898
3230.628806,0.990764,0.990887
3230.630195,1.006553,1.006709
3230.631583,1.006860,1.006673
3230.632972,0.997565,0.997442
3230.634361,1.015050,1.014864
3230.635750,0.973229,0.973219
3230.637139,0.989945,0.989789
3230.638527,0.993496,0.993339
3230.639916,1.009038,1.009051
3230.641305,0.989809,0.989661
3230.642694,1.010550,1.010535
3230.644083,0.985916,0.985877
3230.645471,1.002096,1.002265
3230.646860,0.989930,0.990299
3230.648249,0.987550,0.987992
3230.649638,0.997263,0.997806
3230.651027,0.999493,1.000046
3230.652415,1.013913,1.014480
3230.653804,1.018970,1.019528
3230.655193,0.996124,0.996678
3230.656582,1.008948,1.009490
3230.657971,1.007450,1.007974
3230.659359,0.992991,0.993463
3230.660748,0.989844,0.990262
3230.662137,1.001729,1.001913
3230.663526,1.003023,1.003021
3230.664915,0.987410,0.987270
3230.666304,1.012330,1.012109
3230.667692,1.007381,1.007080
3230.669081,0.989477,0.989151
3230.670470,1.012556,1.012065
3230.671859,0.986671,0.986067
3230.673248,0.995788,0.995356
3230.674636,1.004253,1.003715
3230.676025,1.023235,1.022793
3230.677414,1.018678,1.018447
3230.678803,1.015074,1.014584
3230.680192,1.016201,1.015626
3230.681580,1.011628,1.011062
3230.682969,0.992977,0.992397
3230.684358,1.003808,1.003219
3230.685747,0.987297,0.986559
3230.687136,1.008570,1.007606
3230.688524,0.999321,0.998335
3230.689913,0.978409,0.977189
3230.691302,0.991040,0.989618
3230.692691,1.003812,1.002539
3230.694080,1.014459,1.013101
3230.695468,1.002149,1.000842
3230.696857,1.005874,1.004448
3230.698246,1.022533,1.021086
3230.699635,1.010853,1.009347
3230.701024,1.002958,1.001131
3230.702412,0.997606,0.995927
3230.703801,0.972613,0.971092
3230.705190,1.012874,1.011214
3230.706579,0.977331,0.975861
3230.707968,0.993364,0.991872
3230.709357,0.982977,0.981550
3230.710745,1.005792,1.004190
3230.712134,1.018744,1.017409
3230.713523,1.017405,1.016188
3230.714912,0.980673,0.979592
3230.716301,1.011222,1.010082
3230.717689,0.991718,0.990523
3230.719078,1.014689,1.013654
3230.720467,1.010506,1.009521
3230.721856,1.008447,1.007740
3230.723245,1.000922,1.000376
3230.724633,1.001028,1.000807
3230.726022,1.009566,1.009567
3230.727411,0.990435,0.990447
3230.728800,0.978387,0.978423
3230.730189,0.994896,0.994867
3230.731577,0.985840,0.985907
3230.732966,1.013479,1.013763
3230.734355,0.996349,0.996658
3230.735744,0.987298,0.987630
3230.737133,0.987698,0.988081
3230.738521,1.008653,1.009326
3230.739910,1.005802,1.006720
3230.741299,0.976913,0.977782
3230.742688,0.991027,0.991741
3230.744077,0.993561,0.994371
3230.745466,1.017040,1.017950
3230.746854,1.010844,1.011670
3230.748243,0.984227,0.984910
3230.749632,0.987553,0.988353
3230.751021,1.001186,1.002053
3230.752410,1.011673,1.012732
3230.753798,0.997509,0.998750
3230.755187,0.995744,0.996978
3230.756576,1.011213,1.012587
3230.757965,1.009054,1.010464
3230.759354,0.994881,0.996022
3230.760742,0.990179,0.991330
3230.762131,0.980413,0.981600
3230.763520,1.027601,1.029037
3230.764909,0.990721,0.992017
3230.766298,0.997203,0.998301
3230.767686,0.982706,0.983838
3230.769075,1.006071,1.007157
3230.770464,1.006163,1.007369
3230.771853,1.002609,1.004037
3230.773242,1.003436,1.005115
3230.774630,1.001285,1.003043
3230.776019,1.007588,1.009320
3230.777408,0.984529,0.986302
3230.778797,0.996323,0.998138
3230.780186,1.010131,1.011937
3230.781574,0.984409,0.986078
3230.782963,0.996873,0.998727
3230.784352,0.999340,1.001258
3230.785741,1.002690,1.004621
3230.787130,0.998138,1.000077
3230.788519,0.983546,0.985428
3230.789907,1.005358,1.007410
3230.791296,0.994268,0.996388
3230.792685,1.017686,1.019710
3230.794074,1.005891,1.007845
3230.795463,1.010765,1.012671
3230.796851,0.999080,1.000996
3230.798240,0.964467,0.966215
3230.799629,1.002019,1.003752
3230.801018,0.989237,0.990951
3230.802407,1.017089,1.018709
3230.803795,0.992583,0.994303
3230.805184,1.009557,1.011468
3230.806573,1.001868,1.003808
3230.807962,0.992871,0.994797
3230.809351,1.013819,1.015768
3230.810739,0.996743,0.998773
3230.812128,1.015644,1.017796
3230.813517,1.021382,1.023416
3230.814906,1.021743,1.023734
3230.816295,1.019837,1.022046
3230.817683,1.005408,1.007718
3230.819072,0.989909,0.992163
3230.820461,1.002256,1.004625
3230.821850,0.997111,0.999273
3230.823239,1.006737,1.008915
3230.824627,0.989644,0.991802
3230.826016,1.004208,1.006426
3230.827405,0.993225,0.995460
3230.828794,0.976323,0.978625
3230.830183,0.976639,0.978947
3230.831572,0.991275,0.993718
3230.832960,0.990099,0.992644
3230.834349,0.990509,0.992990
3230.835738,0.988635,0.991129
3230.837127,0.973415,0.975967
3230.838516,0.993218,0.995808
3230.839904,1.028814,1.031638
3230.841293,0.999500,1.002240
3230.842682,0.989031,0.991902
3230.844071,1.019279,1.022169
3230.845460,0.962325,0.964850
3230.846848,0.994138,0.996631
3230.848237,0.981866,0.984146
3230.849626,1.005791,1.007994
3230.851015,0.982492,0.984704
3230.852404,0.984010,0.986410
3230.853792,0.973127,0.975621
3230.855181,0.990750,0.993125
3230.856570,0.986271,0.988690
3230.857959,0.985543,0.988151
3230.859348,0.988635,0.991354
3230.860736,0.984689,0.987330
3230.862125,1.014836,1.017424
3230.863514,0.997391,0.999838
3230.864903,0.987305,0.989778
3230.866292,0.966612,0.968900
3230.867680,0.963365,0.965579
3230.869069,0.999369,1.001629
3230.870458,0.998676,1.001076
3230.871847,1.005297,1.007989
3230.873236,1.003335,1.005944
3230.874625,0.993810,0.996461
3230.876013,0.993437,0.996098
3230.877402,0.992598,0.995345
3230.878791,1.013436,1.016203
3230.880180,0.987672,0.990204
3230.881569,0.996532,0.998828
3230.882957,0.990565,0.992854
3230.884346,0.981056,0.983161
3230.885735,1.028676,1.030934
3230.887124,0.982502,0.984559
3230.888513,1.005078,1.007189
3230.889901,1.020852,1.022899
3230.891290,1.009258,1.011339
3230.892679,1.012341,1.014346
3230.894068,1.001840,1.003763
3230.895457,0.991518,0.993403
3230.896845,0.979758,0.981562
3230.898234,1.006612,1.008552
3230.899623,1.027691,1.029666
3230.901012,1.009937,1.011809
3230.902401,1.001741,1.003497
3230.903789,1.002190,1.004024
3230.905178,1.024086,1.025861
3230.906567,1.013518,1.015166
3230.907956,0.989652,0.991084
3230.909345,0.987015,0.988478
3230.910734,0.984493,0.986157
3230.912122,1.002494,1.004268
3230.913511,0.981268,0.982838
3230.914900,0.981197,0.982468
3230.916289,1.007753,1.009110
3230.917678,1.004642,1.006129
3230.919066,1.001198,1.002618
3230.920455,1.024593,1.025849
3230.921844,0.997533,0.998718
3230.923233,0.995040,0.996164
3230.924622,0.991960,0.992873
3230.926010,0.975031,0.975811
3230.927399,1.004058,1.004860
3230.928788,1.017736,1.018501
3230.930177,1.015391,1.016220
3230.931566,0.993623,0.994339
3230.932954,0.976916,0.977808
3230.934343,1.020577,1.021403
3230.935732,0.997875,0.998564
3230.937121,1.021702,1.022404
3230.938510,1.012680,1.013390
3230.939898,1.004218,1.004944
3230.941287,1.009000,1.009872
3230.942676,1.002807,1.003850
3230.944065,1.012363,1.013308
3230.945454,1.014855,1.015865
3230.946842,0.986089,0.987106
3230.948231,0.998697,0.999719
3230.949620,1.010268,1.011303
3230.951009,0.988225,0.989168
3230.952398,0.999039,1.000065
3230.953787,1.002322,1.003381
3230.955175,0.994103,0.995133
3230.956564,1.006673,1.007758
3230.957953,0.995645,0.996694
3230.959342,0.983935,0.984991
3230.960731,0.996162,0.996967
3230.962119,0.956688,0.957460
3230.963508,0.987703,0.988497
3230.964897,0.992184,0.992911
3230.966286,0.985453,0.986183
3230.967675,0.989233,0.990162
3230.969063,0.993526,0.994526
3230.970452,0.988170,0.989317
3230.971841,0.990525,0.991490
3230.973230,1.009840,1.011032
3230.974619,0.994601,0.995682
3230.976007,1.003773,1.004806
3230.977396,0.980910,0.981982
3230.978785,1.022970,1.024001
3230.980174,0.993348,0.994317
3230.981563,0.975384,0.976284
3230.982951,0.975682,0.976397
3230.984340,1.014274,1.014870
3230.985729,1.010571,1.011151
3230.987118,0.988598,0.988960
3230.988507,1.020523,1.020914
3230.989895,0.981389,0.981762
3230.991284,0.988868,0.989153
3230.992673,1.005339,1.005616
3230.994062,1.006033,1.006233
3230.995451,0.993993,0.994205
3230.996840,1.001184,1.001477
3230.998228,0.996317,0.996652
3230.999617,1.013577,1.013919
3231.001006,0.998816,0.999156
3231.002395,0.996133,0.996512
3231.003784,1.005200,1.005652
3231.005172,1.000408,1.000884
3231.006561,1.005689,1.006233
3231.007950,1.004365,1.004996
3231.009339,0.990525,0.991053
3231.010728,1.025722,1.026267
3231.012116,1.009634,1.010319
3231.013505,0.982836,0.983292
3231.014894,0.994700,0.995432
3231.016283,0.985234,0.985999
3231.017672,0.989378,0.990201
3231.019060,1.001765,1.002511
3231.020449,1.033232,1.034136
3231.021838,1.007693,1.008702
3231.023227,0.982227,0.983272
3231.024616,1.008582,1.009522
3231.026004,1.009692,1.010748
3231.027393,1.007890,1.009027
3231.028782,0.993048,0.994319
3231.030171,0.993944,0.995370
3231.031560,0.987208,0.988403
3231.032948,1.014870,1.016154
3231.034337,1.002334,1.003690
3231.035726,1.002591,1.004074
3231.037115,1.000347,1.001978
3231.038504,1.024330,1.026087
3231.039893,1.020851,1.022571
3231.041281,1.005105,1.006695
3231.042670,0.992575,0.994188
3231.044059,0.999007,1.000616
3231.045448,1.000593,1.002165
3231.046837,1.003359,1.005073
3231.048225,0.996089,0.997652
3231.049614,0.980157,0.981852
3231.051003,0.985517,0.987198
3231.052392,0.987847,0.989470
3231.053781,1.002714,1.004402
3231.055169,1.001891,1.003401
3231.056558,1.016024,1.017674
3231.057947,0.998412,0.999987
3231.059336,1.015884,1.017392
3231.060725,0.994169,0.995636
3231.062113,1.006324,1.007705
3231.063502,0.994161,0.995632
3231.064891,0.974265,0.975594
3231.066280,1.013405,1.014926
3231.067669,0.989530,0.991044
3231.069057,1.007125,1.008450
3231.070446,0.985010,0.986234
3231.071835,1.003974,1.005092
3231.073224,0.975585,0.976734
3231.074613,0.994471,0.995402
3231.076001,0.979917,0.980797
3231.077390,0.984351,0.985173
3231.078779,1.025658,1.026607
3231.080168,1.008179,1.009091
3231.081557,0.992271,0.993050
3231.082946,0.964191,0.964974
3231.084334,0.993516,0.994387
3231.085723,1.009894,1.010716
3231.087112,0.992032,0.992868
3231.088501,0.981425,0.982180
3231.089890,0.991784,0.992523
3231.091278,0.986386,0.987126
3231.092667,0.976978,0.977647
3231.094056,0.989128,0.989956
3231.095445,0.994008,0.995009
3231.096834,0.981129,0.982114
3231.098222,0.988302,0.989036
3231.099611,1.009928,1.010519
3231.101000,1.020583,1.021266
3231.102389,0.979356,0.980279
3231.103778,0.961019,0.961799
3231.105166,1.002154,1.003000
3231.106555,1.005501,1.006136
3231.107944,1.003682,1.003964
3231.109333,1.024502,1.024839
3231.110722,1.029477,1.029609
3231.112110,0.991226,0.991331
3231.113499,0.994733,0.994700
3231.114888,1.002116,1.001890
3231.116277,1.009421,1.009161
3231.117666,0.985236,0.984998
3231.119054,0.985180,0.984789
3231.120443,1.010799,1.010408
3231.121832,1.007738,1.007364
3231.123221,0.995327,0.994776
3231.124610,0.990155,0.989582
3231.125998,1.001161,1.000592
3231.127387,0.997226,0.996592
3231.128776,0.974764,0.974106
3231.130165,1.005288,1.004645
3231.131554,0.999664,0.999010
3231.132943,1.001296,1.000650
3231.134331,0.996671,0.996111
3231.135720,1.012638,1.012087
3231.137109,1.014292,1.013864
3231.138498,0.988047,0.987543
3231.139887,1.027067,1.026690
3231.141275,0.996574,0.996152
3231.142664,0.994909,0.994473
3231.144053,1.005508,1.005016
3231.145442,1.003041,1.002766
3231.146831,0.994791,0.994310
3231.148219,1.010796,1.010322
3231.149608,0.995685,0.995331
3231.150997,1.004244,1.004021
3231.152386,1.025132,1.024736
3231.153775,0.980197,0.979669
3231.155163,1.000636,1.000048
3231.156552,1.009932,1.009329
3231.157941,0.990637,0.990273
3231.159330,1.013461,1.013057
3231.160719,0.986025,0.985548
3231.162107,1.015160,1.014731
3231.163496,1.015607,1.015291
3231.164885,0.992568,0.992452
3231.166274,0.984657,0.984419
3231.167663,0.998810,0.998474
3231.169051,1.003578,1.003253
3231.170440,1.008406,1.008236
3231.171829,0.999481,0.999419
3231.173218,0.989845,0.989704
3231.174607,1.012685,1.012461
3231.175996,1.020042,1.019819
3231.177384,1.007087,1.006970
3231.178773,1.020884,1.020709
3231.180162,0.994054,0.993771
3231.181551,1.014613,1.014578
3231.182940,1.009361,1.009420
3231.184328,0.999000,0.999171
3231.185717,0.999841,0.999971
3231.187106,1.011774,1.011888
3231.188495,1.012231,1.012063
3231.189884,0.990424,0.990252
3231.191272,0.975660,0.975569
3231.192661,1.009638,1.009573
3231.194050,1.003756,1.003560
3231.195439,1.018068,1.017798
3231.196828,1.014492,1.014257
3231.198216,0.983989,0.983942
3231.199605,1.011560,1.011630
3231.200994,1.006779,1.006708
3231.202383,0.991360,0.991327
3231.203772,0.990276,0.990246
3231.205160,1.014958,1.015008
3231.206549,0.995978,0.995850
3231.207938,0.990943,0.990647
3231.209327,1.012499,1.012126
3231.210716,0.993930,0.993693
3231.212104,0.988797,0.988438
3231.213493,1.016365,1.016009
3231.214882,0.993071,0.992690
3231.216271,1.015524,1.015122
3231.217660,0.994749,0.994494
3231.219049,0.981897,0.981696
3231.220437,0.987545,0.987530
3231.221826,1.000504,1.000365
3231.223215,1.001467,1.001244
3231.224604,0.997765,0.997287
3231.225993,1.006671,1.006109
3231.227381,1.009665,1.008987
3231.228770,0.998121,0.997567
3231.230159,1.022070,1.021456
3231.231548,0.976024,0.975532
3231.232937,1.003504,1.003175
3231.234325,1.013168,1.012764
3231.235714,0.996317,0.996019
3231.237103,1.001977,1.001574
3231.238492,0.984597,0.984168
3231.239881,1.016277,1.015802
3231.241269,0.989912,0.989612
3231.242658,1.012685,1.012486
3231.244047,0.984947,0.984832
3231.245436,1.006189,1.006112
3231.246825,0.985283,0.985136
3231.248213,0.986578,0.986400
3231.249602,0.987927,0.987771
3231.250991,0.992833,0.992983
3231.252380,0.998554,0.998784
3231.253769,1.010608,1.010890
3231.255157,0.990916,0.991253
3231.256546,1.023050,1.023424
3231.257935,1.001793,1.002332
3231.259324,0.987509,0.988084
3231.260713,1.019444,1.020114
3231.262101,1.005083,1.005679
3231.263490,1.006165,1.006741
3231.264879,0.978672,0.979436
3231.266268,0.992965,0.993970
3231.267657,1.010202,1.011163
3231.269046,1.024079,1.024879
3231.270434,1.003461,1.004442
3231.271823,1.007621,1.008914
3231.273212,0.992560,0.993799
3231.274601,0.961121,0.962359
3231.275990,1.016628,1.017966
3231.277378,0.981638,0.982853
3231.278767,1.004166,1.005295
3231.280156,0.995438,0.996599
3231.281545,0.989307,0.990528
3231.282934,0.986108,0.987182
3231.284322,1.006031,1.006908
3231.285711,0.990246,0.991403
3231.287100,0.994384,0.995642
3231.288489,1.006115,1.007275
3231.289878,0.977269,0.978443
3231.291266,0.993616,0.995047
3231.292655,1.011980,1.013602
3231.294044,0.988851,0.990491
3231.295433,0.980520,0.982095
3231.296822,1.004175,1.005942
3231.298210,0.987128,0.988832
3231.299599,0.994935,0.996502
3231.300988,0.999474,1.001238
3231.302377,0.992038,0.993842
3231.303766,1.012946,1.014745
3231.305154,0.973284,0.975010
3231.306543,1.011895,1.013861
3231.307932,0.999598,1.001409
3231.309321,0.991089,0.992974
3231.310710,0.994125,0.995991
3231.312099,1.013777,1.015675
3231.313487,0.987825,0.989710
3231.314876,0.994337,0.996293
3231.316265,0.991329,0.993210
3231.317654,0.993523,0.995522
3231.319043,0.983824,0.985757
3231.320431,0.981728,0.983570
3231.321820,0.975654,0.977577
3231.323209,1.013956,1.015978
3231.324598,1.013767,1.015716
3231.325987,0.978843,0.980986
3231.327375,0.985857,0.987820
3231.328764,1.010120,1.012407
3231.330153,1.006669,1.009035
3231.331542,1.027955,1.030386
3231.332931,0.971693,0.974100
3231.334319,0.993385,0.996098
3231.335708,0.996013,0.998846
3231.337097,1.016434,1.019267
3231.338486,1.018636,1.021312
3231.339875,0.983966,0.986532
3231.341263,0.989176,0.991837
3231.342652,1.000936,1.003446
3231.344041,1.003212,1.005584
3231.345430,1.014016,1.016577
3231.346819,0.989355,0.991595
3231.348207,1.021042,1.023314
3231.349596,1.007797,1.009969
3231.350985,1.001427,1.003477
3231.352374,0.980106,0.982189
3231.353763,0.995651,0.997882
3231.355151,0.985519,0.987711
3231.356540,1.004250,1.006365
3231.357929,0.992754,0.994916
3231.359318,1.010792,1.013181
3231.360707,0.986631,0.988894
3231.362096,0.994669,0.996868
3231.363484,0.996420,0.998603
3231.364873,1.021763,1.023833
3231.366262,1.004400,1.006539
3231.367651,0.990782,0.992779
3231.369040,1.007242,1.009191
3231.370428,1.002280,1.004264
3231.371817,1.012884,1.015121
3231.373206,0.996169,0.998217
3231.374595,0.994750,0.996932
3231.375984,0.995847,0.998030
3231.377372,1.015325,1.017430
3231.378761,0.980935,0.983025
3231.380150,1.004463,1.006704
3231.381539,1.046063,1.048340
3231.382928,0.999731,1.001851
3231.384316,0.996300,0.998499
3231.385705,1.004059,1.006164
3231.387094,0.994671,0.996797
3231.388483,1.019132,1.021348
3231.389872,0.983577,0.985758
3231.391260,0.988862,0.990873
3231.392649,0.974686,0.976763
3231.394038,0.985315,0.987417
3231.395427,0.997236,0.999325
3231.396816,1.013176,1.015215
3231.398204,0.999596,1.001541
3231.399593,1.010657,1.012416
3231.400982,1.003095,1.005060
3231.402371,1.002672,1.004663
3231.403760,1.006478,1.008400
3231.405149,0.991559,0.993390
3231.406537,0.979940,0.981553
3231.407926,0.998505,1.000258
3231.409315,1.001321,1.002910
3231.410704,1.010615,1.012263
3231.412093,0.991538,0.993096
3231.413481,0.988460,0.989919
3231.414870,1.011922,1.013333
3231.416259,1.002064,1.003473
3231.417648,0.994952,0.996489
3231.419037,1.012257,1.013913
3231.420425,1.004144,1.005886
3231.421814,1.016326,1.017993
3231.423203,1.000753,1.002317
3231.424592,0.983615,0.985162
3231.425981,1.017285,1.018710
3231.427369,0.990808,0.992206
3231.428758,0.985341,0.986740
3231.430147,0.973359,0.974566
3231.431536,0.984254,0.985290
3231.432925,1.007448,1.008466
3231.434313,1.018184,1.019352
3231.435702,0.993505,0.994583
3231.437091,0.986585,0.987532
3231.438480,1.004261,1.005162
3231.439869,1.002075,1.002924
3231.441257,0.987850,0.988555
3231.442646,1.003094,1.003798
3231.444035,0.999776,1.000718
3231.445424,1.004165,1.004993
3231.446813,1.004892,1.005857
3231.448201,0.991964,0.992954
3231.449590,0.999322,1.000179
3231.450979,0.971924,0.972742
3231.452368,0.966457,0.967257
3231.453757,1.024735,1.025582
3231.455146,0.992288,0.993095
3231.456534,0.983855,0.984693
3231.457923,1.006883,1.007656
3231.459312,1.025849,1.026619
3231.460701,1.008979,1.009888
3231.462090,1.002750,1.003329
3231.463478,0.981528,0.982104
3231.464867,0.990526,0.991168
3231.466256,0.990708,0.991343
3231.467645,0.965192,0.965923
3231.469034,1.021583,1.022307
3231.470422,0.995281,0.995834
3231.471811,0.995979,0.996543
3231.473200,1.004818,1.005518
3231.474589,1.006351,1.007230
3231.475978,0.997711,0.998475
3231.477366,1.003202,1.003823
3231.478755,0.982839,0.983489
3231.480144,0.996100,0.996863
3231.481533,1.000541,1.001248
3231.482922,0.995795,0.996592
3231.484310,0.991300,0.992145
3231.485699,1.005678,1.006657
3231.487088,0.988562,0.989490
3231.488477,1.003213,1.004293
3231.489866,0.987581,0.988656
3231.491254,0.995968,0.997270
3231.492643,0.990234,0.991357
3231.494032,1.025366,1.026489
3231.495421,0.974016,0.975257
3231.496810,1.022032,1.023408
3231.498198,1.022262,1.023523
3231.499587,1.012727,1.013893
3231.500976,1.005866,1.006837
3231.502365,1.020897,1.022021
3231.503754,1.012932,1.013991
3231.505143,0.990767,0.991741
3231.506531,0.978677,0.979487
3231.507920,0.992062,0.992585
3231.509309,0.998329,0.998940
3231.510698,0.978338,0.979102
3231.512087,0.992146,0.992942
3231.513475,1.029110,1.029857
3231.514864,0.976025,0.976636
3231.516253,0.984502,0.985160
3231.517642,0.999938,1.000468
3231.519031,0.988988,0.989240
3231.520419,1.008873,1.009177
3231.521808,1.016105,1.016584
3231.523197,1.007818,1.008247
3231.524586,0.992560,0.993049
3231.525975,1.001371,1.001846
3231.527363,1.004168,1.004716
3231.528752,0.997396,0.997729
3231.530141,0.989320,0.989808
3231.531530,1.014539,1.014994
3231.532919,0.988405,0.988848
3231.534307,1.000833,1.001113
3231.535696,0.993608,0.993772
3231.537085,0.994265,0.994438
3231.538474,0.998982,0.999109
3231.539863,1.027652,1.027770
3231.541251,0.992022,0.991983
3231.542640,1.020075,1.020018
3231.544029,0.992852,0.992979
3231.545418,0.995587,0.995621
3231.546807,1.005484,1.005363
3231.548196,1.007302,1.007275
3231.549584,1.001418,1.001273
3231.550973,1.010368,1.010263
3231.552362,1.001855,1.001845
3231.553751,1.005606,1.005429
3231.555140,0.991739,0.991689
3231.556528,0.997816,0.997525
3231.557917,0.973631,0.973346
3231.559306,1.019527,1.019288
3231.560695,1.001422,1.001359
3231.562084,1.003768,1.003797
3231.563472,1.000594,1.000682
3231.564861,0.991424,0.991305
3231.566250,0.993532,0.993559
3231.567639,1.015710,1.015618
3231.569028,1.012528,1.012547
3231.570416,1.006793,1.006639
3231.571805,0.992360,0.992116
3231.573194,0.975199,0.974811
3231.574583,1.006963,1.006557
3231.575972,0.994551,0.994091
3231.577360,1.002106,1.001620
3231.578749,1.008781,1.008202
3231.580138,0.975262,0.974863
3231.581527,0.997892,0.997626
3231.582916,0.991611,0.991299
3231.584304,1.013128,1.012705
3231.585693,1.006807,1.006287
3231.587082,1.012935,1.012195
3231.588471,0.987602,0.986986
3231.589860,1.002552,1.001706
3231.591248,0.997019,0.996148
3231.592637,1.000273,0.999645
3231.594026,1.009174,1.008412
3231.595415,0.994666,0.994059
3231.596804,0.996188,0.995581
3231.598193,0.981060,0.980627
3231.599581,1.005386,1.004922
3231.600970,1.006657,1.006358
3231.602359,0.988275,0.987921
3231.603748,0.995503,0.995098
3231.605137,1.020547,1.020107
3231.606525,1.002949,1.002568
3231.607914,0.994202,0.993910
3231.609303,0.998617,0.998304
3231.610692,1.007021,1.006593
3231.612081,1.004659,1.004204
3231.613469,1.011086,1.010484
3231.614858,1.018144,1.017340
3231.616247,0.980955,0.980233
3231.617636,0.994033,0.993220
3231.619025,0.990483,0.989899
3231.620413,1.012306,1.011956
3231.621802,0.994928,0.994367
3231.623191,1.007089,1.006444
3231.624580,0.999553,0.998972
3231.625969,0.980657,0.980107
3231.627357,1.023482,1.022565
3231.628746,0.965923,0.965099
3231.630135,0.995280,0.994367
3231.631524,0.994640,0.993819
3231.632913,1.007222,1.006351
3231.634301,1.010219,1.009348
3231.635690,0.991277,0.990738
3231.637079,0.978454,0.977821
3231.638468,0.996523,0.995844
3231.639857,1.037742,1.037026
3231.641245,1.006215,1.005473
3231.642634,0.999031,0.998434
3231.644023,0.980330,0.979710
3231.645412,1.001580,1.000972
3231.646801,1.014916,1.014371
3231.648190,1.009013,1.008415
3231.649578,1.007876,1.007396
3231.650967,1.007855,1.007370
3231.652356,1.016194,1.015766
3231.653745,0.993247,0.992749
3231.655134,1.011093,1.010698
3231.656522,0.987841,0.987365
3231.657911,1.014221,1.013909
3231.659300,0.989712,0.989469
3231.660689,1.011710,1.011531
3231.662078,1.012082,1.011691
3231.663466,1.001415,1.001194
3231.664855,0.995952,0.995725
3231.666244,0.997792,0.997478
3231.667633,1.003119,1.002605
3231.669022,0.998435,0.997829
3231.670410,0.988527,0.987924
3231.671799,0.989476,0.988850
3231.673188,0.994903,0.994355
3231.674577,0.974044,0.973626
3231.675966,1.000533,1.000292
3231.677354,1.019392,1.019139
3231.678743,1.007699,1.007406
3231.680132,0.994559,0.994306
3231.681521,1.002012,1.001517
3231.682910,1.000135,0.999772
3231.684298,1.003311,1.003087
3231.685687,0.967967,0.967576
3231.687076,1.013344,1.013038
3231.688465,1.011913,1.011689
3231.689854,0.992400,0.992065
3231.691242,0.999995,0.999636
3231.692631,1.004889,1.004474
3231.694020,1.008161,1.007823
3231.695409,0.980429,0.980009
3231.696798,1.015898,1.015500
3231.698187,0.990916,0.990614
3231.699575,0.999470,0.999167
3231.700964,0.998285,0.998083
3231.702353,0.989614,0.989529
3231.703742,0.995865,0.995849
3231.705131,1.003137,1.003247
3231.706519,1.004150,1.004399
3231.707908,0.992327,0.992529
3231.709297,0.997714,0.997933
3231.710686,1.028884,1.029066
3231.712075,0.985445,0.985655
3231.713463,0.995243,0.995504
3231.714852,1.000530,1.000795
3231.716241,0.989441,0.989821
3231.717630,1.010568,1.010922
3231.719019,1.016116,1.016591
3231.720407,0.982182,0.982645
3231.721796,1.019746,1.020294
3231.723185,0.985640,0.986173
3231.724574,0.988166,0.988731
3231.725963,1.002411,1.003125
3231.727351,1.005778,1.006395
3231.728740,1.002992,1.003648
3231.730129,1.009610,1.010079
3231.731518,0.982858,0.983306
3231.732907,1.026788,1.027204
3231.734295,0.995888,0.996299
3231.735684,1.025653,1.026087
3231.737073,0.980321,0.980648
3231.738462,0.996555,0.996865
3231.739851,0.971457,0.971760
3231.741239,0.981876,0.982484
3231.742628,0.990896,0.991394
3231.744017,0.999346,0.999827
3231.745406,0.998354,0.998774
3231.746795,1.020322,1.020672
3231.748184,1.014161,1.014684
3231.749572,1.007373,1.008094
3231.750961,0.989205,0.990152
3231.752350,0.981843,0.982735
3231.753739,0.980030,0.980912
3231.755128,1.024128,1.024845
3231.756516,0.984310,0.985071
3231.757905,0.999483,1.000357
3231.759294,1.026955,1.027924
3231.760683,1.001128,1.002198
3231.762072,1.019273,1.020137
3231.763460,0.990370,0.991309
3231.764849,1.004128,1.005095
3231.766238,0.983729,0.984901
3231.767627,1.036963,1.038209
3231.769016,1.012963,1.014185
3231.770404,0.990765,0.992069
3231.771793,0.986652,0.988097
3231.773182,1.016559,1.017942
3231.774571,1.020854,1.022238
3231.775960,0.989575,0.990905
3231.777348,0.989549,0.990810
3231.778737,0.999399,1.000875
3231.780126,0.985417,0.986962
3231.781515,0.977031,0.978491
3231.782904,1.003459,1.004821
3231.784292,0.988901,0.990384
3231.785681,1.010470,1.012243
3231.787070,1.006891,1.008863
3231.788459,0.990718,0.992623
3231.789848,0.980623,0.982586
3231.791236,0.992984,0.995003
3231.792625,1.009902,1.011842
3231.794014,0.971727,0.973624
3231.795403,1.016091,1.017942
3231.796792,0.993342,0.995416
3231.798181,0.996639,0.998852
3231.799569,0.983649,0.985844
3231.800958,0.989479,0.991663
3231.802347,1.014218,1.016455
3231.803736,1.002649,1.004988
3231.805125,0.987637,0.990123
3231.806513,0.991930,0.994373
3231.807902,0.994333,0.996504
3231.809291,1.026577,1.028900
3231.810680,0.990320,0.992491
3231.812069,1.005459,1.007750
3231.813457,0.991992,0.994139
3231.814846,0.984260,0.986441
3231.816235,1.016013,1.018250
3231.817624,0.992102,0.994333
3231.819013,0.997475,0.999681
3231.820401,0.988958,0.991213
3231.821790,1.002573,1.004822
3231.823179,0.984043,0.986209
3231.824568,1.010866,1.013246
3231.825957,1.001074,1.003337
3231.827345,0.996107,0.998467
3231.828734,0.986676,0.989003
3231.830123,0.994873,0.997055
3231.831512,1.015700,1.017885
3231.832901,1.004235,1.006311
3231.834289,0.977337,0.979283
3231.835678,0.986532,0.988502
3231.837067,1.017406,1.019422
3231.838456,1.007140,1.009095
3231.839845,1.002269,1.004496
3231.841233,0.995923,0.998051
3231.842622,1.019712,1.022127
3231.844011,0.994592,0.996994
3231.845400,0.968034,0.970167
3231.846789,0.992901,0.995067
3231.848178,0.985554,0.987669
3231.849566,0.991823,0.993950
3231.850955,1.000638,1.002694
3231.852344,0.963576,0.965664
3231.853733,0.996971,0.999384
3231.855122,1.013790,1.016045
3231.856510,0.990082,0.992397
3231.857899,0.997095,0.999442
3231.859288,0.976432,0.978716
3231.860677,1.005755,1.008119
3231.862066,0.981104,0.983418
3231.863454,0.994907,0.997193
3231.864843,0.994131,0.996371
3231.866232,1.006064,1.008386
3231.867621,0.995867,0.998187
3231.869010,1.010961,1.013377
3231.870398,0.996390,0.998957
3231.871787,1.005676,1.008185
3231.873176,1.012927,1.015504
3231.874565,1.013355,1.016041
3231.875954,0.987733,0.990308
3231.877342,1.006752,1.009401
3231.878731,0.992509,0.994920
3231.880120,0.996757,0.999281
3231.881509,0.999496,1.002134
3231.882898,1.020614,1.023195
3231.884286,0.990535,0.993017
3231.885675,1.024650,1.027140
3231.887064,0.998544,1.000822
3231.888453,1.012706,1.014981
3231.889842,0.988709,0.990704
3231.891230,0.999090,1.001173
3231.892619,0.991620,0.993823
3231.894008,0.998907,1.001046
3231.895397,1.003715,1.005785
3231.896786,0.968566,0.970646
3231.898174,0.994014,0.995999
3231.899563,0.977264,0.979329
3231.900952,0.987687,0.989766
3231.902341,1.010868,1.012971
3231.903730,0.992132,0.993860
3231.905119,0.997563,0.999257
3231.906507,0.986610,0.988217
3231.907896,1.018059,1.019808
3231.909285,0.981765,0.983618
3231.910674,0.983759,0.985669
3231.912063,0.984496,0.986411
3231.913451,0.988208,0.990131
3231.914840,0.994329,0.995936
3231.916229,1.021050,1.022490
3231.917618,1.022331,1.023689
3231.919007,0.997804,0.999165
3231.920395,0.998459,0.999891
3231.921784,0.973830,0.975424
3231.923173,0.991549,0.992858
3231.924562,1.010949,1.012336
3231.925951,1.000711,1.001960
3231.927339,1.013266,1.014294
3231.928728,0.966613,0.967525
3231.930117,1.003151,1.003838
3231.931506,0.990643,0.991438
3231.932895,1.009386,1.010213
3231.934283,0.998974,0.999844
3231.935672,0.999375,0.999975
3231.937061,0.997875,0.998361
3231.938450,1.011275,1.011947
3231.939839,0.996651,0.997302
3231.941227,0.995013,0.995596
3231.942616,0.985112,0.985536
3231.944005,0.979195,0.979628
3231.945394,1.031814,1.032416
3231.946783,1.012942,1.013535
3231.948171,0.993607,0.994254
3231.949560,0.990617,0.991449
3231.950949,0.998212,0.999121
3231.952338,1.029524,1.030401
3231.953727,1.018583,1.019451
3231.955116,1.002471,1.003218
3231.956504,1.003896,1.004670
3231.957893,1.008846,1.009637
3231.959282,0.978304,0.979183
3231.960671,0.981283,0.981987
3231.962060,0.998021,0.998982
3231.963448,1.003764,1.004530
3231.964837,1.011346,1.012176
3231.966226,0.991122,0.991957
3231.967615,0.998187,0.999163
3231.969004,1.005089,1.005958
3231.970392,1.007232,1.008101
3231.971781,1.003287,1.004148
3231.973170,0.982439,0.983379
3231.974559,0.987832,0.988766
3231.975948,1.014688,1.015767
3231.977336,0.983775,0.984700
3231.978725,0.989227,0.990191
3231.980114,0.977572,0.978444
3231.981503,1.017639,1.018432
3231.982892,1.002199,1.003040
3231.984280,1.011914,1.012705
3231.985669,0.998865,0.999612
3231.987058,1.025162,1.025911
3231.988447,0.986055,0.986885
3231.989836,1.002855,1.003703
3231.991224,1.011207,1.012196
3231.992613,0.998619,0.999523
3231.994002,1.006795,1.007813
3231.995391,1.010178,1.011297
3231.996780,0.986200,0.987269
3231.998168,0.995393,0.996393
3231.999557,0.982771,0.983658
3232.000946,0.985317,0.985983
3232.002335,1.003610,1.004409
3232.003724,0.995639,0.996525
3232.005113,0.981157,0.981940
3232.006501,1.033321,1.034224
3232.007890,0.980416,0.981343
3232.009279,1.009603,1.010606
3232.010668,1.006242,1.007096
3232.012057,0.984094,0.984967
3232.013445,1.003391,1.004350
3232.014834,0.987832,0.988915
3232.016223,1.000713,1.001743
3232.017612,0.984380,0.985367
3232.019001,1.020439,1.021566
3232.020389,1.007617,1.008926
3232.021778,0.980401,0.981649
3232.023167,1.029613,1.030734
3232.024556,0.995216,0.996381
3232.025945,0.997482,0.998731
3232.027333,1.007014,1.008631
3232.028722,1.010632,1.012211
3232.030111,0.971288,0.973048
3232.031500,1.008851,1.010632
3232.032889,1.000288,1.002103
3232.034277,1.003658,1.005368
3232.035666,1.008916,1.010743
3232.037055,1.020682,1.022325
3232.038444,0.984333,0.985991
3232.039833,1.012318,1.013927
3232.041221,1.023497,1.024986
3232.042610,0.987992,0.989300
3232.043999,1.003831,1.005122
3232.045388,0.999641,1.000742
3232.046777,1.005683,1.006907
3232.048165,1.016020,1.017301
3232.049554,0.986524,0.987763
3232.050943,0.988971,0.990058
3232.052332,1.001393,1.002565
3232.053721,0.995948,0.996898
3232.055110,0.979916,0.980758
3232.056498,0.985798,0.986494
3232.057887,0.998993,0.999681
3232.059276,1.012387,1.013069
3232.060665,0.991973,0.992703
3232.062054,0.995555,0.996231
3232.063442,1.019511,1.020078
3232.064831,0.989257,0.989975
3232.066220,1.004709,1.005389
3232.067609,1.029841,1.030760
3232.068998,0.997560,0.998508
3232.070386,0.976966,0.977833
3232.071775,0.978159,0.978990
3232.073164,0.989459,0.990242
3232.074553,0.988458,0.989250
3232.075942,1.011088,1.011877
3232.077330,1.001376,1.002441
3232.078719,1.001595,1.002723
3232.080108,1.000399,1.001530
3232.081497,0.969156,0.970342
3232.082886,0.982868,0.984132
3232.084274,0.995854,0.996837
3232.085663,0.996537,0.997230
3232.087052,0.993931,0.994515
3232.088441,1.013001,1.013598
3232.089830,0.973756,0.974383
3232.091218,0.992637,0.993254
3232.092607,0.978725,0.979139
3232.093996,0.988770,0.988989
3232.095385,0.989178,0.989346
3232.096774,0.977232,0.977653
3232.098162,1.008547,1.008893
3232.099551,1.006677,1.007028
3232.100940,0.991545,0.991775
3232.102329,0.993649,0.993786
3232.103718,0.995647,0.995822
3232.105106,1.020755,1.020682
3232.106495,0.986133,0.986003
3232.107884,1.007443,1.007415
3232.109273,0.998499,0.998527
3232.110662,0.994168,0.994455
3232.112051,1.014925,1.015345
3232.113439,1.002799,1.002755
3232.114828,0.998877,0.998759
3232.116217,1.009771,1.009663
3232.117606,1.017669,1.017563
3232.118995,0.982408,0.982254
3232.120383,1.013283,1.012944
3232.121772,0.993199,0.992774
3232.123161,0.998429,0.997854
3232.124550,0.985305,0.984531
3232.125939,1.013593,1.012833
3232.127327,0.983216,0.982520
3232.128716,1.013215,1.012619
3232.130105,0.986032,0.985526
3232.131494,1.004733,1.004227
3232.132883,1.002334,1.001693
3232.134271,1.007564,1.006921
3232.135660,0.972571,0.971833
3232.137049,1.015250,1.014312
3232.138438,1.003986,1.003037
3232.139827,1.005844,1.004814
3232.141215,0.992020,0.991157
3232.142604,1.042619,1.041674
3232.143993,1.015333,1.014377
3232.145382,1.009850,1.008703
3232.146771,0.999538,0.998280
3232.148159,0.995903,0.994736
3232.149548,0.977209,0.976040
3232.150937,0.996133,0.994981
3232.152326,1.009356,1.008298
3232.153715,0.989441,0.988302
3232.155103,0.997411,0.996295
3232.156492,1.009221,1.007983
3232.157881,1.006030,1.004791
3232.159270,1.008058,1.006676
3232.160659,1.002291,1.000916
3232.162048,1.022086,1.020692
3232.163436,1.016448,1.014883
3232.164825,0.987624,0.986162
3232.166214,0.985948,0.984584
3232.167603,1.003419,1.002044
3232.168992,0.971971,0.970618
3232.170380,0.999663,0.998273
3232.171769,1.004215,1.002805
3232.173158,1.005660,1.004195
3232.174547,1.023646,1.022374
3232.175936,1.019143,1.017768
3232.177324,1.009780,1.008481
3232.178713,1.003388,1.002037
3232.180102,1.008193,1.006866
3232.181491,0.985756,0.984395
3232.182880,1.021635,1.020221
3232.184268,0.980581,0.979188
3232.185657,0.992333,0.990966
3232.187046,1.022118,1.020703
3232.188435,0.999723,0.998302
3232.189824,0.996667,0.995180
3232.191212,0.988509,0.987203
3232.192601,1.007201,1.005659
3232.193990,1.014650,1.013257
3232.195379,1.038006,1.036467
3232.196768,1.004332,1.002794
3232.198156,1.026967,1.025445
3232.199545,0.993462,0.992176
3232.200934,1.007602,1.006110
3232.202323,0.994197,0.992772
3232.203712,1.019170,1.017678
3232.205100,0.985219,0.983696
3232.206489,1.014984,1.013256
3232.207878,0.997338,0.995809
3232.209267,0.998644,0.996936
3232.210656,1.000169,0.998255
3232.212044,0.989330,0.987433
3232.213433,0.984141,0.982251
3232.214822,1.018112,1.016146
3232.216211,1.011306,1.009199
3232.217600,1.006486,1.004364
3232.218989,1.003974,1.001931
3232.220377,1.011163,1.009165
3232.221766,0.999465,0.997497
3232.223155,0.993255,0.991225
3232.224544,0.998403,0.996465
3232.225933,0.995908,0.994115
3232.227321,1.006576,1.004871
3232.228710,1.011694,1.010001
3232.230099,0.999973,0.998168
3232.231488,0.994158,0.992370
3232.232877,1.005257,1.003182
3232.234265,0.994990,0.992873
3232.235654,1.020530,1.018248
3232.237043,1.005425,1.002939
3232.238432,1.009442,1.007039
3232.239821,0.994700,0.992475
3232.241209,0.996696,0.994846
3232.242598,0.996190,0.994504
3232.243987,1.023181,1.021496
3232.245376,1.036863,1.034978
3232.246765,1.003461,1.001696
3232.248153,0.994423,0.992636
3232.249542,1.011557,1.009981
3232.250931,1.013003,1.011676
3232.252320,0.981860,0.980779
3232.253709,0.984605,0.983640
3232.255097,0.989294,0.988309
3232.256486,1.007482,1.006484
3232.257875,0.990628,0.989621
3232.259264,0.994905,0.994085
3232.260653,0.985630,0.984964
3232.262041,0.974551,0.974040
3232.263430,1.010915,1.010595
3232.264819,1.014437,1.014183
3232.266208,0.994710,0.994640
3232.267597,0.996694,0.996591
3232.268986,0.995869,0.995769
3232.270374,0.988729,0.988648
3232.271763,1.010346,1.010214
3232.273152,0.962290,0.962340
3232.274541,1.005324,1.005089
3232.275930,1.017698,1.017552
3232.277318,1.008660,1.008657
3232.278707,1.031955,1.032023
3232.280096,1.004451,1.004575
3232.281485,0.962845,0.962910
3232.282874,1.005857,1.005829
3232.284262,1.000552,1.000553
3232.285651,0.995748,0.995656
3232.287040,0.993795,0.993547
3232.288429,1.005703,1.005567
3232.289818,1.009592,1.009312
3232.291206,0.985044,0.984790
3232.292595,0.975895,0.975669
3232.293984,1.020292,1.020051
3232.295373,0.990825,0.990455
3232.296762,1.005553,1.005304
3232.298150,1.015073,1.014620
3232.299539,1.010602,1.010360
3232.300928,0.995355,0.995021
3232.302317,0.996945,0.996537
3232.303706,0.983991,0.983516
3232.305094,0.982842,0.982663
3232.306483,1.008456,1.008225
3232.307872,0.995408,0.995168
3232.309261,1.011918,1.011539
3232.310650,0.979984,0.979653
3232.312038,0.986714,0.986290
3232.313427,0.966218,0.965820
3232.314816,1.004192,1.003736
3232.316205,0.973616,0.973080
3232.317594,1.023769,1.023410
3232.318983,1.020800,1.020428
3232.320371,0.996909,0.996523
3232.321760,1.006210,1.005816
3232.323149,1.010673,1.010397
3232.324538,0.988289,0.988053
3232.325927,0.982583,0.982433
3232.327315,1.013542,1.013418
3232.328704,1.002939,1.002947
3232.330093,0.981329,0.981230
3232.331482,1.022993,1.022812
3232.332871,1.005649,1.005396
3232.334259,1.001127,1.001008
3232.335648,0.981942,0.981785
3232.337037,0.986939,0.987101
3232.338426,1.002493,1.002787
3232.339815,0.987796,0.987900
3232.341203,1.016134,1.016364
3232.342592,1.017440,1.017558
3232.343981,0.992406,0.992419
3232.345370,1.001464,1.001517
3232.346759,1.013232,1.013256
3232.348147,0.975505,0.975524
3232.349536,1.003791,1.003891
3232.350925,0.982319,0.982294
3232.352314,1.007836,1.007994
3232.353703,0.982912,0.983067
3232.355091,1.013890,1.013962
3232.356480,0.996705,0.996798
3232.357869,1.008224,1.008463
3232.359258,0.996491,0.996847
3232.360647,1.022171,1.022637
3232.362035,0.981116,0.981541
3232.363424,1.000189,1.000378
3232.364813,1.020534,1.020652
3232.366202,1.003496,1.003515
3232.367591,0.980142,0.980182
3232.368980,1.009035,1.009178
3232.370368,1.000276,1.000273
3232.371757,0.997386,0.997299
3232.373146,0.997539,0.997482
3232.374535,1.014313,1.014159
3232.375924,0.986248,0.985994
3232.377312,0.993476,0.993243
3232.378701,0.990086,0.989842
3232.380090,1.005896,1.005886
3232.381479,1.000583,1.000706
3232.382868,0.983692,0.983702
3232.384256,1.015049,1.014773
3232.385645,1.001582,1.001245
3232.387034,1.001401,1.000874
3232.388423,1.005413,1.004790
3232.389812,0.986626,0.985851
3232.391200,0.998433,0.997766
3232.392589,1.009971,1.009295
3232.393978,1.017798,1.017064
3232.395367,1.018188,1.017420
3232.396756,0.973288,0.972361
3232.398144,0.998329,0.997298
3232.399533,0.978127,0.977090
3232.400922,0.979727,0.978700
3232.402311,0.987333,0.986403
3232.403700,0.992102,0.991040
3232.405088,1.013444,1.012254
3232.406477,1.000978,0.999682
3232.407866,1.040441,1.038916
3232.409255,1.017202,1.015765
3232.410644,0.996913,0.995431
3232.412032,0.984096,0.982408
3232.413421,1.012001,1.010086
3232.414810,0.996523,0.994668
3232.416199,1.040877,1.039053
3232.417588,1.011306,1.009411
3232.418976,1.018538,1.016476
3232.420365,1.017588,1.015616
3232.421754,0.996339,0.994471
3232.423143,0.996600,0.994823
3232.424532,1.010945,1.009015
3232.425921,1.006989,1.004916
3232.427309,1.018455,1.016443
3232.428698,1.004797,1.002793
3232.430087,1.023793,1.021820
3232.431476,1.001330,0.999253
3232.432865,1.007234,1.004948
3232.434253,1.004027,1.001677
3232.435642,1.008472,1.006157
3232.437031,0.995579,0.993368
3232.438420,0.986266,0.984117
3232.439809,1.025206,1.022846
3232.441197,0.975472,0.973284
3232.442586,1.000717,0.998570
3232.443975,1.030534,1.028247
3232.445364,1.010867,1.008580
3232.446753,1.004747,1.002289
3232.448141,1.007821,1.005313
3232.449530,0.989286,0.987049
3232.450919,1.005298,1.002898
3232.452308,0.996679,0.994296
3232.453697,0.994410,0.992086
3232.455085,1.002856,1.000482
3232.456474,0.992031,0.989723
3232.457863,0.997724,0.995205
3232.459252,1.003812,1.001415
3232.460641,0.985244,0.982964
3232.462029,0.991265,0.988830
3232.463418,1.003171,1.000664
3232.464807,0.980321,0.977765
3232.466196,1.018124,1.015331
3232.467585,0.988199,0.985513
3232.468973,0.988775,0.985910
3232.470362,0.993756,0.990901
3232.471751,1.018791,1.016005
3232.473140,1.005754,1.003128
3232.474529,1.000553,0.997814
3232.475918,0.982574,0.979822
3232.477306,0.995444,0.992525
3232.478695,0.997995,0.995163
3232.480084,1.010907,1.008050
3232.481473,0.991065,0.988310
3232.482862,0.977843,0.975277
3232.484250,1.005586,1.003178
3232.485639,0.989779,0.987290
3232.487028,1.001092,0.998306
3232.488417,0.983936,0.981064
3232.489806,1.010975,1.008133
3232.491194,1.009912,1.007129
3232.492583,1.015755,1.013019
3232.493972,1.009597,1.007001
3232.495361,1.020526,1.017822
3232.496750,1.002808,1.000063
3232.498138,1.003168,1.000416
3232.499527,0.974350,0.971472
3232.500916,1.004829,1.001647
3232.502305,0.993911,0.990683
3232.503694,1.020885,1.017596
3232.505082,1.017461,1.014291
3232.506471,0.970728,0.967567
3232.507860,1.021706,1.018401
3232.509249,1.003848,1.000328
3232.510638,1.001243,0.997708
3232.512026,1.015607,1.011972
3232.513415,0.998549,0.994996
3232.514804,1.007720,1.004159
3232.516193,0.998773,0.995160
3232.517582,1.001605,0.997907
3232.518970,1.010329,1.006571
3232.520359,0.992298,0.988430
3232.521748,1.008202,1.004281
3232.523137,1.003690,0.999661
3232.524526,1.020708,1.016516
3232.525915,1.009024,1.004769
3232.527303,1.024739,1.020342
3232.528692,1.013654,1.009046
3232.530081,1.002892,0.998449
3232.531470,0.997520,0.993056
3232.532859,1.017244,1.012539
3232.534247,1.003420,0.998812
3232.535636,1.030802,1.026218
3232.537025,0.978124,0.973533
3232.538414,1.012899,1.008081
3232.539803,0.997395,0.992595
3232.541191,1.007270,1.002222
3232.542580,0.987712,0.982605
3232.543969,1.009592,1.004433
3232.545358,1.005656,1.000376
3232.546747,1.035163,1.029693
3232.548135,1.013659,1.008346
3232.549524,1.008726,1.003554
3232.550913,0.974612,0.969667
3232.552302,1.004698,0.999553
3232.553691,0.981932,0.976813
3232.555079,1.004398,0.999053
3232.556468,0.954383,0.949283
3232.557857,0.980785,0.975523
3232.559246,1.020088,1.014658
3232.560635,1.006423,1.000989
3232.562023,0.995577,0.990004
3232.563412,1.009180,1.003264
3232.564801,0.988180,0.982355
3232.566190,0.994950,0.989189
3232.567579,0.997468,0.991649
3232.568967,1.014774,1.009027
3232.570356,0.955706,0.950309
3232.571745,1.020634,1.014888
3232.573134,1.008969,1.003321
3232.574523,0.998543,0.992883
3232.575912,1.000004,0.994322
3232.577300,0.976425,0.970771
3232.578689,1.014153,1.007973
3232.580078,0.993225,0.987148
3232.581467,0.995260,0.989116
3232.582856,1.018765,1.012553
3232.584244,1.020159,1.013767
3232.585633,1.024813,1.018293
3232.587022,1.005479,0.998902
3232.588411,1.002567,0.995994
3232.589800,1.009843,1.003027
3232.591188,1.008223,1.001347
3232.592577,1.017529,1.010486
3232.593966,1.000878,0.993935
3232.595355,0.979496,0.972647
3232.596744,1.020922,1.013679
3232.598132,0.994989,0.987749
3232.599521,0.996608,0.989249
3232.600910,0.997990,0.990368
3232.602299,0.993758,0.986072
3232.603688,0.994035,0.986237
3232.605076,1.014678,1.006730
3232.606465,1.018808,1.010865
3232.607854,1.006651,0.998891
3232.609243,1.001446,0.993916
3232.610632,0.981938,0.974342
3232.612020,1.030541,1.022782
3232.613409,1.016482,1.008838
3232.614798,1.013349,1.005478
3232.616187,1.015410,1.007499
3232.617576,1.011807,1.003917
3232.618964,1.013464,1.005699
3232.620353,0.998902,0.991188
3232.621742,1.013270,1.005560
3232.623131,1.018405,1.010684
3232.624520,1.002850,0.995169
3232.625909,1.026766,1.018903
3232.627297,0.992424,0.985060
3232.628686,1.022026,1.014460
3232.630075,1.002152,0.994782
3232.631464,1.011605,1.004239
3232.632853,0.998590,0.991390
3232.634241,1.002421,0.995208
3232.635630,1.007809,1.000617
3232.637019,1.030398,1.023062
3232.638408,0.982492,0.975609
3232.639797,1.016391,1.009471
3232.641185,1.022393,1.015469
3232.642574,1.018354,1.011232
3232.643963,1.003904,0.996891
3232.645352,1.000976,0.993903
3232.646741,1.006253,0.999243
3232.648129,1.011089,1.004164
3232.649518,1.003566,0.996818
3232.650907,0.987428,0.980763
3232.652296,1.042963,1.035924
3232.653685,1.024536,1.017702
3232.655073,1.019055,1.012322
3232.656462,0.993000,0.986622
3232.657851,0.990194,0.983926
3232.659240,1.039099,1.032697
3232.660629,1.036842,1.030488
3232.662017,1.016405,1.010172
3232.663406,1.020278,1.013903
3232.664795,1.019173,1.012909
3232.666184,1.007593,1.001311
3232.667573,0.998813,0.992641
3232.668961,1.007109,1.000944
3232.670350,0.989613,0.983777
3232.671739,1.006033,1.000217
3232.673128,1.003920,0.998204
3232.674517,1.021131,1.015148
3232.675906,0.996852,0.990909
3232.677294,1.007846,1.002083
3232.678683,0.988448,0.982696
3232.680072,1.030454,1.024474
3232.681461,1.001858,0.996120
3232.682850,1.022371,1.016331
3232.684238,1.035929,1.029804
3232.685627,0.980430,0.974730
3232.687016,1.009116,1.003191
3232.688405,0.994591,0.988757
3232.689794,0.994900,0.989084
3232.691182,0.999731,0.993977
3232.692571,1.008658,1.002726
3232.693960,0.996720,0.990859
3232.695349,1.005078,0.999091
3232.696738,0.999260,0.993239
3232.698126,0.995391,0.989277
3232.699515,1.014193,1.007848
3232.700904,1.006973,1.000650
3232.702293,1.010782,1.004541
3232.703682,1.024172,1.017786
3232.705070,1.019092,1.012662
3232.706459,0.984049,0.977829
3232.707848,1.004654,0.998438
3232.709237,1.002654,0.996420
3232.710626,0.978747,0.972709
3232.712014,1.001182,0.995100
3232.713403,1.008835,1.002733
3232.714792,0.982400,0.976573
3232.716181,0.994985,0.989152
3232.717570,1.023354,1.017249
3232.718958,1.030230,1.024024
3232.720347,1.003784,0.997832
3232.721736,1.018549,1.012711
3232.723125,0.998207,0.992584
3232.724514,0.994872,0.989496
3232.725903,1.009316,1.003895
3232.727291,1.003927,0.998645
3232.728680,0.995983,0.990887
3232.730069,0.987099,0.982120
3232.731458,0.983668,0.978799
3232.732847,1.022302,1.017280
3232.734235,0.999419,0.994663
3232.735624,0.999524,0.995011
3232.737013,1.013315,1.008866
3232.738402,0.991678,0.987241
3232.739791,0.997418,0.992874
3232.741179,0.984702,0.980254
3232.742568,1.014617,1.010097
3232.743957,0.986789,0.982449
3232.745346,0.994629,0.990501
3232.746735,1.017771,1.013656
3232.748123,0.992523,0.988804
3232.749512,1.000238,0.996712
3232.750901,0.987823,0.984187
3232.752290,0.982839,0.979155
3232.753679,1.014305,1.010371
3232.755067,1.012596,1.008807
3232.756456,0.991071,0.987395
3232.757845,1.010633,1.006837
3232.759234,0.983952,0.980317
3232.760623,0.997618,0.993994
3232.762011,1.005003,1.001415
3232.763400,0.993631,0.990146
3232.764789,0.992002,0.988585
3232.766178,0.989868,0.986522
3232.767567,0.985174,0.981906
3232.768955,0.987569,0.984358
3232.770344,0.990881,0.987724
3232.771733,1.007489,1.004344
3232.773122,1.016168,1.013062
3232.774511,1.012196,1.009170
3232.775900,1.019478,1.016498
3232.777288,0.992161,0.989327
3232.778677,1.011301,1.008481
3232.780066,1.003714,1.000983
3232.781455,0.992080,0.989448
3232.782844,1.009260,1.006653
3232.784232,1.006355,1.003824
3232.785621,1.033416,1.030889
3232.787010,0.982724,0.980390
3232.788399,1.026972,1.024605
3232.789788,1.004534,1.002289
3232.791176,0.984434,0.982305
3232.792565,1.004918,1.002816
3232.793954,1.033316,1.031230
3232.795343,1.003107,1.001154
3232.796732,1.014360,1.012458
3232.798120,0.999410,0.997610
3232.799509,1.004557,1.002822
3232.800898,1.006649,1.004985
3232.802287,0.990627,0.989063
3232.803676,1.021102,1.019566
3232.805064,1.007521,1.006082
3232.806453,1.021222,1.019841
3232.807842,0.999799,0.998523
3232.809231,0.982322,0.981144
3232.810620,1.006560,1.005430
3232.812008,0.986508,0.985477
3232.813397,0.996680,0.995716
3232.814786,1.011871,1.010972
3232.816175,1.015732,1.014909
3232.817564,1.004291,1.003557
3232.818953,0.988309,0.987665
3232.820341,0.986181,0.985617
3232.821730,1.010582,1.010085
3232.823119,1.014381,1.013965
3232.824508,1.010721,1.010388
3232.825897,1.005717,1.005468
3232.827285,1.010394,1.010226
3232.828674,1.003556,1.003473
3232.830063,0.991282,0.991282
3232.831452,1.020985,1.021070
3232.832841,1.001609,1.001777
3232.834229,1.007255,1.007508
3232.835618,1.008431,1.008770
3232.837007,1.005851,1.006275
3232.838396,1.018561,1.019077
3232.839785,1.002946,1.003540
3232.841173,0.988430,0.989101
3232.842562,0.995387,0.996149
3232.843951,1.004107,1.004963
3232.845340,0.998661,0.999600
3232.846729,0.999865,1.000894
3232.848117,1.006774,1.007899
3232.849506,0.979143,0.980324
3232.850895,0.989895,0.991178
3232.852284,1.015773,1.017180
3232.853673,0.981106,0.982553
3232.855061,0.993319,0.994874
3232.856450,1.004137,1.005800
3232.857839,0.997169,0.998913
3232.859228,0.977234,0.979032
3232.860617,0.992316,0.994233
3232.862005,0.996688,0.998706
3232.863394,0.986255,0.988344
3232.864783,0.994076,0.996275
3232.866172,0.983406,0.985674
3232.867561,0.986716,0.989084
3232.868950,1.001678,1.004178
3232.870338,0.994282,0.996858
3232.871727,0.977832,0.980459
3232.873116,1.015732,1.018559
3232.874505,0.986598,0.989439
3232.875894,0.993757,0.996715
3232.877282,0.990645,0.993690
3232.878671,1.007450,1.010645
3232.880060,0.976423,0.979616
3232.881449,1.012336,1.015746
3232.882838,1.001011,1.004482
3232.884226,1.003033,1.006611
3232.885615,0.989408,0.993037
3232.887004,1.009461,1.013265
3232.888393,0.991445,0.995280
3232.889782,1.004721,1.008710
3232.891170,1.002803,1.006886
3232.892559,0.992599,0.996743
3232.893948,0.980241,0.984433
3232.895337,1.025275,1.029766
3232.896726,1.000446,1.004932
3232.898114,0.992896,0.997451
3232.899503,0.996632,1.001308
3232.900892,0.994226,0.998995
3232.902281,1.014992,1.019968
3232.903670,0.998062,1.003060
3232.905058,0.981052,0.986069
3232.906447,0.987148,0.992301
3232.907836,0.994892,1.000192
3232.909225,0.987866,0.993235
3232.910614,0.987597,0.993072
3232.912003,0.993859,0.999475
3232.913391,1.008406,1.014215
3232.914780,1.018316,1.024293
3232.916169,1.008433,1.014462
3232.917558,0.970670,0.976581
3232.918947,0.985657,0.991767
3232.920335,0.980313,0.986499
3232.921724,1.004200,1.010649
3232.923113,0.984111,0.990541
3232.924502,0.977750,0.984248
